ISO-10303-21;
HEADER;
/* Generated by software containing ST-Developer
 * from STEP Tools, Inc. (www.steptools.com) 
 */

FILE_DESCRIPTION(
/* description */ (''),
/* implementation_level */ '2;1');

FILE_NAME(
/* name */ 'MO Arms v12.step',
/* time_stamp */ '2026-08-30T11:49:53+03:00',
/* author */ (''),
/* organization */ (''),
/* preprocessor_version */ 'ST-DEVELOPER v20.1',
/* originating_system */ 'Autodesk Translation Framework v15.8.0.0',
/* authorisation */ '');

FILE_SCHEMA (('AUTOMOTIVE_DESIGN { 1 0 10303 214 3 1 1 }'));
ENDSEC;

DATA;
#10=MECHANICAL_DESIGN_GEOMETRIC_PRESENTATION_REPRESENTATION('',(#795,#796,
#797,#798,#799,#800,#801,#802,#803,#804,#805,#806,#807,#808,#809,#810,#811,
#812,#813,#814,#815,#816,#817,#818,#819,#820,#821,#822,#823,#824,#825,#826,
#827),#3660);
#11=SHAPE_REPRESENTATION_RELATIONSHIP('SRR','None',#3670,#12);
#12=ADVANCED_BREP_SHAPE_REPRESENTATION('',(#13,#14),#3659);
#13=MANIFOLD_SOLID_BREP('Body1',#883);
#14=MANIFOLD_SOLID_BREP('Body2',#884);
#15=FACE_BOUND('',#195,.T.);
#16=FACE_BOUND('',#221,.T.);
#17=CIRCLE('',#909,0.18);
#18=CIRCLE('',#959,0.18);
#19=B_SPLINE_CURVE_WITH_KNOTS('',3,(#1329,#1330,#1331,#1332,#1333,#1334,
#1335,#1336,#1337,#1338),.UNSPECIFIED.,.F.,.F.,(4,3,3,4),(-2.80041733719166,
-2.62124111889463,-2.34395559057348,-2.14696677698249),.UNSPECIFIED.);
#20=B_SPLINE_CURVE_WITH_KNOTS('',3,(#2029,#2030,#2031,#2032,#2033,#2034,
#2035,#2036,#2037,#2038),.UNSPECIFIED.,.F.,.F.,(4,3,3,4),(-0.736159307593859,
-0.485418498911098,-0.256988582625985,0.),.UNSPECIFIED.);
#21=B_SPLINE_CURVE_WITH_KNOTS('',3,(#2062,#2063,#2064,#2065,#2066,#2067,
#2068,#2069,#2070,#2071),.UNSPECIFIED.,.F.,.F.,(4,3,3,4),(-0.681495463455878,
-0.438683171274813,-0.234579118015298,0.),.UNSPECIFIED.);
#22=B_SPLINE_CURVE_WITH_KNOTS('',3,(#2167,#2168,#2169,#2170,#2171,#2172,
#2173,#2174,#2175,#2176,#2177,#2178,#2179),.UNSPECIFIED.,.F.,.F.,(4,3,3,
3,4),(-3.01318656529665,-2.79431190763716,-2.5831074244964,-2.37559109209698,
-2.32904637802103),.UNSPECIFIED.);
#23=B_SPLINE_CURVE_WITH_KNOTS('',3,(#3158,#3159,#3160,#3161,#3162,#3163,
#3164,#3165,#3166,#3167),.UNSPECIFIED.,.F.,.F.,(4,3,3,4),(0.,0.255122183418198,
0.540686498603042,0.736159307593808),.UNSPECIFIED.);
#24=B_SPLINE_CURVE_WITH_KNOTS('',3,(#3252,#3253,#3254,#3255,#3256,#3257,
#3258,#3259,#3260,#3261,#3262,#3263,#3264,#3265,#3266,#3267),
 .UNSPECIFIED.,.F.,.F.,(4,3,3,3,3,4),(0.,0.148704849570885,0.297378845612631,
0.446147823579915,0.59765137118022,0.600429226771366),.UNSPECIFIED.);
#25=B_SPLINE_CURVE_WITH_KNOTS('',3,(#3296,#3297,#3298,#3299,#3300,#3301,
#3302,#3303,#3304,#3305,#3306,#3307,#3308,#3309,#3310,#3311),
 .UNSPECIFIED.,.F.,.F.,(4,3,3,3,3,4),(-0.00277786694325025,0.,0.151504166741244,
0.300273752674256,0.448948356293575,0.597653813568122),.UNSPECIFIED.);
#26=B_SPLINE_CURVE_WITH_KNOTS('',3,(#3405,#3406,#3407,#3408,#3409,#3410,
#3411,#3412,#3413,#3414,#3415,#3416,#3417),.UNSPECIFIED.,.F.,.F.,(4,3,3,
3,4),(2.32904637802089,2.51788217432541,2.77522040162317,2.9458872312732,
3.01318656529664),.UNSPECIFIED.);
#27=(
BOUNDED_SURFACE()
B_SPLINE_SURFACE(2,2,((#1246,#1247,#1248,#1249,#1250,#1251,#1252,#1253,
#1254),(#1255,#1256,#1257,#1258,#1259,#1260,#1261,#1262,#1263),(#1264,#1265,
#1266,#1267,#1268,#1269,#1270,#1271,#1272),(#1273,#1274,#1275,#1276,#1277,
#1278,#1279,#1280,#1281),(#1282,#1283,#1284,#1285,#1286,#1287,#1288,#1289,
#1290),(#1291,#1292,#1293,#1294,#1295,#1296,#1297,#1298,#1299),(#1300,#1301,
#1302,#1303,#1304,#1305,#1306,#1307,#1308),(#1309,#1310,#1311,#1312,#1313,
#1314,#1315,#1316,#1317),(#1318,#1319,#1320,#1321,#1322,#1323,#1324,#1325,
#1326)),.UNSPECIFIED.,.T.,.T.,.F.)
B_SPLINE_SURFACE_WITH_KNOTS((3,2,2,2,3),(3,2,2,2,3),(-3.14159265358979,
-1.5707963267949,0.,1.5707963267949,3.14159265358979),(0.,1.5707963267949,
3.14159265358979,4.71238898038469,6.28318530717959),.UNSPECIFIED.)
GEOMETRIC_REPRESENTATION_ITEM()
RATIONAL_B_SPLINE_SURFACE(((1.,0.707106781186548,1.,0.707106781186548,1.,
0.707106781186548,1.,0.707106781186548,1.),(0.707106781186546,0.499999999999999,
0.707106781186546,0.499999999999999,0.707106781186546,0.499999999999999,
0.707106781186546,0.499999999999999,0.707106781186546),(1.,0.707106781186548,
1.,0.707106781186548,1.,0.707106781186548,1.,0.707106781186548,1.),(0.707106781186546,
0.499999999999999,0.707106781186546,0.499999999999999,0.707106781186546,
0.499999999999999,0.707106781186546,0.499999999999999,0.707106781186546),
(1.,0.707106781186548,1.,0.707106781186548,1.,0.707106781186548,1.,0.707106781186548,
1.),(0.707106781186547,0.5,0.707106781186547,0.5,0.707106781186547,0.5,
0.707106781186547,0.5,0.707106781186547),(1.,0.707106781186548,1.,0.707106781186548,
1.,0.707106781186548,1.,0.707106781186548,1.),(0.707106781186547,0.5,0.707106781186547,
0.5,0.707106781186547,0.5,0.707106781186547,0.5,0.707106781186547),(1.,
0.707106781186548,1.,0.707106781186548,1.,0.707106781186548,1.,0.707106781186548,
1.)))
REPRESENTATION_ITEM('')
SURFACE()
);
#28=(
BOUNDED_SURFACE()
B_SPLINE_SURFACE(2,2,((#1344,#1345,#1346,#1347,#1348,#1349,#1350,#1351,
#1352),(#1353,#1354,#1355,#1356,#1357,#1358,#1359,#1360,#1361),(#1362,#1363,
#1364,#1365,#1366,#1367,#1368,#1369,#1370),(#1371,#1372,#1373,#1374,#1375,
#1376,#1377,#1378,#1379),(#1380,#1381,#1382,#1383,#1384,#1385,#1386,#1387,
#1388),(#1389,#1390,#1391,#1392,#1393,#1394,#1395,#1396,#1397),(#1398,#1399,
#1400,#1401,#1402,#1403,#1404,#1405,#1406),(#1407,#1408,#1409,#1410,#1411,
#1412,#1413,#1414,#1415),(#1416,#1417,#1418,#1419,#1420,#1421,#1422,#1423,
#1424)),.UNSPECIFIED.,.T.,.T.,.F.)
B_SPLINE_SURFACE_WITH_KNOTS((3,2,2,2,3),(3,2,2,2,3),(-3.14159265358979,
-1.5707963267949,0.,1.5707963267949,3.14159265358979),(0.,1.5707963267949,
3.14159265358979,4.71238898038469,6.28318530717959),.UNSPECIFIED.)
GEOMETRIC_REPRESENTATION_ITEM()
RATIONAL_B_SPLINE_SURFACE(((1.,0.707106781186548,1.,0.707106781186548,1.,
0.707106781186548,1.,0.707106781186548,1.),(0.707106781186543,0.499999999999997,
0.707106781186543,0.499999999999997,0.707106781186543,0.499999999999997,
0.707106781186543,0.499999999999997,0.707106781186543),(1.,0.707106781186548,
1.,0.707106781186548,1.,0.707106781186548,1.,0.707106781186548,1.),(0.707106781186543,
0.499999999999997,0.707106781186543,0.499999999999997,0.707106781186543,
0.499999999999997,0.707106781186543,0.499999999999997,0.707106781186543),
(1.,0.707106781186548,1.,0.707106781186548,1.,0.707106781186548,1.,0.707106781186548,
1.),(0.707106781186543,0.499999999999997,0.707106781186543,0.499999999999997,
0.707106781186543,0.499999999999997,0.707106781186543,0.499999999999997,
0.707106781186543),(1.,0.707106781186548,1.,0.707106781186548,1.,0.707106781186548,
1.,0.707106781186548,1.),(0.707106781186542,0.499999999999996,0.707106781186542,
0.499999999999996,0.707106781186542,0.499999999999996,0.707106781186542,
0.499999999999996,0.707106781186542),(1.,0.707106781186548,1.,0.707106781186548,
1.,0.707106781186548,1.,0.707106781186548,1.)))
REPRESENTATION_ITEM('')
SURFACE()
);
#29=(
BOUNDED_SURFACE()
B_SPLINE_SURFACE(2,2,((#1430,#1431,#1432,#1433,#1434,#1435,#1436,#1437,
#1438),(#1439,#1440,#1441,#1442,#1443,#1444,#1445,#1446,#1447),(#1448,#1449,
#1450,#1451,#1452,#1453,#1454,#1455,#1456),(#1457,#1458,#1459,#1460,#1461,
#1462,#1463,#1464,#1465),(#1466,#1467,#1468,#1469,#1470,#1471,#1472,#1473,
#1474),(#1475,#1476,#1477,#1478,#1479,#1480,#1481,#1482,#1483),(#1484,#1485,
#1486,#1487,#1488,#1489,#1490,#1491,#1492),(#1493,#1494,#1495,#1496,#1497,
#1498,#1499,#1500,#1501),(#1502,#1503,#1504,#1505,#1506,#1507,#1508,#1509,
#1510)),.UNSPECIFIED.,.T.,.T.,.F.)
B_SPLINE_SURFACE_WITH_KNOTS((3,2,2,2,3),(3,2,2,2,3),(-3.14159265358979,
-1.5707963267949,0.,1.5707963267949,3.14159265358979),(0.,1.5707963267949,
3.14159265358979,4.71238898038469,6.28318530717959),.UNSPECIFIED.)
GEOMETRIC_REPRESENTATION_ITEM()
RATIONAL_B_SPLINE_SURFACE(((1.,0.707106781186548,1.,0.707106781186548,1.,
0.707106781186548,1.,0.707106781186548,1.),(0.707106781186548,0.5,0.707106781186548,
0.5,0.707106781186548,0.5,0.707106781186548,0.5,0.707106781186548),(1.,
0.707106781186548,1.,0.707106781186548,1.,0.707106781186548,1.,0.707106781186548,
1.),(0.707106781186549,0.500000000000001,0.707106781186549,0.500000000000001,
0.707106781186549,0.500000000000001,0.707106781186549,0.500000000000001,
0.707106781186549),(1.,0.707106781186548,1.,0.707106781186548,1.,0.707106781186548,
1.,0.707106781186548,1.),(0.707106781186548,0.500000000000001,0.707106781186548,
0.500000000000001,0.707106781186548,0.500000000000001,0.707106781186548,
0.500000000000001,0.707106781186548),(1.,0.707106781186548,1.,0.707106781186548,
1.,0.707106781186548,1.,0.707106781186548,1.),(0.707106781186548,0.5,0.707106781186548,
0.5,0.707106781186548,0.5,0.707106781186548,0.5,0.707106781186548),(1.,
0.707106781186548,1.,0.707106781186548,1.,0.707106781186548,1.,0.707106781186548,
1.)))
REPRESENTATION_ITEM('')
SURFACE()
);
#30=(
BOUNDED_SURFACE()
B_SPLINE_SURFACE(2,2,((#1516,#1517,#1518,#1519,#1520,#1521,#1522,#1523,
#1524),(#1525,#1526,#1527,#1528,#1529,#1530,#1531,#1532,#1533),(#1534,#1535,
#1536,#1537,#1538,#1539,#1540,#1541,#1542),(#1543,#1544,#1545,#1546,#1547,
#1548,#1549,#1550,#1551),(#1552,#1553,#1554,#1555,#1556,#1557,#1558,#1559,
#1560),(#1561,#1562,#1563,#1564,#1565,#1566,#1567,#1568,#1569),(#1570,#1571,
#1572,#1573,#1574,#1575,#1576,#1577,#1578),(#1579,#1580,#1581,#1582,#1583,
#1584,#1585,#1586,#1587),(#1588,#1589,#1590,#1591,#1592,#1593,#1594,#1595,
#1596)),.UNSPECIFIED.,.T.,.T.,.F.)
B_SPLINE_SURFACE_WITH_KNOTS((3,2,2,2,3),(3,2,2,2,3),(-3.14159265358979,
-1.5707963267949,0.,1.5707963267949,3.14159265358979),(0.,1.5707963267949,
3.14159265358979,4.71238898038469,6.28318530717959),.UNSPECIFIED.)
GEOMETRIC_REPRESENTATION_ITEM()
RATIONAL_B_SPLINE_SURFACE(((1.,0.707106781186548,1.,0.707106781186548,1.,
0.707106781186548,1.,0.707106781186548,1.),(0.707106781186547,0.5,0.707106781186547,
0.5,0.707106781186547,0.5,0.707106781186547,0.5,0.707106781186547),(1.,
0.707106781186548,1.,0.707106781186548,1.,0.707106781186548,1.,0.707106781186548,
1.),(0.707106781186547,0.5,0.707106781186547,0.5,0.707106781186547,0.5,
0.707106781186547,0.5,0.707106781186547),(1.,0.707106781186548,1.,0.707106781186548,
1.,0.707106781186548,1.,0.707106781186548,1.),(0.707106781186546,0.499999999999999,
0.707106781186546,0.499999999999999,0.707106781186546,0.499999999999999,
0.707106781186546,0.499999999999999,0.707106781186546),(1.,0.707106781186548,
1.,0.707106781186548,1.,0.707106781186548,1.,0.707106781186548,1.),(0.707106781186546,
0.499999999999999,0.707106781186546,0.499999999999999,0.707106781186546,
0.499999999999999,0.707106781186546,0.499999999999999,0.707106781186546),
(1.,0.707106781186548,1.,0.707106781186548,1.,0.707106781186548,1.,0.707106781186548,
1.)))
REPRESENTATION_ITEM('')
SURFACE()
);
#31=(
BOUNDED_SURFACE()
B_SPLINE_SURFACE(2,2,((#1602,#1603,#1604,#1605,#1606,#1607,#1608,#1609,
#1610),(#1611,#1612,#1613,#1614,#1615,#1616,#1617,#1618,#1619),(#1620,#1621,
#1622,#1623,#1624,#1625,#1626,#1627,#1628),(#1629,#1630,#1631,#1632,#1633,
#1634,#1635,#1636,#1637),(#1638,#1639,#1640,#1641,#1642,#1643,#1644,#1645,
#1646),(#1647,#1648,#1649,#1650,#1651,#1652,#1653,#1654,#1655),(#1656,#1657,
#1658,#1659,#1660,#1661,#1662,#1663,#1664),(#1665,#1666,#1667,#1668,#1669,
#1670,#1671,#1672,#1673),(#1674,#1675,#1676,#1677,#1678,#1679,#1680,#1681,
#1682)),.UNSPECIFIED.,.T.,.T.,.F.)
B_SPLINE_SURFACE_WITH_KNOTS((3,2,2,2,3),(3,2,2,2,3),(-3.14159265358979,
-1.5707963267949,0.,1.5707963267949,3.14159265358979),(0.,1.5707963267949,
3.14159265358979,4.71238898038469,6.28318530717959),.UNSPECIFIED.)
GEOMETRIC_REPRESENTATION_ITEM()
RATIONAL_B_SPLINE_SURFACE(((1.,0.707106781186548,1.,0.707106781186548,1.,
0.707106781186548,1.,0.707106781186548,1.),(0.707106781186548,0.5,0.707106781186548,
0.5,0.707106781186548,0.5,0.707106781186548,0.5,0.707106781186548),(1.,
0.707106781186548,1.,0.707106781186548,1.,0.707106781186548,1.,0.707106781186548,
1.),(0.707106781186548,0.5,0.707106781186548,0.5,0.707106781186548,0.5,
0.707106781186548,0.5,0.707106781186548),(1.,0.707106781186548,1.,0.707106781186548,
1.,0.707106781186548,1.,0.707106781186548,1.),(0.707106781186547,0.5,0.707106781186547,
0.5,0.707106781186547,0.5,0.707106781186547,0.5,0.707106781186547),(1.,
0.707106781186548,1.,0.707106781186548,1.,0.707106781186548,1.,0.707106781186548,
1.),(0.707106781186547,0.5,0.707106781186547,0.5,0.707106781186547,0.5,
0.707106781186547,0.5,0.707106781186547),(1.,0.707106781186548,1.,0.707106781186548,
1.,0.707106781186548,1.,0.707106781186548,1.)))
REPRESENTATION_ITEM('')
SURFACE()
);
#32=(
BOUNDED_SURFACE()
B_SPLINE_SURFACE(2,2,((#1688,#1689,#1690,#1691,#1692,#1693,#1694,#1695,
#1696),(#1697,#1698,#1699,#1700,#1701,#1702,#1703,#1704,#1705),(#1706,#1707,
#1708,#1709,#1710,#1711,#1712,#1713,#1714),(#1715,#1716,#1717,#1718,#1719,
#1720,#1721,#1722,#1723),(#1724,#1725,#1726,#1727,#1728,#1729,#1730,#1731,
#1732),(#1733,#1734,#1735,#1736,#1737,#1738,#1739,#1740,#1741),(#1742,#1743,
#1744,#1745,#1746,#1747,#1748,#1749,#1750),(#1751,#1752,#1753,#1754,#1755,
#1756,#1757,#1758,#1759),(#1760,#1761,#1762,#1763,#1764,#1765,#1766,#1767,
#1768)),.UNSPECIFIED.,.T.,.T.,.F.)
B_SPLINE_SURFACE_WITH_KNOTS((3,2,2,2,3),(3,2,2,2,3),(-3.14159265358979,
-1.5707963267949,0.,1.5707963267949,3.14159265358979),(0.,1.5707963267949,
3.14159265358979,4.71238898038469,6.28318530717959),.UNSPECIFIED.)
GEOMETRIC_REPRESENTATION_ITEM()
RATIONAL_B_SPLINE_SURFACE(((1.,0.707106781186548,1.,0.707106781186548,1.,
0.707106781186548,1.,0.707106781186548,1.),(0.707106781186549,0.500000000000001,
0.707106781186549,0.500000000000001,0.707106781186549,0.500000000000001,
0.707106781186549,0.500000000000001,0.707106781186549),(1.,0.707106781186548,
1.,0.707106781186548,1.,0.707106781186548,1.,0.707106781186548,1.),(0.707106781186549,
0.500000000000001,0.707106781186549,0.500000000000001,0.707106781186549,
0.500000000000001,0.707106781186549,0.500000000000001,0.707106781186549),
(1.,0.707106781186548,1.,0.707106781186548,1.,0.707106781186548,1.,0.707106781186548,
1.),(0.707106781186549,0.500000000000001,0.707106781186549,0.500000000000001,
0.707106781186549,0.500000000000001,0.707106781186549,0.500000000000001,
0.707106781186549),(1.,0.707106781186548,1.,0.707106781186548,1.,0.707106781186548,
1.,0.707106781186548,1.),(0.707106781186549,0.500000000000001,0.707106781186549,
0.500000000000001,0.707106781186549,0.500000000000001,0.707106781186549,
0.500000000000001,0.707106781186549),(1.,0.707106781186548,1.,0.707106781186548,
1.,0.707106781186548,1.,0.707106781186548,1.)))
REPRESENTATION_ITEM('')
SURFACE()
);
#33=(
BOUNDED_SURFACE()
B_SPLINE_SURFACE(2,2,((#1774,#1775,#1776,#1777,#1778,#1779,#1780,#1781,
#1782),(#1783,#1784,#1785,#1786,#1787,#1788,#1789,#1790,#1791),(#1792,#1793,
#1794,#1795,#1796,#1797,#1798,#1799,#1800),(#1801,#1802,#1803,#1804,#1805,
#1806,#1807,#1808,#1809),(#1810,#1811,#1812,#1813,#1814,#1815,#1816,#1817,
#1818),(#1819,#1820,#1821,#1822,#1823,#1824,#1825,#1826,#1827),(#1828,#1829,
#1830,#1831,#1832,#1833,#1834,#1835,#1836),(#1837,#1838,#1839,#1840,#1841,
#1842,#1843,#1844,#1845),(#1846,#1847,#1848,#1849,#1850,#1851,#1852,#1853,
#1854)),.UNSPECIFIED.,.T.,.T.,.F.)
B_SPLINE_SURFACE_WITH_KNOTS((3,2,2,2,3),(3,2,2,2,3),(-3.14159265358979,
-1.5707963267949,0.,1.5707963267949,3.14159265358979),(0.,1.5707963267949,
3.14159265358979,4.71238898038469,6.28318530717959),.UNSPECIFIED.)
GEOMETRIC_REPRESENTATION_ITEM()
RATIONAL_B_SPLINE_SURFACE(((1.,0.707106781186548,1.,0.707106781186548,1.,
0.707106781186548,1.,0.707106781186548,1.),(0.707106781186548,0.5,0.707106781186548,
0.5,0.707106781186548,0.5,0.707106781186548,0.5,0.707106781186548),(1.,
0.707106781186548,1.,0.707106781186548,1.,0.707106781186548,1.,0.707106781186548,
1.),(0.707106781186548,0.500000000000001,0.707106781186548,0.500000000000001,
0.707106781186548,0.500000000000001,0.707106781186548,0.500000000000001,
0.707106781186548),(1.,0.707106781186548,1.,0.707106781186548,1.,0.707106781186548,
1.,0.707106781186548,1.),(0.707106781186548,0.5,0.707106781186548,0.5,0.707106781186548,
0.5,0.707106781186548,0.5,0.707106781186548),(1.,0.707106781186548,1.,0.707106781186548,
1.,0.707106781186548,1.,0.707106781186548,1.),(0.707106781186548,0.5,0.707106781186548,
0.5,0.707106781186548,0.5,0.707106781186548,0.5,0.707106781186548),(1.,
0.707106781186548,1.,0.707106781186548,1.,0.707106781186548,1.,0.707106781186548,
1.)))
REPRESENTATION_ITEM('')
SURFACE()
);
#34=(
BOUNDED_SURFACE()
B_SPLINE_SURFACE(2,2,((#1860,#1861,#1862,#1863,#1864,#1865,#1866,#1867,
#1868),(#1869,#1870,#1871,#1872,#1873,#1874,#1875,#1876,#1877),(#1878,#1879,
#1880,#1881,#1882,#1883,#1884,#1885,#1886),(#1887,#1888,#1889,#1890,#1891,
#1892,#1893,#1894,#1895),(#1896,#1897,#1898,#1899,#1900,#1901,#1902,#1903,
#1904),(#1905,#1906,#1907,#1908,#1909,#1910,#1911,#1912,#1913),(#1914,#1915,
#1916,#1917,#1918,#1919,#1920,#1921,#1922),(#1923,#1924,#1925,#1926,#1927,
#1928,#1929,#1930,#1931),(#1932,#1933,#1934,#1935,#1936,#1937,#1938,#1939,
#1940)),.UNSPECIFIED.,.T.,.T.,.F.)
B_SPLINE_SURFACE_WITH_KNOTS((3,2,2,2,3),(3,2,2,2,3),(-3.14159265358979,
-1.5707963267949,0.,1.5707963267949,3.14159265358979),(0.,1.5707963267949,
3.14159265358979,4.71238898038469,6.28318530717959),.UNSPECIFIED.)
GEOMETRIC_REPRESENTATION_ITEM()
RATIONAL_B_SPLINE_SURFACE(((1.,0.707106781186548,1.,0.707106781186548,1.,
0.707106781186548,1.,0.707106781186548,1.),(0.707106781186547,0.5,0.707106781186547,
0.5,0.707106781186547,0.5,0.707106781186547,0.5,0.707106781186547),(1.,
0.707106781186548,1.,0.707106781186548,1.,0.707106781186548,1.,0.707106781186548,
1.),(0.707106781186547,0.5,0.707106781186547,0.5,0.707106781186547,0.5,
0.707106781186547,0.5,0.707106781186547),(1.,0.707106781186548,1.,0.707106781186548,
1.,0.707106781186548,1.,0.707106781186548,1.),(0.707106781186546,0.499999999999999,
0.707106781186546,0.499999999999999,0.707106781186546,0.499999999999999,
0.707106781186546,0.499999999999999,0.707106781186546),(1.,0.707106781186548,
1.,0.707106781186548,1.,0.707106781186548,1.,0.707106781186548,1.),(0.707106781186546,
0.499999999999999,0.707106781186546,0.499999999999999,0.707106781186546,
0.499999999999999,0.707106781186546,0.499999999999999,0.707106781186546),
(1.,0.707106781186548,1.,0.707106781186548,1.,0.707106781186548,1.,0.707106781186548,
1.)))
REPRESENTATION_ITEM('')
SURFACE()
);
#35=(
BOUNDED_SURFACE()
B_SPLINE_SURFACE(2,2,((#1946,#1947,#1948,#1949,#1950,#1951,#1952,#1953,
#1954),(#1955,#1956,#1957,#1958,#1959,#1960,#1961,#1962,#1963),(#1964,#1965,
#1966,#1967,#1968,#1969,#1970,#1971,#1972),(#1973,#1974,#1975,#1976,#1977,
#1978,#1979,#1980,#1981),(#1982,#1983,#1984,#1985,#1986,#1987,#1988,#1989,
#1990),(#1991,#1992,#1993,#1994,#1995,#1996,#1997,#1998,#1999),(#2000,#2001,
#2002,#2003,#2004,#2005,#2006,#2007,#2008),(#2009,#2010,#2011,#2012,#2013,
#2014,#2015,#2016,#2017),(#2018,#2019,#2020,#2021,#2022,#2023,#2024,#2025,
#2026)),.UNSPECIFIED.,.T.,.T.,.F.)
B_SPLINE_SURFACE_WITH_KNOTS((3,2,2,2,3),(3,2,2,2,3),(-3.14159265358979,
-1.5707963267949,0.,1.5707963267949,3.14159265358979),(0.,1.5707963267949,
3.14159265358979,4.71238898038469,6.28318530717959),.UNSPECIFIED.)
GEOMETRIC_REPRESENTATION_ITEM()
RATIONAL_B_SPLINE_SURFACE(((1.,0.707106781186548,1.,0.707106781186548,1.,
0.707106781186548,1.,0.707106781186548,1.),(0.707106781186546,0.499999999999999,
0.707106781186546,0.499999999999999,0.707106781186546,0.499999999999999,
0.707106781186546,0.499999999999999,0.707106781186546),(1.,0.707106781186548,
1.,0.707106781186548,1.,0.707106781186548,1.,0.707106781186548,1.),(0.707106781186546,
0.499999999999999,0.707106781186546,0.499999999999999,0.707106781186546,
0.499999999999999,0.707106781186546,0.499999999999999,0.707106781186546),
(1.,0.707106781186548,1.,0.707106781186548,1.,0.707106781186548,1.,0.707106781186548,
1.),(0.707106781186547,0.5,0.707106781186547,0.5,0.707106781186547,0.5,
0.707106781186547,0.5,0.707106781186547),(1.,0.707106781186548,1.,0.707106781186548,
1.,0.707106781186548,1.,0.707106781186548,1.),(0.707106781186547,0.5,0.707106781186547,
0.5,0.707106781186547,0.5,0.707106781186547,0.5,0.707106781186547),(1.,
0.707106781186548,1.,0.707106781186548,1.,0.707106781186548,1.,0.707106781186548,
1.)))
REPRESENTATION_ITEM('')
SURFACE()
);
#36=(
BOUNDED_SURFACE()
B_SPLINE_SURFACE(1,2,((#2053,#2054,#2055),(#2056,#2057,#2058)),
 .UNSPECIFIED.,.F.,.F.,.F.)
B_SPLINE_SURFACE_WITH_KNOTS((2,2),(3,3),(-1.18626274975804E-16,0.196446635415103),
(-1.66325843228599,-1.46205112938492),.UNSPECIFIED.)
GEOMETRIC_REPRESENTATION_ITEM()
RATIONAL_B_SPLINE_SURFACE(((1.,0.994943719407613,1.),(1.,0.994943719407613,
1.)))
REPRESENTATION_ITEM('')
SURFACE()
);
#37=(
BOUNDED_SURFACE()
B_SPLINE_SURFACE(1,2,((#2075,#2076,#2077),(#2078,#2079,#2080)),
 .UNSPECIFIED.,.F.,.F.,.F.)
B_SPLINE_SURFACE_WITH_KNOTS((2,2),(3,3),(-0.144,0.144),(-1.05278355736911,
-0.679420701139127),.UNSPECIFIED.)
GEOMETRIC_REPRESENTATION_ITEM()
RATIONAL_B_SPLINE_SURFACE(((1.,0.982625568424236,1.),(1.,0.982625568424236,
1.)))
REPRESENTATION_ITEM('')
SURFACE()
);
#38=(
BOUNDED_SURFACE()
B_SPLINE_SURFACE(2,2,((#2084,#2085,#2086,#2087,#2088,#2089,#2090,#2091,
#2092),(#2093,#2094,#2095,#2096,#2097,#2098,#2099,#2100,#2101),(#2102,#2103,
#2104,#2105,#2106,#2107,#2108,#2109,#2110),(#2111,#2112,#2113,#2114,#2115,
#2116,#2117,#2118,#2119),(#2120,#2121,#2122,#2123,#2124,#2125,#2126,#2127,
#2128),(#2129,#2130,#2131,#2132,#2133,#2134,#2135,#2136,#2137),(#2138,#2139,
#2140,#2141,#2142,#2143,#2144,#2145,#2146),(#2147,#2148,#2149,#2150,#2151,
#2152,#2153,#2154,#2155),(#2156,#2157,#2158,#2159,#2160,#2161,#2162,#2163,
#2164)),.UNSPECIFIED.,.T.,.T.,.F.)
B_SPLINE_SURFACE_WITH_KNOTS((3,2,2,2,3),(3,2,2,2,3),(-3.14159265358979,
-1.5707963267949,0.,1.5707963267949,3.14159265358979),(0.,1.5707963267949,
3.14159265358979,4.71238898038469,6.28318530717959),.UNSPECIFIED.)
GEOMETRIC_REPRESENTATION_ITEM()
RATIONAL_B_SPLINE_SURFACE(((1.,0.707106781186548,1.,0.707106781186548,1.,
0.707106781186548,1.,0.707106781186548,1.),(0.707106781186546,0.499999999999999,
0.707106781186546,0.499999999999999,0.707106781186546,0.499999999999999,
0.707106781186546,0.499999999999999,0.707106781186546),(1.,0.707106781186548,
1.,0.707106781186548,1.,0.707106781186548,1.,0.707106781186548,1.),(0.707106781186546,
0.499999999999999,0.707106781186546,0.499999999999999,0.707106781186546,
0.499999999999999,0.707106781186546,0.499999999999999,0.707106781186546),
(1.,0.707106781186548,1.,0.707106781186548,1.,0.707106781186548,1.,0.707106781186548,
1.),(0.707106781186547,0.5,0.707106781186547,0.5,0.707106781186547,0.5,
0.707106781186547,0.5,0.707106781186547),(1.,0.707106781186548,1.,0.707106781186548,
1.,0.707106781186548,1.,0.707106781186548,1.),(0.707106781186547,0.5,0.707106781186547,
0.5,0.707106781186547,0.5,0.707106781186547,0.5,0.707106781186547),(1.,
0.707106781186548,1.,0.707106781186548,1.,0.707106781186548,1.,0.707106781186548,
1.)))
REPRESENTATION_ITEM('')
SURFACE()
);
#39=(
BOUNDED_SURFACE()
B_SPLINE_SURFACE(2,2,((#2185,#2186,#2187,#2188,#2189,#2190,#2191,#2192,
#2193),(#2194,#2195,#2196,#2197,#2198,#2199,#2200,#2201,#2202),(#2203,#2204,
#2205,#2206,#2207,#2208,#2209,#2210,#2211),(#2212,#2213,#2214,#2215,#2216,
#2217,#2218,#2219,#2220),(#2221,#2222,#2223,#2224,#2225,#2226,#2227,#2228,
#2229),(#2230,#2231,#2232,#2233,#2234,#2235,#2236,#2237,#2238),(#2239,#2240,
#2241,#2242,#2243,#2244,#2245,#2246,#2247),(#2248,#2249,#2250,#2251,#2252,
#2253,#2254,#2255,#2256),(#2257,#2258,#2259,#2260,#2261,#2262,#2263,#2264,
#2265)),.UNSPECIFIED.,.T.,.T.,.F.)
B_SPLINE_SURFACE_WITH_KNOTS((3,2,2,2,3),(3,2,2,2,3),(-3.14159265358979,
-1.5707963267949,0.,1.5707963267949,3.14159265358979),(0.,1.5707963267949,
3.14159265358979,4.71238898038469,6.28318530717959),.UNSPECIFIED.)
GEOMETRIC_REPRESENTATION_ITEM()
RATIONAL_B_SPLINE_SURFACE(((1.,0.707106781186548,1.,0.707106781186548,1.,
0.707106781186548,1.,0.707106781186548,1.),(0.707106781186547,0.5,0.707106781186547,
0.5,0.707106781186547,0.5,0.707106781186547,0.5,0.707106781186547),(1.,
0.707106781186548,1.,0.707106781186548,1.,0.707106781186548,1.,0.707106781186548,
1.),(0.707106781186547,0.5,0.707106781186547,0.5,0.707106781186547,0.5,
0.707106781186547,0.5,0.707106781186547),(1.,0.707106781186548,1.,0.707106781186548,
1.,0.707106781186548,1.,0.707106781186548,1.),(0.707106781186546,0.499999999999999,
0.707106781186546,0.499999999999999,0.707106781186546,0.499999999999999,
0.707106781186546,0.499999999999999,0.707106781186546),(1.,0.707106781186548,
1.,0.707106781186548,1.,0.707106781186548,1.,0.707106781186548,1.),(0.707106781186546,
0.499999999999999,0.707106781186546,0.499999999999999,0.707106781186546,
0.499999999999999,0.707106781186546,0.499999999999999,0.707106781186546),
(1.,0.707106781186548,1.,0.707106781186548,1.,0.707106781186548,1.,0.707106781186548,
1.)))
REPRESENTATION_ITEM('')
SURFACE()
);
#40=(
BOUNDED_SURFACE()
B_SPLINE_SURFACE(2,2,((#2271,#2272,#2273,#2274,#2275,#2276,#2277,#2278,
#2279),(#2280,#2281,#2282,#2283,#2284,#2285,#2286,#2287,#2288),(#2289,#2290,
#2291,#2292,#2293,#2294,#2295,#2296,#2297),(#2298,#2299,#2300,#2301,#2302,
#2303,#2304,#2305,#2306),(#2307,#2308,#2309,#2310,#2311,#2312,#2313,#2314,
#2315),(#2316,#2317,#2318,#2319,#2320,#2321,#2322,#2323,#2324),(#2325,#2326,
#2327,#2328,#2329,#2330,#2331,#2332,#2333),(#2334,#2335,#2336,#2337,#2338,
#2339,#2340,#2341,#2342),(#2343,#2344,#2345,#2346,#2347,#2348,#2349,#2350,
#2351)),.UNSPECIFIED.,.T.,.T.,.F.)
B_SPLINE_SURFACE_WITH_KNOTS((3,2,2,2,3),(3,2,2,2,3),(-3.14159265358979,
-1.5707963267949,0.,1.5707963267949,3.14159265358979),(0.,1.5707963267949,
3.14159265358979,4.71238898038469,6.28318530717959),.UNSPECIFIED.)
GEOMETRIC_REPRESENTATION_ITEM()
RATIONAL_B_SPLINE_SURFACE(((1.,0.707106781186548,1.,0.707106781186548,1.,
0.707106781186548,1.,0.707106781186548,1.),(0.707106781186546,0.499999999999999,
0.707106781186546,0.499999999999999,0.707106781186546,0.499999999999999,
0.707106781186546,0.499999999999999,0.707106781186546),(1.,0.707106781186548,
1.,0.707106781186548,1.,0.707106781186548,1.,0.707106781186548,1.),(0.707106781186548,
0.5,0.707106781186548,0.5,0.707106781186548,0.5,0.707106781186548,0.5,0.707106781186548),
(1.,0.707106781186548,1.,0.707106781186548,1.,0.707106781186548,1.,0.707106781186548,
1.),(0.707106781186548,0.500000000000001,0.707106781186548,0.500000000000001,
0.707106781186548,0.500000000000001,0.707106781186548,0.500000000000001,
0.707106781186548),(1.,0.707106781186548,1.,0.707106781186548,1.,0.707106781186548,
1.,0.707106781186548,1.),(0.707106781186546,0.499999999999999,0.707106781186546,
0.499999999999999,0.707106781186546,0.499999999999999,0.707106781186546,
0.499999999999999,0.707106781186546),(1.,0.707106781186548,1.,0.707106781186548,
1.,0.707106781186548,1.,0.707106781186548,1.)))
REPRESENTATION_ITEM('')
SURFACE()
);
#41=(
BOUNDED_SURFACE()
B_SPLINE_SURFACE(2,2,((#2357,#2358,#2359,#2360,#2361,#2362,#2363,#2364,
#2365),(#2366,#2367,#2368,#2369,#2370,#2371,#2372,#2373,#2374),(#2375,#2376,
#2377,#2378,#2379,#2380,#2381,#2382,#2383),(#2384,#2385,#2386,#2387,#2388,
#2389,#2390,#2391,#2392),(#2393,#2394,#2395,#2396,#2397,#2398,#2399,#2400,
#2401),(#2402,#2403,#2404,#2405,#2406,#2407,#2408,#2409,#2410),(#2411,#2412,
#2413,#2414,#2415,#2416,#2417,#2418,#2419),(#2420,#2421,#2422,#2423,#2424,
#2425,#2426,#2427,#2428),(#2429,#2430,#2431,#2432,#2433,#2434,#2435,#2436,
#2437)),.UNSPECIFIED.,.T.,.T.,.F.)
B_SPLINE_SURFACE_WITH_KNOTS((3,2,2,2,3),(3,2,2,2,3),(-3.14159265358979,
-1.5707963267949,0.,1.5707963267949,3.14159265358979),(0.,1.5707963267949,
3.14159265358979,4.71238898038469,6.28318530717959),.UNSPECIFIED.)
GEOMETRIC_REPRESENTATION_ITEM()
RATIONAL_B_SPLINE_SURFACE(((1.,0.707106781186548,1.,0.707106781186548,1.,
0.707106781186548,1.,0.707106781186548,1.),(0.707106781186549,0.500000000000001,
0.707106781186549,0.500000000000001,0.707106781186549,0.500000000000001,
0.707106781186549,0.500000000000001,0.707106781186549),(1.,0.707106781186548,
1.,0.707106781186548,1.,0.707106781186548,1.,0.707106781186548,1.),(0.707106781186549,
0.500000000000001,0.707106781186549,0.500000000000001,0.707106781186549,
0.500000000000001,0.707106781186549,0.500000000000001,0.707106781186549),
(1.,0.707106781186548,1.,0.707106781186548,1.,0.707106781186548,1.,0.707106781186548,
1.),(0.707106781186548,0.500000000000001,0.707106781186548,0.500000000000001,
0.707106781186548,0.500000000000001,0.707106781186548,0.500000000000001,
0.707106781186548),(1.,0.707106781186548,1.,0.707106781186548,1.,0.707106781186548,
1.,0.707106781186548,1.),(0.707106781186548,0.5,0.707106781186548,0.5,0.707106781186548,
0.5,0.707106781186548,0.5,0.707106781186548),(1.,0.707106781186548,1.,0.707106781186548,
1.,0.707106781186548,1.,0.707106781186548,1.)))
REPRESENTATION_ITEM('')
SURFACE()
);
#42=(
BOUNDED_SURFACE()
B_SPLINE_SURFACE(2,2,((#2443,#2444,#2445,#2446,#2447,#2448,#2449,#2450,
#2451),(#2452,#2453,#2454,#2455,#2456,#2457,#2458,#2459,#2460),(#2461,#2462,
#2463,#2464,#2465,#2466,#2467,#2468,#2469),(#2470,#2471,#2472,#2473,#2474,
#2475,#2476,#2477,#2478),(#2479,#2480,#2481,#2482,#2483,#2484,#2485,#2486,
#2487),(#2488,#2489,#2490,#2491,#2492,#2493,#2494,#2495,#2496),(#2497,#2498,
#2499,#2500,#2501,#2502,#2503,#2504,#2505),(#2506,#2507,#2508,#2509,#2510,
#2511,#2512,#2513,#2514),(#2515,#2516,#2517,#2518,#2519,#2520,#2521,#2522,
#2523)),.UNSPECIFIED.,.T.,.T.,.F.)
B_SPLINE_SURFACE_WITH_KNOTS((3,2,2,2,3),(3,2,2,2,3),(-3.14159265358979,
-1.5707963267949,0.,1.5707963267949,3.14159265358979),(0.,1.5707963267949,
3.14159265358979,4.71238898038469,6.28318530717959),.UNSPECIFIED.)
GEOMETRIC_REPRESENTATION_ITEM()
RATIONAL_B_SPLINE_SURFACE(((1.,0.707106781186548,1.,0.707106781186548,1.,
0.707106781186548,1.,0.707106781186548,1.),(0.707106781186547,0.5,0.707106781186547,
0.5,0.707106781186547,0.5,0.707106781186547,0.5,0.707106781186547),(1.,
0.707106781186548,1.,0.707106781186548,1.,0.707106781186548,1.,0.707106781186548,
1.),(0.707106781186547,0.5,0.707106781186547,0.5,0.707106781186547,0.5,
0.707106781186547,0.5,0.707106781186547),(1.,0.707106781186548,1.,0.707106781186548,
1.,0.707106781186548,1.,0.707106781186548,1.),(0.707106781186546,0.499999999999999,
0.707106781186546,0.499999999999999,0.707106781186546,0.499999999999999,
0.707106781186546,0.499999999999999,0.707106781186546),(1.,0.707106781186548,
1.,0.707106781186548,1.,0.707106781186548,1.,0.707106781186548,1.),(0.707106781186546,
0.499999999999999,0.707106781186546,0.499999999999999,0.707106781186546,
0.499999999999999,0.707106781186546,0.499999999999999,0.707106781186546),
(1.,0.707106781186548,1.,0.707106781186548,1.,0.707106781186548,1.,0.707106781186548,
1.)))
REPRESENTATION_ITEM('')
SURFACE()
);
#43=(
BOUNDED_SURFACE()
B_SPLINE_SURFACE(2,2,((#2529,#2530,#2531,#2532,#2533,#2534,#2535,#2536,
#2537),(#2538,#2539,#2540,#2541,#2542,#2543,#2544,#2545,#2546),(#2547,#2548,
#2549,#2550,#2551,#2552,#2553,#2554,#2555),(#2556,#2557,#2558,#2559,#2560,
#2561,#2562,#2563,#2564),(#2565,#2566,#2567,#2568,#2569,#2570,#2571,#2572,
#2573),(#2574,#2575,#2576,#2577,#2578,#2579,#2580,#2581,#2582),(#2583,#2584,
#2585,#2586,#2587,#2588,#2589,#2590,#2591),(#2592,#2593,#2594,#2595,#2596,
#2597,#2598,#2599,#2600),(#2601,#2602,#2603,#2604,#2605,#2606,#2607,#2608,
#2609)),.UNSPECIFIED.,.T.,.T.,.F.)
B_SPLINE_SURFACE_WITH_KNOTS((3,2,2,2,3),(3,2,2,2,3),(-3.14159265358979,
-1.5707963267949,0.,1.5707963267949,3.14159265358979),(0.,1.5707963267949,
3.14159265358979,4.71238898038469,6.28318530717959),.UNSPECIFIED.)
GEOMETRIC_REPRESENTATION_ITEM()
RATIONAL_B_SPLINE_SURFACE(((1.,0.707106781186548,1.,0.707106781186548,1.,
0.707106781186548,1.,0.707106781186548,1.),(0.707106781186547,0.5,0.707106781186547,
0.5,0.707106781186547,0.5,0.707106781186547,0.5,0.707106781186547),(1.,
0.707106781186548,1.,0.707106781186548,1.,0.707106781186548,1.,0.707106781186548,
1.),(0.707106781186547,0.5,0.707106781186547,0.5,0.707106781186547,0.5,
0.707106781186547,0.5,0.707106781186547),(1.,0.707106781186548,1.,0.707106781186548,
1.,0.707106781186548,1.,0.707106781186548,1.),(0.707106781186547,0.5,0.707106781186547,
0.5,0.707106781186547,0.5,0.707106781186547,0.5,0.707106781186547),(1.,
0.707106781186548,1.,0.707106781186548,1.,0.707106781186548,1.,0.707106781186548,
1.),(0.707106781186547,0.5,0.707106781186547,0.5,0.707106781186547,0.5,
0.707106781186547,0.5,0.707106781186547),(1.,0.707106781186548,1.,0.707106781186548,
1.,0.707106781186548,1.,0.707106781186548,1.)))
REPRESENTATION_ITEM('')
SURFACE()
);
#44=(
BOUNDED_SURFACE()
B_SPLINE_SURFACE(2,2,((#2615,#2616,#2617,#2618,#2619,#2620,#2621,#2622,
#2623),(#2624,#2625,#2626,#2627,#2628,#2629,#2630,#2631,#2632),(#2633,#2634,
#2635,#2636,#2637,#2638,#2639,#2640,#2641),(#2642,#2643,#2644,#2645,#2646,
#2647,#2648,#2649,#2650),(#2651,#2652,#2653,#2654,#2655,#2656,#2657,#2658,
#2659),(#2660,#2661,#2662,#2663,#2664,#2665,#2666,#2667,#2668),(#2669,#2670,
#2671,#2672,#2673,#2674,#2675,#2676,#2677),(#2678,#2679,#2680,#2681,#2682,
#2683,#2684,#2685,#2686),(#2687,#2688,#2689,#2690,#2691,#2692,#2693,#2694,
#2695)),.UNSPECIFIED.,.T.,.T.,.F.)
B_SPLINE_SURFACE_WITH_KNOTS((3,2,2,2,3),(3,2,2,2,3),(-3.14159265358979,
-1.5707963267949,0.,1.5707963267949,3.14159265358979),(0.,1.5707963267949,
3.14159265358979,4.71238898038469,6.28318530717959),.UNSPECIFIED.)
GEOMETRIC_REPRESENTATION_ITEM()
RATIONAL_B_SPLINE_SURFACE(((1.,0.707106781186548,1.,0.707106781186548,1.,
0.707106781186548,1.,0.707106781186548,1.),(0.707106781186546,0.499999999999999,
0.707106781186546,0.499999999999999,0.707106781186546,0.499999999999999,
0.707106781186546,0.499999999999999,0.707106781186546),(1.,0.707106781186548,
1.,0.707106781186548,1.,0.707106781186548,1.,0.707106781186548,1.),(0.707106781186546,
0.499999999999999,0.707106781186546,0.499999999999999,0.707106781186546,
0.499999999999999,0.707106781186546,0.499999999999999,0.707106781186546),
(1.,0.707106781186548,1.,0.707106781186548,1.,0.707106781186548,1.,0.707106781186548,
1.),(0.707106781186547,0.499999999999999,0.707106781186547,0.499999999999999,
0.707106781186547,0.499999999999999,0.707106781186547,0.499999999999999,
0.707106781186547),(1.,0.707106781186548,1.,0.707106781186548,1.,0.707106781186548,
1.,0.707106781186548,1.),(0.707106781186546,0.499999999999999,0.707106781186546,
0.499999999999999,0.707106781186546,0.499999999999999,0.707106781186546,
0.499999999999999,0.707106781186546),(1.,0.707106781186548,1.,0.707106781186548,
1.,0.707106781186548,1.,0.707106781186548,1.)))
REPRESENTATION_ITEM('')
SURFACE()
);
#45=(
BOUNDED_SURFACE()
B_SPLINE_SURFACE(2,2,((#2701,#2702,#2703,#2704,#2705,#2706,#2707,#2708,
#2709),(#2710,#2711,#2712,#2713,#2714,#2715,#2716,#2717,#2718),(#2719,#2720,
#2721,#2722,#2723,#2724,#2725,#2726,#2727),(#2728,#2729,#2730,#2731,#2732,
#2733,#2734,#2735,#2736),(#2737,#2738,#2739,#2740,#2741,#2742,#2743,#2744,
#2745),(#2746,#2747,#2748,#2749,#2750,#2751,#2752,#2753,#2754),(#2755,#2756,
#2757,#2758,#2759,#2760,#2761,#2762,#2763),(#2764,#2765,#2766,#2767,#2768,
#2769,#2770,#2771,#2772),(#2773,#2774,#2775,#2776,#2777,#2778,#2779,#2780,
#2781)),.UNSPECIFIED.,.T.,.T.,.F.)
B_SPLINE_SURFACE_WITH_KNOTS((3,2,2,2,3),(3,2,2,2,3),(-3.14159265358979,
-1.5707963267949,0.,1.5707963267949,3.14159265358979),(0.,1.5707963267949,
3.14159265358979,4.71238898038469,6.28318530717959),.UNSPECIFIED.)
GEOMETRIC_REPRESENTATION_ITEM()
RATIONAL_B_SPLINE_SURFACE(((1.,0.707106781186548,1.,0.707106781186548,1.,
0.707106781186548,1.,0.707106781186548,1.),(0.707106781186547,0.5,0.707106781186547,
0.5,0.707106781186547,0.5,0.707106781186547,0.5,0.707106781186547),(1.,
0.707106781186548,1.,0.707106781186548,1.,0.707106781186548,1.,0.707106781186548,
1.),(0.707106781186547,0.5,0.707106781186547,0.5,0.707106781186547,0.5,
0.707106781186547,0.5,0.707106781186547),(1.,0.707106781186548,1.,0.707106781186548,
1.,0.707106781186548,1.,0.707106781186548,1.),(0.707106781186546,0.499999999999999,
0.707106781186546,0.499999999999999,0.707106781186546,0.499999999999999,
0.707106781186546,0.499999999999999,0.707106781186546),(1.,0.707106781186548,
1.,0.707106781186548,1.,0.707106781186548,1.,0.707106781186548,1.),(0.707106781186546,
0.499999999999999,0.707106781186546,0.499999999999999,0.707106781186546,
0.499999999999999,0.707106781186546,0.499999999999999,0.707106781186546),
(1.,0.707106781186548,1.,0.707106781186548,1.,0.707106781186548,1.,0.707106781186548,
1.)))
REPRESENTATION_ITEM('')
SURFACE()
);
#46=(
BOUNDED_SURFACE()
B_SPLINE_SURFACE(2,2,((#2786,#2787,#2788,#2789,#2790,#2791,#2792,#2793,
#2794),(#2795,#2796,#2797,#2798,#2799,#2800,#2801,#2802,#2803),(#2804,#2805,
#2806,#2807,#2808,#2809,#2810,#2811,#2812),(#2813,#2814,#2815,#2816,#2817,
#2818,#2819,#2820,#2821),(#2822,#2823,#2824,#2825,#2826,#2827,#2828,#2829,
#2830),(#2831,#2832,#2833,#2834,#2835,#2836,#2837,#2838,#2839),(#2840,#2841,
#2842,#2843,#2844,#2845,#2846,#2847,#2848),(#2849,#2850,#2851,#2852,#2853,
#2854,#2855,#2856,#2857),(#2858,#2859,#2860,#2861,#2862,#2863,#2864,#2865,
#2866)),.UNSPECIFIED.,.T.,.T.,.F.)
B_SPLINE_SURFACE_WITH_KNOTS((3,2,2,2,3),(3,2,2,2,3),(-3.14159265358979,
-1.5707963267949,0.,1.5707963267949,3.14159265358979),(0.,1.5707963267949,
3.14159265358979,4.71238898038469,6.28318530717959),.UNSPECIFIED.)
GEOMETRIC_REPRESENTATION_ITEM()
RATIONAL_B_SPLINE_SURFACE(((1.,0.707106781186548,1.,0.707106781186548,1.,
0.707106781186548,1.,0.707106781186548,1.),(0.707106781186546,0.499999999999999,
0.707106781186546,0.499999999999999,0.707106781186546,0.499999999999999,
0.707106781186546,0.499999999999999,0.707106781186546),(1.,0.707106781186548,
1.,0.707106781186548,1.,0.707106781186548,1.,0.707106781186548,1.),(0.707106781186546,
0.499999999999999,0.707106781186546,0.499999999999999,0.707106781186546,
0.499999999999999,0.707106781186546,0.499999999999999,0.707106781186546),
(1.,0.707106781186548,1.,0.707106781186548,1.,0.707106781186548,1.,0.707106781186548,
1.),(0.707106781186547,0.5,0.707106781186547,0.5,0.707106781186547,0.5,
0.707106781186547,0.5,0.707106781186547),(1.,0.707106781186548,1.,0.707106781186548,
1.,0.707106781186548,1.,0.707106781186548,1.),(0.707106781186547,0.5,0.707106781186547,
0.5,0.707106781186547,0.5,0.707106781186547,0.5,0.707106781186547),(1.,
0.707106781186548,1.,0.707106781186548,1.,0.707106781186548,1.,0.707106781186548,
1.)))
REPRESENTATION_ITEM('')
SURFACE()
);
#47=(
BOUNDED_SURFACE()
B_SPLINE_SURFACE(1,2,((#2868,#2869,#2870),(#2871,#2872,#2873)),
 .UNSPECIFIED.,.F.,.F.,.F.)
B_SPLINE_SURFACE_WITH_KNOTS((2,2),(3,3),(-0.144,0.144),(-2.10432054381702,
-1.74231776331595),.UNSPECIFIED.)
GEOMETRIC_REPRESENTATION_ITEM()
RATIONAL_B_SPLINE_SURFACE(((1.,0.983663921058153,1.),(1.,0.983663921058153,
1.)))
REPRESENTATION_ITEM('')
SURFACE()
);
#48=(
BOUNDED_SURFACE()
B_SPLINE_SURFACE(1,2,((#2876,#2877,#2878),(#2879,#2880,#2881)),
 .UNSPECIFIED.,.F.,.F.,.F.)
B_SPLINE_SURFACE_WITH_KNOTS((2,2),(3,3),(-0.0237358751599274,0.0237358751599274),
(-1.74231776331596,-1.22359227707088),.UNSPECIFIED.)
GEOMETRIC_REPRESENTATION_ITEM()
RATIONAL_B_SPLINE_SURFACE(((1.,0.966553608249476,1.),(1.,0.966553608249476,
1.)))
REPRESENTATION_ITEM('')
SURFACE()
);
#49=(
BOUNDED_SURFACE()
B_SPLINE_SURFACE(1,2,((#2883,#2884,#2885),(#2886,#2887,#2888)),
 .UNSPECIFIED.,.F.,.F.,.F.)
B_SPLINE_SURFACE_WITH_KNOTS((2,2),(3,3),(-0.288,0.288),(-1.22359227707088,
-0.418901692715901),.UNSPECIFIED.)
GEOMETRIC_REPRESENTATION_ITEM()
RATIONAL_B_SPLINE_SURFACE(((1.,0.920145161949485,1.),(1.,0.920145161949485,
1.)))
REPRESENTATION_ITEM('')
SURFACE()
);
#50=(
BOUNDED_SURFACE()
B_SPLINE_SURFACE(1,2,((#2890,#2891,#2892),(#2893,#2894,#2895)),
 .UNSPECIFIED.,.F.,.F.,.F.)
B_SPLINE_SURFACE_WITH_KNOTS((2,2),(3,3),(-0.199438679963207,0.199438679963207),
(-0.418901692715901,0.179130012722864),.UNSPECIFIED.)
GEOMETRIC_REPRESENTATION_ITEM()
RATIONAL_B_SPLINE_SURFACE(((1.,0.955626861842843,1.),(1.,0.955626861842843,
1.)))
REPRESENTATION_ITEM('')
SURFACE()
);
#51=(
BOUNDED_SURFACE()
B_SPLINE_SURFACE(1,2,((#2897,#2898,#2899),(#2900,#2901,#2902)),
 .UNSPECIFIED.,.F.,.F.,.F.)
B_SPLINE_SURFACE_WITH_KNOTS((2,2),(3,3),(-0.0144,0.0144),(-2.97423133340793,
-2.96246264086693),.UNSPECIFIED.)
GEOMETRIC_REPRESENTATION_ITEM()
RATIONAL_B_SPLINE_SURFACE(((1.,0.99998268728444,1.),(1.,0.99998268728444,
1.)))
REPRESENTATION_ITEM('')
SURFACE()
);
#52=(
BOUNDED_SURFACE()
B_SPLINE_SURFACE(1,2,((#2904,#2905,#2906),(#2907,#2908,#2909)),
 .UNSPECIFIED.,.F.,.F.,.F.)
B_SPLINE_SURFACE_WITH_KNOTS((2,2),(3,3),(-0.199438679963207,0.199438679963207),
(-2.97423133340793,-2.37619962796916),.UNSPECIFIED.)
GEOMETRIC_REPRESENTATION_ITEM()
RATIONAL_B_SPLINE_SURFACE(((1.,0.955626861842843,1.),(1.,0.955626861842843,
1.)))
REPRESENTATION_ITEM('')
SURFACE()
);
#53=(
BOUNDED_SURFACE()
B_SPLINE_SURFACE(1,2,((#2911,#2912,#2913),(#2914,#2915,#2916)),
 .UNSPECIFIED.,.F.,.F.,.F.)
B_SPLINE_SURFACE_WITH_KNOTS((2,2),(3,3),(-0.288,0.288),(-2.37619962796916,
-1.57150904361419),.UNSPECIFIED.)
GEOMETRIC_REPRESENTATION_ITEM()
RATIONAL_B_SPLINE_SURFACE(((1.,0.920145161949485,1.),(1.,0.920145161949485,
1.)))
REPRESENTATION_ITEM('')
SURFACE()
);
#54=(
BOUNDED_SURFACE()
B_SPLINE_SURFACE(1,2,((#2918,#2919,#2920),(#2921,#2922,#2923)),
 .UNSPECIFIED.,.F.,.F.,.F.)
B_SPLINE_SURFACE_WITH_KNOTS((2,2),(3,3),(-0.0237358751599276,0.0237358751599276),
(-1.57150904361419,-1.0527835573691),.UNSPECIFIED.)
GEOMETRIC_REPRESENTATION_ITEM()
RATIONAL_B_SPLINE_SURFACE(((1.,0.966553608249475,1.),(1.,0.966553608249475,
1.)))
REPRESENTATION_ITEM('')
SURFACE()
);
#55=(
BOUNDED_SURFACE()
B_SPLINE_SURFACE(1,2,((#2924,#2925,#2926),(#2927,#2928,#2929)),
 .UNSPECIFIED.,.F.,.F.,.F.)
B_SPLINE_SURFACE_WITH_KNOTS((2,2),(3,3),(0.,1.18379197229422),(-0.392187383009199,
-0.232519742144538),.UNSPECIFIED.)
GEOMETRIC_REPRESENTATION_ITEM()
RATIONAL_B_SPLINE_SURFACE(((1.,0.99681497272819,1.),(1.,0.99681497272819,
1.)))
REPRESENTATION_ITEM('')
SURFACE()
);
#56=(
BOUNDED_SURFACE()
B_SPLINE_SURFACE(1,2,((#2935,#2936,#2937),(#2938,#2939,#2940)),
 .UNSPECIFIED.,.F.,.F.,.F.)
B_SPLINE_SURFACE_WITH_KNOTS((2,2),(3,3),(0.,0.989954327192452),(-1.15114343844831,
-0.755309220971411),.UNSPECIFIED.)
GEOMETRIC_REPRESENTATION_ITEM()
RATIONAL_B_SPLINE_SURFACE(((1.,0.980478258177783,1.),(1.,0.980478258177783,
1.)))
REPRESENTATION_ITEM('')
SURFACE()
);
#57=(
BOUNDED_SURFACE()
B_SPLINE_SURFACE(1,2,((#2944,#2945,#2946),(#2947,#2948,#2949)),
 .UNSPECIFIED.,.F.,.F.,.F.)
B_SPLINE_SURFACE_WITH_KNOTS((2,2),(3,3),(0.,0.196446635415103),(-1.40029213265599,
-1.20886426216184),.UNSPECIFIED.)
GEOMETRIC_REPRESENTATION_ITEM()
RATIONAL_B_SPLINE_SURFACE(((1.,0.995422917182268,1.),(1.,0.995422917182268,
1.)))
REPRESENTATION_ITEM('')
SURFACE()
);
#58=(
BOUNDED_SURFACE()
B_SPLINE_SURFACE(1,2,((#2951,#2952,#2953),(#2954,#2955,#2956)),
 .UNSPECIFIED.,.F.,.F.,.F.)
B_SPLINE_SURFACE_WITH_KNOTS((2,2),(3,3),(0.,0.989954327192452),(-2.1168134734764,
-1.72097925599951),.UNSPECIFIED.)
GEOMETRIC_REPRESENTATION_ITEM()
RATIONAL_B_SPLINE_SURFACE(((1.,0.980478258177784,1.),(1.,0.980478258177784,
1.)))
REPRESENTATION_ITEM('')
SURFACE()
);
#59=(
BOUNDED_SURFACE()
B_SPLINE_SURFACE(1,2,((#2960,#2961,#2962),(#2963,#2964,#2965)),
 .UNSPECIFIED.,.F.,.F.,.F.)
B_SPLINE_SURFACE_WITH_KNOTS((2,2),(3,3),(0.,1.18379197229422),(-2.63960295230326,
-2.47993531143859),.UNSPECIFIED.)
GEOMETRIC_REPRESENTATION_ITEM()
RATIONAL_B_SPLINE_SURFACE(((1.,0.996814972728189,1.),(1.,0.996814972728189,
1.)))
REPRESENTATION_ITEM('')
SURFACE()
);
#60=(
BOUNDED_SURFACE()
B_SPLINE_SURFACE(2,2,((#2968,#2969,#2970,#2971,#2972,#2973,#2974,#2975,
#2976,#2977,#2978),(#2979,#2980,#2981,#2982,#2983,#2984,#2985,#2986,#2987,
#2988,#2989),(#2990,#2991,#2992,#2993,#2994,#2995,#2996,#2997,#2998,#2999,
#3000),(#3001,#3002,#3003,#3004,#3005,#3006,#3007,#3008,#3009,#3010,#3011),
(#3012,#3013,#3014,#3015,#3016,#3017,#3018,#3019,#3020,#3021,#3022),(#3023,
#3024,#3025,#3026,#3027,#3028,#3029,#3030,#3031,#3032,#3033),(#3034,#3035,
#3036,#3037,#3038,#3039,#3040,#3041,#3042,#3043,#3044),(#3045,#3046,#3047,
#3048,#3049,#3050,#3051,#3052,#3053,#3054,#3055),(#3056,#3057,#3058,#3059,
#3060,#3061,#3062,#3063,#3064,#3065,#3066)),.UNSPECIFIED.,.T.,.T.,.F.)
B_SPLINE_SURFACE_WITH_KNOTS((3,2,2,2,3),(3,2,2,2,2,3),(-3.14159265358979,
-1.5707963267949,0.,1.5707963267949,3.14159265358979),(5.59835421014504,
6.28318530717959,7.85398163397448,9.42477796076938,10.9955742875643,11.8815395173246),
 .UNSPECIFIED.)
GEOMETRIC_REPRESENTATION_ITEM()
RATIONAL_B_SPLINE_SURFACE(((0.855954495423989,0.872305288131612,1.,0.707106781186548,
1.,0.707106781186548,1.,0.707106781186548,1.,0.834801493054935,0.855954495423989),
(0.60525122810141,0.616812984502746,0.707106781186544,0.499999999999998,
0.707106781186544,0.499999999999998,0.707106781186544,0.499999999999998,
0.707106781186544,0.590293796683797,0.60525122810141),(0.855954495423989,
0.872305288131612,1.,0.707106781186548,1.,0.707106781186548,1.,0.707106781186548,
1.,0.834801493054935,0.855954495423989),(0.605251228101418,0.616812984502754,
0.707106781186555,0.500000000000005,0.707106781186555,0.500000000000005,
0.707106781186555,0.500000000000005,0.707106781186555,0.590293796683805,
0.605251228101418),(0.855954495423989,0.872305288131612,1.,0.707106781186548,
1.,0.707106781186548,1.,0.707106781186548,1.,0.834801493054935,0.855954495423989),
(0.60525122810141,0.616812984502746,0.707106781186545,0.499999999999998,
0.707106781186545,0.499999999999998,0.707106781186545,0.499999999999998,
0.707106781186545,0.590293796683797,0.60525122810141),(0.855954495423989,
0.872305288131612,1.,0.707106781186548,1.,0.707106781186548,1.,0.707106781186548,
1.,0.834801493054935,0.855954495423989),(0.605251228101419,0.616812984502755,
0.707106781186555,0.500000000000005,0.707106781186555,0.500000000000005,
0.707106781186555,0.500000000000005,0.707106781186555,0.590293796683806,
0.605251228101419),(0.855954495423989,0.872305288131612,1.,0.707106781186548,
1.,0.707106781186548,1.,0.707106781186548,1.,0.834801493054935,0.855954495423989)))
REPRESENTATION_ITEM('')
SURFACE()
);
#61=(
BOUNDED_SURFACE()
B_SPLINE_SURFACE(2,2,((#3075,#3076,#3077,#3078,#3079,#3080,#3081,#3082,
#3083),(#3084,#3085,#3086,#3087,#3088,#3089,#3090,#3091,#3092),(#3093,#3094,
#3095,#3096,#3097,#3098,#3099,#3100,#3101),(#3102,#3103,#3104,#3105,#3106,
#3107,#3108,#3109,#3110),(#3111,#3112,#3113,#3114,#3115,#3116,#3117,#3118,
#3119),(#3120,#3121,#3122,#3123,#3124,#3125,#3126,#3127,#3128),(#3129,#3130,
#3131,#3132,#3133,#3134,#3135,#3136,#3137),(#3138,#3139,#3140,#3141,#3142,
#3143,#3144,#3145,#3146),(#3147,#3148,#3149,#3150,#3151,#3152,#3153,#3154,
#3155)),.UNSPECIFIED.,.T.,.T.,.F.)
B_SPLINE_SURFACE_WITH_KNOTS((3,2,2,2,3),(3,2,2,2,3),(-3.14159265358979,
-1.5707963267949,0.,1.5707963267949,3.14159265358979),(0.,1.5707963267949,
3.14159265358979,4.71238898038469,6.28318530717959),.UNSPECIFIED.)
GEOMETRIC_REPRESENTATION_ITEM()
RATIONAL_B_SPLINE_SURFACE(((1.,0.707106781186548,1.,0.707106781186548,1.,
0.707106781186548,1.,0.707106781186548,1.),(0.707106781186547,0.5,0.707106781186547,
0.5,0.707106781186547,0.5,0.707106781186547,0.5,0.707106781186547),(1.,
0.707106781186548,1.,0.707106781186548,1.,0.707106781186548,1.,0.707106781186548,
1.),(0.707106781186547,0.5,0.707106781186547,0.5,0.707106781186547,0.5,
0.707106781186547,0.5,0.707106781186547),(1.,0.707106781186548,1.,0.707106781186548,
1.,0.707106781186548,1.,0.707106781186548,1.),(0.707106781186546,0.499999999999999,
0.707106781186546,0.499999999999999,0.707106781186546,0.499999999999999,
0.707106781186546,0.499999999999999,0.707106781186546),(1.,0.707106781186548,
1.,0.707106781186548,1.,0.707106781186548,1.,0.707106781186548,1.),(0.707106781186546,
0.499999999999999,0.707106781186546,0.499999999999999,0.707106781186546,
0.499999999999999,0.707106781186546,0.499999999999999,0.707106781186546),
(1.,0.707106781186548,1.,0.707106781186548,1.,0.707106781186548,1.,0.707106781186548,
1.)))
REPRESENTATION_ITEM('')
SURFACE()
);
#62=(
BOUNDED_SURFACE()
B_SPLINE_SURFACE(2,2,((#3170,#3171,#3172,#3173,#3174,#3175,#3176,#3177,
#3178),(#3179,#3180,#3181,#3182,#3183,#3184,#3185,#3186,#3187),(#3188,#3189,
#3190,#3191,#3192,#3193,#3194,#3195,#3196),(#3197,#3198,#3199,#3200,#3201,
#3202,#3203,#3204,#3205),(#3206,#3207,#3208,#3209,#3210,#3211,#3212,#3213,
#3214),(#3215,#3216,#3217,#3218,#3219,#3220,#3221,#3222,#3223),(#3224,#3225,
#3226,#3227,#3228,#3229,#3230,#3231,#3232),(#3233,#3234,#3235,#3236,#3237,
#3238,#3239,#3240,#3241),(#3242,#3243,#3244,#3245,#3246,#3247,#3248,#3249,
#3250)),.UNSPECIFIED.,.T.,.T.,.F.)
B_SPLINE_SURFACE_WITH_KNOTS((3,2,2,2,3),(3,2,2,2,3),(-3.14159265358979,
-1.5707963267949,0.,1.5707963267949,3.14159265358979),(0.,1.5707963267949,
3.14159265358979,4.71238898038469,6.28318530717959),.UNSPECIFIED.)
GEOMETRIC_REPRESENTATION_ITEM()
RATIONAL_B_SPLINE_SURFACE(((1.,0.707106781186548,1.,0.707106781186548,1.,
0.707106781186548,1.,0.707106781186548,1.),(0.707106781186542,0.499999999999996,
0.707106781186542,0.499999999999996,0.707106781186542,0.499999999999996,
0.707106781186542,0.499999999999996,0.707106781186542),(1.,0.707106781186548,
1.,0.707106781186548,1.,0.707106781186548,1.,0.707106781186548,1.),(0.707106781186546,
0.499999999999999,0.707106781186546,0.499999999999999,0.707106781186546,
0.499999999999999,0.707106781186546,0.499999999999999,0.707106781186546),
(1.,0.707106781186548,1.,0.707106781186548,1.,0.707106781186548,1.,0.707106781186548,
1.),(0.707106781186543,0.499999999999997,0.707106781186543,0.499999999999997,
0.707106781186543,0.499999999999997,0.707106781186543,0.499999999999997,
0.707106781186543),(1.,0.707106781186548,1.,0.707106781186548,1.,0.707106781186548,
1.,0.707106781186548,1.),(0.707106781186547,0.5,0.707106781186547,0.5,0.707106781186547,
0.5,0.707106781186547,0.5,0.707106781186547),(1.,0.707106781186548,1.,0.707106781186548,
1.,0.707106781186548,1.,0.707106781186548,1.)))
REPRESENTATION_ITEM('')
SURFACE()
);
#63=(
BOUNDED_SURFACE()
B_SPLINE_SURFACE(1,2,((#3269,#3270,#3271,#3272,#3273),(#3274,#3275,#3276,
#3277,#3278)),.UNSPECIFIED.,.F.,.F.,.F.)
B_SPLINE_SURFACE_WITH_KNOTS((2,2),(3,2,3),(0.399999999999999,1.36),(-3.82101335472891,
-2.96834698713743,-2.11568061954595),.UNSPECIFIED.)
GEOMETRIC_REPRESENTATION_ITEM()
RATIONAL_B_SPLINE_SURFACE(((1.,0.910488224101552,1.,0.910488224101552,1.),
(1.,0.910488224101552,1.,0.910488224101552,1.)))
REPRESENTATION_ITEM('')
SURFACE()
);
#64=(
BOUNDED_SURFACE()
B_SPLINE_SURFACE(1,2,((#3284,#3285,#3286),(#3287,#3288,#3289)),
 .UNSPECIFIED.,.F.,.F.,.F.)
B_SPLINE_SURFACE_WITH_KNOTS((2,2),(3,3),(0.,0.196446635415103),(-1.66325843228599,
-1.46205112938492),.UNSPECIFIED.)
GEOMETRIC_REPRESENTATION_ITEM()
RATIONAL_B_SPLINE_SURFACE(((1.,0.994943719407613,1.),(1.,0.994943719407613,
1.)))
REPRESENTATION_ITEM('')
SURFACE()
);
#65=(
BOUNDED_SURFACE()
B_SPLINE_SURFACE(2,2,((#3322,#3323,#3324,#3325,#3326,#3327,#3328,#3329,
#3330),(#3331,#3332,#3333,#3334,#3335,#3336,#3337,#3338,#3339),(#3340,#3341,
#3342,#3343,#3344,#3345,#3346,#3347,#3348),(#3349,#3350,#3351,#3352,#3353,
#3354,#3355,#3356,#3357),(#3358,#3359,#3360,#3361,#3362,#3363,#3364,#3365,
#3366),(#3367,#3368,#3369,#3370,#3371,#3372,#3373,#3374,#3375),(#3376,#3377,
#3378,#3379,#3380,#3381,#3382,#3383,#3384),(#3385,#3386,#3387,#3388,#3389,
#3390,#3391,#3392,#3393),(#3394,#3395,#3396,#3397,#3398,#3399,#3400,#3401,
#3402)),.UNSPECIFIED.,.T.,.T.,.F.)
B_SPLINE_SURFACE_WITH_KNOTS((3,2,2,2,3),(3,2,2,2,3),(-3.14159265358979,
-1.5707963267949,0.,1.5707963267949,3.14159265358979),(0.,1.5707963267949,
3.14159265358979,4.71238898038469,6.28318530717959),.UNSPECIFIED.)
GEOMETRIC_REPRESENTATION_ITEM()
RATIONAL_B_SPLINE_SURFACE(((1.,0.707106781186548,1.,0.707106781186548,1.,
0.707106781186548,1.,0.707106781186548,1.),(0.707106781186547,0.5,0.707106781186547,
0.5,0.707106781186547,0.5,0.707106781186547,0.5,0.707106781186547),(1.,
0.707106781186548,1.,0.707106781186548,1.,0.707106781186548,1.,0.707106781186548,
1.),(0.707106781186547,0.5,0.707106781186547,0.5,0.707106781186547,0.5,
0.707106781186547,0.5,0.707106781186547),(1.,0.707106781186548,1.,0.707106781186548,
1.,0.707106781186548,1.,0.707106781186548,1.),(0.707106781186546,0.499999999999999,
0.707106781186546,0.499999999999999,0.707106781186546,0.499999999999999,
0.707106781186546,0.499999999999999,0.707106781186546),(1.,0.707106781186548,
1.,0.707106781186548,1.,0.707106781186548,1.,0.707106781186548,1.),(0.707106781186546,
0.499999999999999,0.707106781186546,0.499999999999999,0.707106781186546,
0.499999999999999,0.707106781186546,0.499999999999999,0.707106781186546),
(1.,0.707106781186548,1.,0.707106781186548,1.,0.707106781186548,1.,0.707106781186548,
1.)))
REPRESENTATION_ITEM('')
SURFACE()
);
#66=(
BOUNDED_SURFACE()
B_SPLINE_SURFACE(2,2,((#3422,#3423,#3424,#3425,#3426,#3427,#3428,#3429,
#3430),(#3431,#3432,#3433,#3434,#3435,#3436,#3437,#3438,#3439),(#3440,#3441,
#3442,#3443,#3444,#3445,#3446,#3447,#3448),(#3449,#3450,#3451,#3452,#3453,
#3454,#3455,#3456,#3457),(#3458,#3459,#3460,#3461,#3462,#3463,#3464,#3465,
#3466),(#3467,#3468,#3469,#3470,#3471,#3472,#3473,#3474,#3475),(#3476,#3477,
#3478,#3479,#3480,#3481,#3482,#3483,#3484),(#3485,#3486,#3487,#3488,#3489,
#3490,#3491,#3492,#3493),(#3494,#3495,#3496,#3497,#3498,#3499,#3500,#3501,
#3502)),.UNSPECIFIED.,.T.,.T.,.F.)
B_SPLINE_SURFACE_WITH_KNOTS((3,2,2,2,3),(3,2,2,2,3),(-3.14159265358979,
-1.5707963267949,0.,1.5707963267949,3.14159265358979),(0.,1.5707963267949,
3.14159265358979,4.71238898038469,6.28318530717959),.UNSPECIFIED.)
GEOMETRIC_REPRESENTATION_ITEM()
RATIONAL_B_SPLINE_SURFACE(((1.,0.707106781186548,1.,0.707106781186548,1.,
0.707106781186548,1.,0.707106781186548,1.),(0.707106781186544,0.499999999999998,
0.707106781186544,0.499999999999998,0.707106781186544,0.499999999999998,
0.707106781186544,0.499999999999998,0.707106781186544),(1.,0.707106781186548,
1.,0.707106781186548,1.,0.707106781186548,1.,0.707106781186548,1.),(0.707106781186545,
0.499999999999998,0.707106781186545,0.499999999999998,0.707106781186545,
0.499999999999998,0.707106781186545,0.499999999999998,0.707106781186545),
(1.,0.707106781186548,1.,0.707106781186548,1.,0.707106781186548,1.,0.707106781186548,
1.),(0.707106781186544,0.499999999999998,0.707106781186544,0.499999999999998,
0.707106781186544,0.499999999999998,0.707106781186544,0.499999999999998,
0.707106781186544),(1.,0.707106781186548,1.,0.707106781186548,1.,0.707106781186548,
1.,0.707106781186548,1.),(0.707106781186544,0.499999999999998,0.707106781186544,
0.499999999999998,0.707106781186544,0.499999999999998,0.707106781186544,
0.499999999999998,0.707106781186544),(1.,0.707106781186548,1.,0.707106781186548,
1.,0.707106781186548,1.,0.707106781186548,1.)))
REPRESENTATION_ITEM('')
SURFACE()
);
#67=(
BOUNDED_SURFACE()
B_SPLINE_SURFACE(2,2,((#3506,#3507,#3508,#3509,#3510,#3511,#3512,#3513,
#3514,#3515,#3516),(#3517,#3518,#3519,#3520,#3521,#3522,#3523,#3524,#3525,
#3526,#3527),(#3528,#3529,#3530,#3531,#3532,#3533,#3534,#3535,#3536,#3537,
#3538),(#3539,#3540,#3541,#3542,#3543,#3544,#3545,#3546,#3547,#3548,#3549),
(#3550,#3551,#3552,#3553,#3554,#3555,#3556,#3557,#3558,#3559,#3560),(#3561,
#3562,#3563,#3564,#3565,#3566,#3567,#3568,#3569,#3570,#3571),(#3572,#3573,
#3574,#3575,#3576,#3577,#3578,#3579,#3580,#3581,#3582),(#3583,#3584,#3585,
#3586,#3587,#3588,#3589,#3590,#3591,#3592,#3593),(#3594,#3595,#3596,#3597,
#3598,#3599,#3600,#3601,#3602,#3603,#3604)),.UNSPECIFIED.,.T.,.T.,.F.)
B_SPLINE_SURFACE_WITH_KNOTS((3,2,2,2,3),(3,2,2,2,2,3),(-3.14159265358979,
-1.5707963267949,0.,1.5707963267949,3.14159265358979),(6.16494541110981,
6.28318530717959,7.85398163397448,9.42477796076938,10.9955742875643,12.4481307182894),
 .UNSPECIFIED.)
GEOMETRIC_REPRESENTATION_ITEM()
RATIONAL_B_SPLINE_SURFACE(((0.959224751999835,0.977952798105463,1.,0.707106781186548,
1.,0.707106781186548,1.,0.707106781186548,1.,0.729153983081085,0.959224751999835),
(0.678274326821065,0.691517055220728,0.707106781186544,0.499999999999998,
0.707106781186544,0.499999999999998,0.707106781186544,0.499999999999998,
0.707106781186544,0.515589725965814,0.678274326821065),(0.959224751999835,
0.977952798105463,1.,0.707106781186548,1.,0.707106781186548,1.,0.707106781186548,
1.,0.729153983081085,0.959224751999835),(0.67827432682107,0.691517055220733,
0.70710678118655,0.500000000000001,0.70710678118655,0.500000000000001,0.70710678118655,
0.500000000000001,0.70710678118655,0.515589725965818,0.67827432682107),
(0.959224751999835,0.977952798105463,1.,0.707106781186548,1.,0.707106781186548,
1.,0.707106781186548,1.,0.729153983081085,0.959224751999835),(0.678274326821065,
0.691517055220729,0.707106781186545,0.499999999999998,0.707106781186545,
0.499999999999998,0.707106781186545,0.499999999999998,0.707106781186545,
0.515589725965814,0.678274326821065),(0.959224751999835,0.977952798105463,
1.,0.707106781186548,1.,0.707106781186548,1.,0.707106781186548,1.,0.729153983081085,
0.959224751999835),(0.67827432682107,0.691517055220734,0.70710678118655,
0.500000000000002,0.70710678118655,0.500000000000002,0.70710678118655,0.500000000000002,
0.70710678118655,0.515589725965818,0.67827432682107),(0.959224751999835,
0.977952798105463,1.,0.707106781186548,1.,0.707106781186548,1.,0.707106781186548,
1.,0.729153983081085,0.959224751999835)))
REPRESENTATION_ITEM('')
SURFACE()
);
#68=(
BOUNDED_SURFACE()
B_SPLINE_SURFACE(1,2,((#3606,#3607,#3608),(#3609,#3610,#3611)),
 .UNSPECIFIED.,.F.,.F.,.F.)
B_SPLINE_SURFACE_WITH_KNOTS((2,2),(3,3),(0.120000000000001,0.408000000000002),
(-2.11568061954594,-2.10432054381702),.UNSPECIFIED.)
GEOMETRIC_REPRESENTATION_ITEM()
RATIONAL_B_SPLINE_SURFACE(((1.,0.9999838686283,1.),(1.,0.9999838686283,
1.)))
REPRESENTATION_ITEM('')
SURFACE()
);
#69=(
BOUNDED_SURFACE()
B_SPLINE_SURFACE(1,2,((#3613,#3614,#3615),(#3616,#3617,#3618)),
 .UNSPECIFIED.,.F.,.F.,.F.)
B_SPLINE_SURFACE_WITH_KNOTS((2,2),(3,3),(0.,0.989954327192452),(-2.1168134734764,
-1.72097925599951),.UNSPECIFIED.)
GEOMETRIC_REPRESENTATION_ITEM()
RATIONAL_B_SPLINE_SURFACE(((1.,0.980478258177784,1.),(1.,0.980478258177784,
1.)))
REPRESENTATION_ITEM('')
SURFACE()
);
#70=(
BOUNDED_SURFACE()
B_SPLINE_SURFACE(1,2,((#3622,#3623,#3624),(#3625,#3626,#3627)),
 .UNSPECIFIED.,.F.,.F.,.F.)
B_SPLINE_SURFACE_WITH_KNOTS((2,2),(3,3),(0.,1.18379197229422),(-2.63960295230326,
-2.47993531143859),.UNSPECIFIED.)
GEOMETRIC_REPRESENTATION_ITEM()
RATIONAL_B_SPLINE_SURFACE(((1.,0.996814972728189,1.),(1.,0.996814972728189,
1.)))
REPRESENTATION_ITEM('')
SURFACE()
);
#71=(
BOUNDED_SURFACE()
B_SPLINE_SURFACE(1,2,((#3631,#3632,#3633),(#3634,#3635,#3636)),
 .UNSPECIFIED.,.F.,.F.,.F.)
B_SPLINE_SURFACE_WITH_KNOTS((2,2),(3,3),(0.,1.18379197229422),(-0.392187383009199,
-0.232519742144538),.UNSPECIFIED.)
GEOMETRIC_REPRESENTATION_ITEM()
RATIONAL_B_SPLINE_SURFACE(((1.,0.99681497272819,1.),(1.,0.99681497272819,
1.)))
REPRESENTATION_ITEM('')
SURFACE()
);
#72=(
BOUNDED_SURFACE()
B_SPLINE_SURFACE(1,2,((#3640,#3641,#3642),(#3643,#3644,#3645)),
 .UNSPECIFIED.,.F.,.F.,.F.)
B_SPLINE_SURFACE_WITH_KNOTS((2,2),(3,3),(0.,0.989954327192452),(-1.15114343844831,
-0.755309220971411),.UNSPECIFIED.)
GEOMETRIC_REPRESENTATION_ITEM()
RATIONAL_B_SPLINE_SURFACE(((1.,0.980478258177783,1.),(1.,0.980478258177783,
1.)))
REPRESENTATION_ITEM('')
SURFACE()
);
#73=(
BOUNDED_SURFACE()
B_SPLINE_SURFACE(1,2,((#3649,#3650,#3651),(#3652,#3653,#3654)),
 .UNSPECIFIED.,.F.,.F.,.F.)
B_SPLINE_SURFACE_WITH_KNOTS((2,2),(3,3),(0.,0.196446635415103),(-1.40029213265599,
-1.20886426216184),.UNSPECIFIED.)
GEOMETRIC_REPRESENTATION_ITEM()
RATIONAL_B_SPLINE_SURFACE(((1.,0.995422917182268,1.),(1.,0.995422917182268,
1.)))
REPRESENTATION_ITEM('')
SURFACE()
);
#74=LINE('',#1238,#99);
#75=LINE('',#1244,#100);
#76=LINE('',#2060,#101);
#77=LINE('',#2074,#102);
#78=LINE('',#2082,#103);
#79=LINE('',#2874,#104);
#80=LINE('',#2875,#105);
#81=LINE('',#2882,#106);
#82=LINE('',#2889,#107);
#83=LINE('',#2896,#108);
#84=LINE('',#2903,#109);
#85=LINE('',#2910,#110);
#86=LINE('',#2917,#111);
#87=LINE('',#2931,#112);
#88=LINE('',#2934,#113);
#89=LINE('',#2943,#114);
#90=LINE('',#2959,#115);
#91=LINE('',#3280,#116);
#92=LINE('',#3283,#117);
#93=LINE('',#3293,#118);
#94=LINE('',#3612,#119);
#95=LINE('',#3621,#120);
#96=LINE('',#3630,#121);
#97=LINE('',#3639,#122);
#98=LINE('',#3648,#123);
#99=VECTOR('',#1010,0.6);
#100=VECTOR('',#1017,0.6);
#101=VECTOR('',#1086,0.47244094488189);
#102=VECTOR('',#1089,0.47244094488189);
#103=VECTOR('',#1090,1.2);
#104=VECTOR('',#1143,0.47244094488189);
#105=VECTOR('',#1144,1.2);
#106=VECTOR('',#1145,0.47244094488189);
#107=VECTOR('',#1146,0.47244094488189);
#108=VECTOR('',#1147,0.47244094488189);
#109=VECTOR('',#1148,0.47244094488189);
#110=VECTOR('',#1149,0.47244094488189);
#111=VECTOR('',#1150,0.47244094488189);
#112=VECTOR('',#1151,0.47244094488189);
#113=VECTOR('',#1154,0.47244094488189);
#114=VECTOR('',#1157,0.47244094488189);
#115=VECTOR('',#1162,0.47244094488189);
#116=VECTOR('',#1181,0.47244094488189);
#117=VECTOR('',#1184,0.47244094488189);
#118=VECTOR('',#1187,0.47244094488189);
#119=VECTOR('',#1214,0.47244094488189);
#120=VECTOR('',#1217,0.47244094488189);
#121=VECTOR('',#1220,0.47244094488189);
#122=VECTOR('',#1223,0.47244094488189);
#123=VECTOR('',#1226,0.47244094488189);
#124=CONICAL_SURFACE('',#900,0.6,1.19028994968253);
#125=CONICAL_SURFACE('',#904,0.6,1.19028994968253);
#126=FACE_OUTER_BOUND('',#181,.T.);
#127=FACE_OUTER_BOUND('',#182,.T.);
#128=FACE_OUTER_BOUND('',#183,.T.);
#129=FACE_OUTER_BOUND('',#184,.T.);
#130=FACE_OUTER_BOUND('',#185,.T.);
#131=FACE_OUTER_BOUND('',#186,.T.);
#132=FACE_OUTER_BOUND('',#187,.T.);
#133=FACE_OUTER_BOUND('',#188,.T.);
#134=FACE_OUTER_BOUND('',#189,.T.);
#135=FACE_OUTER_BOUND('',#190,.T.);
#136=FACE_OUTER_BOUND('',#191,.T.);
#137=FACE_OUTER_BOUND('',#192,.T.);
#138=FACE_OUTER_BOUND('',#193,.T.);
#139=FACE_OUTER_BOUND('',#194,.T.);
#140=FACE_OUTER_BOUND('',#196,.T.);
#141=FACE_OUTER_BOUND('',#197,.T.);
#142=FACE_OUTER_BOUND('',#198,.T.);
#143=FACE_OUTER_BOUND('',#199,.T.);
#144=FACE_OUTER_BOUND('',#200,.T.);
#145=FACE_OUTER_BOUND('',#201,.T.);
#146=FACE_OUTER_BOUND('',#202,.T.);
#147=FACE_OUTER_BOUND('',#203,.T.);
#148=FACE_OUTER_BOUND('',#204,.T.);
#149=FACE_OUTER_BOUND('',#205,.T.);
#150=FACE_OUTER_BOUND('',#206,.T.);
#151=FACE_OUTER_BOUND('',#207,.T.);
#152=FACE_OUTER_BOUND('',#208,.T.);
#153=FACE_OUTER_BOUND('',#209,.T.);
#154=FACE_OUTER_BOUND('',#210,.T.);
#155=FACE_OUTER_BOUND('',#211,.T.);
#156=FACE_OUTER_BOUND('',#212,.T.);
#157=FACE_OUTER_BOUND('',#213,.T.);
#158=FACE_OUTER_BOUND('',#214,.T.);
#159=FACE_OUTER_BOUND('',#215,.T.);
#160=FACE_OUTER_BOUND('',#216,.T.);
#161=FACE_OUTER_BOUND('',#217,.T.);
#162=FACE_OUTER_BOUND('',#218,.T.);
#163=FACE_OUTER_BOUND('',#219,.T.);
#164=FACE_OUTER_BOUND('',#220,.T.);
#165=FACE_OUTER_BOUND('',#222,.T.);
#166=FACE_OUTER_BOUND('',#223,.T.);
#167=FACE_OUTER_BOUND('',#224,.T.);
#168=FACE_OUTER_BOUND('',#225,.T.);
#169=FACE_OUTER_BOUND('',#226,.T.);
#170=FACE_OUTER_BOUND('',#227,.T.);
#171=FACE_OUTER_BOUND('',#228,.T.);
#172=FACE_OUTER_BOUND('',#229,.T.);
#173=FACE_OUTER_BOUND('',#230,.T.);
#174=FACE_OUTER_BOUND('',#231,.T.);
#175=FACE_OUTER_BOUND('',#232,.T.);
#176=FACE_OUTER_BOUND('',#233,.T.);
#177=FACE_OUTER_BOUND('',#234,.T.);
#178=FACE_OUTER_BOUND('',#235,.T.);
#179=FACE_OUTER_BOUND('',#236,.T.);
#180=FACE_OUTER_BOUND('',#237,.T.);
#181=EDGE_LOOP('',(#535));
#182=EDGE_LOOP('',(#536,#537,#538,#539));
#183=EDGE_LOOP('',(#540));
#184=EDGE_LOOP('',(#541,#542,#543,#544));
#185=EDGE_LOOP('',(#545,#546,#547,#548));
#186=EDGE_LOOP('',(#549,#550,#551,#552));
#187=EDGE_LOOP('',(#553,#554,#555,#556));
#188=EDGE_LOOP('',(#557,#558,#559,#560));
#189=EDGE_LOOP('',(#561,#562,#563,#564));
#190=EDGE_LOOP('',(#565,#566,#567,#568));
#191=EDGE_LOOP('',(#569,#570,#571,#572));
#192=EDGE_LOOP('',(#573,#574,#575,#576));
#193=EDGE_LOOP('',(#577,#578,#579,#580));
#194=EDGE_LOOP('',(#581,#582,#583,#584,#585,#586,#587,#588,#589,#590,#591,
#592,#593,#594,#595));
#195=EDGE_LOOP('',(#596));
#196=EDGE_LOOP('',(#597,#598,#599,#600,#601,#602));
#197=EDGE_LOOP('',(#603,#604,#605,#606));
#198=EDGE_LOOP('',(#607,#608,#609,#610));
#199=EDGE_LOOP('',(#611,#612,#613,#614));
#200=EDGE_LOOP('',(#615,#616,#617,#618));
#201=EDGE_LOOP('',(#619,#620,#621,#622));
#202=EDGE_LOOP('',(#623,#624,#625,#626));
#203=EDGE_LOOP('',(#627,#628,#629,#630));
#204=EDGE_LOOP('',(#631,#632,#633,#634));
#205=EDGE_LOOP('',(#635,#636,#637,#638));
#206=EDGE_LOOP('',(#639,#640,#641,#642));
#207=EDGE_LOOP('',(#643,#644,#645,#646));
#208=EDGE_LOOP('',(#647,#648,#649,#650));
#209=EDGE_LOOP('',(#651,#652,#653,#654));
#210=EDGE_LOOP('',(#655,#656,#657,#658));
#211=EDGE_LOOP('',(#659,#660,#661,#662));
#212=EDGE_LOOP('',(#663,#664,#665,#666));
#213=EDGE_LOOP('',(#667,#668,#669,#670));
#214=EDGE_LOOP('',(#671,#672,#673,#674));
#215=EDGE_LOOP('',(#675,#676,#677,#678));
#216=EDGE_LOOP('',(#679,#680,#681,#682));
#217=EDGE_LOOP('',(#683,#684,#685,#686,#687,#688));
#218=EDGE_LOOP('',(#689,#690,#691,#692));
#219=EDGE_LOOP('',(#693,#694,#695,#696));
#220=EDGE_LOOP('',(#697,#698,#699,#700,#701,#702,#703,#704,#705,#706,#707,
#708,#709,#710,#711));
#221=EDGE_LOOP('',(#712));
#222=EDGE_LOOP('',(#713,#714,#715,#716));
#223=EDGE_LOOP('',(#717,#718,#719,#720));
#224=EDGE_LOOP('',(#721,#722,#723));
#225=EDGE_LOOP('',(#724,#725,#726,#727));
#226=EDGE_LOOP('',(#728,#729,#730,#731,#732,#733));
#227=EDGE_LOOP('',(#734,#735,#736,#737,#738,#739,#740,#741,#742));
#228=EDGE_LOOP('',(#743,#744,#745,#746));
#229=EDGE_LOOP('',(#747,#748,#749,#750));
#230=EDGE_LOOP('',(#751,#752,#753));
#231=EDGE_LOOP('',(#754,#755,#756,#757));
#232=EDGE_LOOP('',(#758,#759,#760,#761));
#233=EDGE_LOOP('',(#762,#763,#764,#765));
#234=EDGE_LOOP('',(#766,#767,#768,#769));
#235=EDGE_LOOP('',(#770,#771,#772,#773));
#236=EDGE_LOOP('',(#774,#775,#776,#777,#778,#779));
#237=EDGE_LOOP('',(#780,#781,#782,#783,#784,#785,#786,#787,#788));
#238=ELLIPSE('',#899,0.3,0.24);
#239=ELLIPSE('',#901,0.6,0.48);
#240=ELLIPSE('',#903,0.3,0.24);
#241=ELLIPSE('',#905,0.6,0.48);
#242=ELLIPSE('',#906,1.275,1.02);
#243=ELLIPSE('',#907,0.192011381144203,0.18);
#244=ELLIPSE('',#908,1.5,1.2);
#245=ELLIPSE('',#910,9.10014897469065,7.28011917975252);
#246=ELLIPSE('',#911,8.87514897469065,7.10011917975252);
#247=ELLIPSE('',#912,0.204638697144113,0.18);
#248=ELLIPSE('',#913,0.75,0.6);
#249=ELLIPSE('',#914,0.525,0.42);
#250=ELLIPSE('',#915,0.223873333739737,0.18);
#251=ELLIPSE('',#916,1.08303965930705,0.866431727445642);
#252=ELLIPSE('',#917,0.858039659307052,0.686431727445642);
#253=ELLIPSE('',#918,0.223710599622788,0.18);
#254=ELLIPSE('',#919,15.,12.);
#255=ELLIPSE('',#920,15.225,12.18);
#256=ELLIPSE('',#921,0.218196346384632,0.18);
#257=ELLIPSE('',#922,1.08303965930705,0.866431727445642);
#258=ELLIPSE('',#923,0.858039659307052,0.686431727445642);
#259=ELLIPSE('',#924,0.185769098145189,0.18);
#260=ELLIPSE('',#925,0.75,0.6);
#261=ELLIPSE('',#926,0.525,0.42);
#262=ELLIPSE('',#927,0.181468826132939,0.18);
#263=ELLIPSE('',#928,9.10014897469069,7.28011917975256);
#264=ELLIPSE('',#929,8.87514897469069,7.10011917975256);
#265=ELLIPSE('',#930,1.5,1.2);
#266=ELLIPSE('',#931,1.275,1.02);
#267=ELLIPSE('',#933,4.03162924285498,3.22530339428399);
#268=ELLIPSE('',#934,0.800036909021997,0.640029527217598);
#269=ELLIPSE('',#935,0.669036468008043,0.535229174406434);
#270=ELLIPSE('',#936,0.669036468008043,0.535229174406434);
#271=ELLIPSE('',#937,0.800036909021997,0.640029527217597);
#272=ELLIPSE('',#938,4.03162924285498,3.22530339428399);
#273=ELLIPSE('',#939,4.03162924285498,3.22530339428399);
#274=ELLIPSE('',#940,1.5,1.2);
#275=ELLIPSE('',#941,1.275,1.02);
#276=ELLIPSE('',#942,0.181468826132939,0.18);
#277=ELLIPSE('',#943,1.5,1.2);
#278=ELLIPSE('',#944,0.185769098145189,0.18);
#279=ELLIPSE('',#945,9.10014897469069,7.28011917975256);
#280=ELLIPSE('',#946,8.87514897469069,7.10011917975256);
#281=ELLIPSE('',#947,0.218196346384632,0.18);
#282=ELLIPSE('',#948,0.75,0.6);
#283=ELLIPSE('',#949,0.525,0.42);
#284=ELLIPSE('',#950,0.223710599622788,0.18);
#285=ELLIPSE('',#951,1.08303965930705,0.866431727445642);
#286=ELLIPSE('',#952,0.858039659307052,0.686431727445642);
#287=ELLIPSE('',#953,0.223873333739737,0.18);
#288=ELLIPSE('',#954,15.,12.);
#289=ELLIPSE('',#955,15.225,12.18);
#290=ELLIPSE('',#956,0.204638697144113,0.18);
#291=ELLIPSE('',#957,1.08303965930705,0.866431727445642);
#292=ELLIPSE('',#958,0.858039659307052,0.686431727445642);
#293=ELLIPSE('',#960,0.75,0.6);
#294=ELLIPSE('',#961,0.525,0.42);
#295=ELLIPSE('',#962,0.192011381144203,0.18);
#296=ELLIPSE('',#963,9.10014897469065,7.28011917975252);
#297=ELLIPSE('',#964,8.87514897469065,7.10011917975252);
#298=ELLIPSE('',#965,1.275,1.02);
#299=ELLIPSE('',#966,0.669036468008043,0.535229174406434);
#300=ELLIPSE('',#967,0.800036909021997,0.640029527217597);
#301=ELLIPSE('',#968,4.03162924285498,3.22530339428399);
#302=ELLIPSE('',#969,0.800036909021997,0.640029527217598);
#303=ELLIPSE('',#970,0.669036468008043,0.535229174406434);
#304=ELLIPSE('',#972,0.208397480990721,0.18);
#305=ELLIPSE('',#973,0.450000000000001,0.360000000000001);
#306=ELLIPSE('',#974,0.193122325275331,0.180000000000001);
#307=ELLIPSE('',#975,0.225000000000001,0.180000000000001);
#308=ELLIPSE('',#976,1.27499999999999,1.02);
#309=ELLIPSE('',#977,1.49999999999999,1.2);
#310=ELLIPSE('',#978,0.225,0.18);
#311=ELLIPSE('',#979,0.450000000000001,0.360000000000001);
#312=ELLIPSE('',#980,4.03162924285498,3.22530339428399);
#313=ELLIPSE('',#981,4.03162924285498,3.22530339428399);
#314=ELLIPSE('',#983,4.03162924285498,3.22530339428399);
#315=ELLIPSE('',#984,0.800036909021997,0.640029527217597);
#316=ELLIPSE('',#985,0.669036468008043,0.535229174406434);
#317=ELLIPSE('',#986,0.669036468008043,0.535229174406434);
#318=ELLIPSE('',#987,0.800036909021997,0.640029527217598);
#319=ELLIPSE('',#988,1.49999999999999,1.2);
#320=ELLIPSE('',#989,0.193122325275329,0.18);
#321=ELLIPSE('',#990,1.27499999999999,1.02);
#322=ELLIPSE('',#991,0.208397480990721,0.18);
#323=ELLIPSE('',#992,0.225000000000001,0.180000000000001);
#324=ELLIPSE('',#993,0.225,0.18);
#325=ELLIPSE('',#994,0.800036909021997,0.640029527217598);
#326=ELLIPSE('',#995,0.669036468008043,0.535229174406434);
#327=ELLIPSE('',#996,0.669036468008043,0.535229174406434);
#328=ELLIPSE('',#997,0.800036909021997,0.640029527217597);
#329=ELLIPSE('',#998,4.03162924285498,3.22530339428399);
#330=VERTEX_POINT('',#1233);
#331=VERTEX_POINT('',#1236);
#332=VERTEX_POINT('',#1240);
#333=VERTEX_POINT('',#1243);
#334=VERTEX_POINT('',#1327);
#335=VERTEX_POINT('',#1328);
#336=VERTEX_POINT('',#1339);
#337=VERTEX_POINT('',#1341);
#338=VERTEX_POINT('',#1425);
#339=VERTEX_POINT('',#1426);
#340=VERTEX_POINT('',#1511);
#341=VERTEX_POINT('',#1512);
#342=VERTEX_POINT('',#1597);
#343=VERTEX_POINT('',#1598);
#344=VERTEX_POINT('',#1683);
#345=VERTEX_POINT('',#1684);
#346=VERTEX_POINT('',#1769);
#347=VERTEX_POINT('',#1770);
#348=VERTEX_POINT('',#1855);
#349=VERTEX_POINT('',#1856);
#350=VERTEX_POINT('',#1941);
#351=VERTEX_POINT('',#1942);
#352=VERTEX_POINT('',#2027);
#353=VERTEX_POINT('',#2028);
#354=VERTEX_POINT('',#2042);
#355=VERTEX_POINT('',#2044);
#356=VERTEX_POINT('',#2046);
#357=VERTEX_POINT('',#2048);
#358=VERTEX_POINT('',#2050);
#359=VERTEX_POINT('',#2059);
#360=VERTEX_POINT('',#2061);
#361=VERTEX_POINT('',#2072);
#362=VERTEX_POINT('',#2081);
#363=VERTEX_POINT('',#2165);
#364=VERTEX_POINT('',#2166);
#365=VERTEX_POINT('',#2180);
#366=VERTEX_POINT('',#2182);
#367=VERTEX_POINT('',#2266);
#368=VERTEX_POINT('',#2267);
#369=VERTEX_POINT('',#2352);
#370=VERTEX_POINT('',#2353);
#371=VERTEX_POINT('',#2438);
#372=VERTEX_POINT('',#2439);
#373=VERTEX_POINT('',#2524);
#374=VERTEX_POINT('',#2525);
#375=VERTEX_POINT('',#2610);
#376=VERTEX_POINT('',#2611);
#377=VERTEX_POINT('',#2696);
#378=VERTEX_POINT('',#2697);
#379=VERTEX_POINT('',#2782);
#380=VERTEX_POINT('',#2930);
#381=VERTEX_POINT('',#2932);
#382=VERTEX_POINT('',#2941);
#383=VERTEX_POINT('',#2957);
#384=VERTEX_POINT('',#3067);
#385=VERTEX_POINT('',#3068);
#386=VERTEX_POINT('',#3070);
#387=VERTEX_POINT('',#3072);
#388=VERTEX_POINT('',#3156);
#389=VERTEX_POINT('',#3157);
#390=VERTEX_POINT('',#3251);
#391=VERTEX_POINT('',#3279);
#392=VERTEX_POINT('',#3281);
#393=VERTEX_POINT('',#3290);
#394=VERTEX_POINT('',#3292);
#395=VERTEX_POINT('',#3294);
#396=VERTEX_POINT('',#3313);
#397=VERTEX_POINT('',#3315);
#398=VERTEX_POINT('',#3317);
#399=VERTEX_POINT('',#3319);
#400=VERTEX_POINT('',#3403);
#401=VERTEX_POINT('',#3404);
#402=VERTEX_POINT('',#3419);
#403=VERTEX_POINT('',#3503);
#404=VERTEX_POINT('',#3619);
#405=VERTEX_POINT('',#3628);
#406=VERTEX_POINT('',#3637);
#407=VERTEX_POINT('',#3646);
#408=EDGE_CURVE('',#330,#330,#238,.T.);
#409=EDGE_CURVE('',#331,#331,#239,.T.);
#410=EDGE_CURVE('',#331,#330,#74,.T.);
#411=EDGE_CURVE('',#332,#332,#240,.T.);
#412=EDGE_CURVE('',#332,#333,#75,.T.);
#413=EDGE_CURVE('',#333,#333,#241,.T.);
#414=EDGE_CURVE('',#334,#335,#19,.T.);
#415=EDGE_CURVE('',#335,#336,#242,.T.);
#416=EDGE_CURVE('',#336,#337,#243,.T.);
#417=EDGE_CURVE('',#337,#334,#244,.T.);
#418=EDGE_CURVE('',#338,#339,#17,.T.);
#419=EDGE_CURVE('',#339,#337,#245,.T.);
#420=EDGE_CURVE('',#336,#338,#246,.T.);
#421=EDGE_CURVE('',#340,#341,#247,.T.);
#422=EDGE_CURVE('',#341,#339,#248,.T.);
#423=EDGE_CURVE('',#338,#340,#249,.T.);
#424=EDGE_CURVE('',#342,#343,#250,.T.);
#425=EDGE_CURVE('',#343,#341,#251,.T.);
#426=EDGE_CURVE('',#340,#342,#252,.T.);
#427=EDGE_CURVE('',#344,#345,#253,.T.);
#428=EDGE_CURVE('',#345,#343,#254,.T.);
#429=EDGE_CURVE('',#342,#344,#255,.T.);
#430=EDGE_CURVE('',#346,#347,#256,.T.);
#431=EDGE_CURVE('',#347,#345,#257,.T.);
#432=EDGE_CURVE('',#344,#346,#258,.T.);
#433=EDGE_CURVE('',#348,#349,#259,.T.);
#434=EDGE_CURVE('',#349,#347,#260,.T.);
#435=EDGE_CURVE('',#346,#348,#261,.T.);
#436=EDGE_CURVE('',#350,#351,#262,.T.);
#437=EDGE_CURVE('',#351,#349,#263,.T.);
#438=EDGE_CURVE('',#348,#350,#264,.T.);
#439=EDGE_CURVE('',#352,#353,#20,.T.);
#440=EDGE_CURVE('',#353,#351,#265,.T.);
#441=EDGE_CURVE('',#350,#352,#266,.T.);
#442=EDGE_CURVE('',#335,#354,#267,.T.);
#443=EDGE_CURVE('',#354,#355,#268,.T.);
#444=EDGE_CURVE('',#355,#356,#269,.T.);
#445=EDGE_CURVE('',#356,#357,#270,.T.);
#446=EDGE_CURVE('',#357,#358,#271,.T.);
#447=EDGE_CURVE('',#358,#352,#272,.T.);
#448=EDGE_CURVE('',#334,#359,#76,.T.);
#449=EDGE_CURVE('',#360,#359,#21,.T.);
#450=EDGE_CURVE('',#361,#360,#273,.T.);
#451=EDGE_CURVE('',#361,#354,#77,.T.);
#452=EDGE_CURVE('',#337,#362,#78,.T.);
#453=EDGE_CURVE('',#359,#362,#274,.T.);
#454=EDGE_CURVE('',#363,#364,#22,.T.);
#455=EDGE_CURVE('',#364,#365,#275,.T.);
#456=EDGE_CURVE('',#365,#366,#276,.T.);
#457=EDGE_CURVE('',#366,#363,#277,.T.);
#458=EDGE_CURVE('',#367,#368,#278,.T.);
#459=EDGE_CURVE('',#368,#366,#279,.T.);
#460=EDGE_CURVE('',#365,#367,#280,.T.);
#461=EDGE_CURVE('',#369,#370,#281,.T.);
#462=EDGE_CURVE('',#370,#368,#282,.T.);
#463=EDGE_CURVE('',#367,#369,#283,.T.);
#464=EDGE_CURVE('',#371,#372,#284,.T.);
#465=EDGE_CURVE('',#372,#370,#285,.T.);
#466=EDGE_CURVE('',#369,#371,#286,.T.);
#467=EDGE_CURVE('',#373,#374,#287,.T.);
#468=EDGE_CURVE('',#374,#372,#288,.T.);
#469=EDGE_CURVE('',#371,#373,#289,.T.);
#470=EDGE_CURVE('',#375,#376,#290,.T.);
#471=EDGE_CURVE('',#376,#374,#291,.T.);
#472=EDGE_CURVE('',#373,#375,#292,.T.);
#473=EDGE_CURVE('',#377,#378,#18,.T.);
#474=EDGE_CURVE('',#378,#376,#293,.T.);
#475=EDGE_CURVE('',#375,#377,#294,.T.);
#476=EDGE_CURVE('',#379,#362,#295,.T.);
#477=EDGE_CURVE('',#362,#378,#296,.T.);
#478=EDGE_CURVE('',#377,#379,#297,.T.);
#479=EDGE_CURVE('',#379,#360,#298,.T.);
#480=EDGE_CURVE('',#353,#363,#79,.T.);
#481=EDGE_CURVE('',#366,#351,#80,.T.);
#482=EDGE_CURVE('',#349,#368,#81,.T.);
#483=EDGE_CURVE('',#370,#347,#82,.T.);
#484=EDGE_CURVE('',#345,#372,#83,.T.);
#485=EDGE_CURVE('',#374,#343,#84,.T.);
#486=EDGE_CURVE('',#341,#376,#85,.T.);
#487=EDGE_CURVE('',#378,#339,#86,.T.);
#488=EDGE_CURVE('',#380,#356,#87,.T.);
#489=EDGE_CURVE('',#381,#380,#299,.T.);
#490=EDGE_CURVE('',#381,#357,#88,.T.);
#491=EDGE_CURVE('',#382,#381,#300,.T.);
#492=EDGE_CURVE('',#382,#358,#89,.T.);
#493=EDGE_CURVE('',#364,#382,#301,.T.);
#494=EDGE_CURVE('',#383,#361,#302,.T.);
#495=EDGE_CURVE('',#383,#355,#90,.T.);
#496=EDGE_CURVE('',#380,#383,#303,.T.);
#497=EDGE_CURVE('',#384,#385,#304,.T.);
#498=EDGE_CURVE('',#385,#386,#305,.T.);
#499=EDGE_CURVE('',#386,#387,#306,.T.);
#500=EDGE_CURVE('',#387,#384,#307,.T.);
#501=EDGE_CURVE('',#388,#389,#23,.T.);
#502=EDGE_CURVE('',#389,#387,#308,.T.);
#503=EDGE_CURVE('',#386,#388,#309,.T.);
#504=EDGE_CURVE('',#390,#385,#24,.T.);
#505=EDGE_CURVE('',#384,#390,#310,.T.);
#506=EDGE_CURVE('',#391,#385,#91,.T.);
#507=EDGE_CURVE('',#392,#391,#311,.T.);
#508=EDGE_CURVE('',#392,#386,#92,.T.);
#509=EDGE_CURVE('',#393,#390,#312,.T.);
#510=EDGE_CURVE('',#394,#393,#93,.T.);
#511=EDGE_CURVE('',#395,#394,#313,.T.);
#512=EDGE_CURVE('',#391,#395,#25,.T.);
#513=EDGE_CURVE('',#389,#396,#314,.T.);
#514=EDGE_CURVE('',#396,#397,#315,.T.);
#515=EDGE_CURVE('',#397,#398,#316,.T.);
#516=EDGE_CURVE('',#398,#399,#317,.T.);
#517=EDGE_CURVE('',#399,#393,#318,.T.);
#518=EDGE_CURVE('',#400,#401,#26,.T.);
#519=EDGE_CURVE('',#401,#392,#319,.T.);
#520=EDGE_CURVE('',#392,#402,#320,.T.);
#521=EDGE_CURVE('',#402,#400,#321,.T.);
#522=EDGE_CURVE('',#391,#403,#322,.T.);
#523=EDGE_CURVE('',#403,#402,#323,.T.);
#524=EDGE_CURVE('',#395,#403,#324,.T.);
#525=EDGE_CURVE('',#401,#388,#94,.T.);
#526=EDGE_CURVE('',#394,#404,#325,.T.);
#527=EDGE_CURVE('',#404,#399,#95,.T.);
#528=EDGE_CURVE('',#404,#405,#326,.T.);
#529=EDGE_CURVE('',#405,#398,#96,.T.);
#530=EDGE_CURVE('',#405,#406,#327,.T.);
#531=EDGE_CURVE('',#406,#397,#97,.T.);
#532=EDGE_CURVE('',#406,#407,#328,.T.);
#533=EDGE_CURVE('',#407,#396,#98,.T.);
#534=EDGE_CURVE('',#407,#400,#329,.T.);
#535=ORIENTED_EDGE('',*,*,#408,.T.);
#536=ORIENTED_EDGE('',*,*,#409,.F.);
#537=ORIENTED_EDGE('',*,*,#410,.T.);
#538=ORIENTED_EDGE('',*,*,#408,.F.);
#539=ORIENTED_EDGE('',*,*,#410,.F.);
#540=ORIENTED_EDGE('',*,*,#411,.T.);
#541=ORIENTED_EDGE('',*,*,#411,.F.);
#542=ORIENTED_EDGE('',*,*,#412,.T.);
#543=ORIENTED_EDGE('',*,*,#413,.F.);
#544=ORIENTED_EDGE('',*,*,#412,.F.);
#545=ORIENTED_EDGE('',*,*,#414,.T.);
#546=ORIENTED_EDGE('',*,*,#415,.T.);
#547=ORIENTED_EDGE('',*,*,#416,.T.);
#548=ORIENTED_EDGE('',*,*,#417,.T.);
#549=ORIENTED_EDGE('',*,*,#418,.T.);
#550=ORIENTED_EDGE('',*,*,#419,.T.);
#551=ORIENTED_EDGE('',*,*,#416,.F.);
#552=ORIENTED_EDGE('',*,*,#420,.T.);
#553=ORIENTED_EDGE('',*,*,#421,.T.);
#554=ORIENTED_EDGE('',*,*,#422,.T.);
#555=ORIENTED_EDGE('',*,*,#418,.F.);
#556=ORIENTED_EDGE('',*,*,#423,.T.);
#557=ORIENTED_EDGE('',*,*,#424,.T.);
#558=ORIENTED_EDGE('',*,*,#425,.T.);
#559=ORIENTED_EDGE('',*,*,#421,.F.);
#560=ORIENTED_EDGE('',*,*,#426,.T.);
#561=ORIENTED_EDGE('',*,*,#427,.T.);
#562=ORIENTED_EDGE('',*,*,#428,.T.);
#563=ORIENTED_EDGE('',*,*,#424,.F.);
#564=ORIENTED_EDGE('',*,*,#429,.T.);
#565=ORIENTED_EDGE('',*,*,#430,.T.);
#566=ORIENTED_EDGE('',*,*,#431,.T.);
#567=ORIENTED_EDGE('',*,*,#427,.F.);
#568=ORIENTED_EDGE('',*,*,#432,.T.);
#569=ORIENTED_EDGE('',*,*,#433,.T.);
#570=ORIENTED_EDGE('',*,*,#434,.T.);
#571=ORIENTED_EDGE('',*,*,#430,.F.);
#572=ORIENTED_EDGE('',*,*,#435,.T.);
#573=ORIENTED_EDGE('',*,*,#436,.T.);
#574=ORIENTED_EDGE('',*,*,#437,.T.);
#575=ORIENTED_EDGE('',*,*,#433,.F.);
#576=ORIENTED_EDGE('',*,*,#438,.T.);
#577=ORIENTED_EDGE('',*,*,#439,.T.);
#578=ORIENTED_EDGE('',*,*,#440,.T.);
#579=ORIENTED_EDGE('',*,*,#436,.F.);
#580=ORIENTED_EDGE('',*,*,#441,.T.);
#581=ORIENTED_EDGE('',*,*,#441,.F.);
#582=ORIENTED_EDGE('',*,*,#438,.F.);
#583=ORIENTED_EDGE('',*,*,#435,.F.);
#584=ORIENTED_EDGE('',*,*,#432,.F.);
#585=ORIENTED_EDGE('',*,*,#429,.F.);
#586=ORIENTED_EDGE('',*,*,#426,.F.);
#587=ORIENTED_EDGE('',*,*,#423,.F.);
#588=ORIENTED_EDGE('',*,*,#420,.F.);
#589=ORIENTED_EDGE('',*,*,#415,.F.);
#590=ORIENTED_EDGE('',*,*,#442,.T.);
#591=ORIENTED_EDGE('',*,*,#443,.T.);
#592=ORIENTED_EDGE('',*,*,#444,.T.);
#593=ORIENTED_EDGE('',*,*,#445,.T.);
#594=ORIENTED_EDGE('',*,*,#446,.T.);
#595=ORIENTED_EDGE('',*,*,#447,.T.);
#596=ORIENTED_EDGE('',*,*,#413,.T.);
#597=ORIENTED_EDGE('',*,*,#414,.F.);
#598=ORIENTED_EDGE('',*,*,#448,.T.);
#599=ORIENTED_EDGE('',*,*,#449,.F.);
#600=ORIENTED_EDGE('',*,*,#450,.F.);
#601=ORIENTED_EDGE('',*,*,#451,.T.);
#602=ORIENTED_EDGE('',*,*,#442,.F.);
#603=ORIENTED_EDGE('',*,*,#417,.F.);
#604=ORIENTED_EDGE('',*,*,#452,.T.);
#605=ORIENTED_EDGE('',*,*,#453,.F.);
#606=ORIENTED_EDGE('',*,*,#448,.F.);
#607=ORIENTED_EDGE('',*,*,#454,.T.);
#608=ORIENTED_EDGE('',*,*,#455,.T.);
#609=ORIENTED_EDGE('',*,*,#456,.T.);
#610=ORIENTED_EDGE('',*,*,#457,.T.);
#611=ORIENTED_EDGE('',*,*,#458,.T.);
#612=ORIENTED_EDGE('',*,*,#459,.T.);
#613=ORIENTED_EDGE('',*,*,#456,.F.);
#614=ORIENTED_EDGE('',*,*,#460,.T.);
#615=ORIENTED_EDGE('',*,*,#461,.T.);
#616=ORIENTED_EDGE('',*,*,#462,.T.);
#617=ORIENTED_EDGE('',*,*,#458,.F.);
#618=ORIENTED_EDGE('',*,*,#463,.T.);
#619=ORIENTED_EDGE('',*,*,#464,.T.);
#620=ORIENTED_EDGE('',*,*,#465,.T.);
#621=ORIENTED_EDGE('',*,*,#461,.F.);
#622=ORIENTED_EDGE('',*,*,#466,.T.);
#623=ORIENTED_EDGE('',*,*,#467,.T.);
#624=ORIENTED_EDGE('',*,*,#468,.T.);
#625=ORIENTED_EDGE('',*,*,#464,.F.);
#626=ORIENTED_EDGE('',*,*,#469,.T.);
#627=ORIENTED_EDGE('',*,*,#470,.T.);
#628=ORIENTED_EDGE('',*,*,#471,.T.);
#629=ORIENTED_EDGE('',*,*,#467,.F.);
#630=ORIENTED_EDGE('',*,*,#472,.T.);
#631=ORIENTED_EDGE('',*,*,#473,.T.);
#632=ORIENTED_EDGE('',*,*,#474,.T.);
#633=ORIENTED_EDGE('',*,*,#470,.F.);
#634=ORIENTED_EDGE('',*,*,#475,.T.);
#635=ORIENTED_EDGE('',*,*,#476,.T.);
#636=ORIENTED_EDGE('',*,*,#477,.T.);
#637=ORIENTED_EDGE('',*,*,#473,.F.);
#638=ORIENTED_EDGE('',*,*,#478,.T.);
#639=ORIENTED_EDGE('',*,*,#449,.T.);
#640=ORIENTED_EDGE('',*,*,#453,.T.);
#641=ORIENTED_EDGE('',*,*,#476,.F.);
#642=ORIENTED_EDGE('',*,*,#479,.T.);
#643=ORIENTED_EDGE('',*,*,#440,.F.);
#644=ORIENTED_EDGE('',*,*,#480,.T.);
#645=ORIENTED_EDGE('',*,*,#457,.F.);
#646=ORIENTED_EDGE('',*,*,#481,.T.);
#647=ORIENTED_EDGE('',*,*,#437,.F.);
#648=ORIENTED_EDGE('',*,*,#481,.F.);
#649=ORIENTED_EDGE('',*,*,#459,.F.);
#650=ORIENTED_EDGE('',*,*,#482,.F.);
#651=ORIENTED_EDGE('',*,*,#434,.F.);
#652=ORIENTED_EDGE('',*,*,#482,.T.);
#653=ORIENTED_EDGE('',*,*,#462,.F.);
#654=ORIENTED_EDGE('',*,*,#483,.T.);
#655=ORIENTED_EDGE('',*,*,#431,.F.);
#656=ORIENTED_EDGE('',*,*,#483,.F.);
#657=ORIENTED_EDGE('',*,*,#465,.F.);
#658=ORIENTED_EDGE('',*,*,#484,.F.);
#659=ORIENTED_EDGE('',*,*,#428,.F.);
#660=ORIENTED_EDGE('',*,*,#484,.T.);
#661=ORIENTED_EDGE('',*,*,#468,.F.);
#662=ORIENTED_EDGE('',*,*,#485,.T.);
#663=ORIENTED_EDGE('',*,*,#425,.F.);
#664=ORIENTED_EDGE('',*,*,#485,.F.);
#665=ORIENTED_EDGE('',*,*,#471,.F.);
#666=ORIENTED_EDGE('',*,*,#486,.F.);
#667=ORIENTED_EDGE('',*,*,#422,.F.);
#668=ORIENTED_EDGE('',*,*,#486,.T.);
#669=ORIENTED_EDGE('',*,*,#474,.F.);
#670=ORIENTED_EDGE('',*,*,#487,.T.);
#671=ORIENTED_EDGE('',*,*,#419,.F.);
#672=ORIENTED_EDGE('',*,*,#487,.F.);
#673=ORIENTED_EDGE('',*,*,#477,.F.);
#674=ORIENTED_EDGE('',*,*,#452,.F.);
#675=ORIENTED_EDGE('',*,*,#445,.F.);
#676=ORIENTED_EDGE('',*,*,#488,.F.);
#677=ORIENTED_EDGE('',*,*,#489,.F.);
#678=ORIENTED_EDGE('',*,*,#490,.T.);
#679=ORIENTED_EDGE('',*,*,#446,.F.);
#680=ORIENTED_EDGE('',*,*,#490,.F.);
#681=ORIENTED_EDGE('',*,*,#491,.F.);
#682=ORIENTED_EDGE('',*,*,#492,.T.);
#683=ORIENTED_EDGE('',*,*,#439,.F.);
#684=ORIENTED_EDGE('',*,*,#447,.F.);
#685=ORIENTED_EDGE('',*,*,#492,.F.);
#686=ORIENTED_EDGE('',*,*,#493,.F.);
#687=ORIENTED_EDGE('',*,*,#454,.F.);
#688=ORIENTED_EDGE('',*,*,#480,.F.);
#689=ORIENTED_EDGE('',*,*,#443,.F.);
#690=ORIENTED_EDGE('',*,*,#451,.F.);
#691=ORIENTED_EDGE('',*,*,#494,.F.);
#692=ORIENTED_EDGE('',*,*,#495,.T.);
#693=ORIENTED_EDGE('',*,*,#444,.F.);
#694=ORIENTED_EDGE('',*,*,#495,.F.);
#695=ORIENTED_EDGE('',*,*,#496,.F.);
#696=ORIENTED_EDGE('',*,*,#488,.T.);
#697=ORIENTED_EDGE('',*,*,#455,.F.);
#698=ORIENTED_EDGE('',*,*,#493,.T.);
#699=ORIENTED_EDGE('',*,*,#491,.T.);
#700=ORIENTED_EDGE('',*,*,#489,.T.);
#701=ORIENTED_EDGE('',*,*,#496,.T.);
#702=ORIENTED_EDGE('',*,*,#494,.T.);
#703=ORIENTED_EDGE('',*,*,#450,.T.);
#704=ORIENTED_EDGE('',*,*,#479,.F.);
#705=ORIENTED_EDGE('',*,*,#478,.F.);
#706=ORIENTED_EDGE('',*,*,#475,.F.);
#707=ORIENTED_EDGE('',*,*,#472,.F.);
#708=ORIENTED_EDGE('',*,*,#469,.F.);
#709=ORIENTED_EDGE('',*,*,#466,.F.);
#710=ORIENTED_EDGE('',*,*,#463,.F.);
#711=ORIENTED_EDGE('',*,*,#460,.F.);
#712=ORIENTED_EDGE('',*,*,#409,.T.);
#713=ORIENTED_EDGE('',*,*,#497,.T.);
#714=ORIENTED_EDGE('',*,*,#498,.T.);
#715=ORIENTED_EDGE('',*,*,#499,.T.);
#716=ORIENTED_EDGE('',*,*,#500,.T.);
#717=ORIENTED_EDGE('',*,*,#501,.T.);
#718=ORIENTED_EDGE('',*,*,#502,.T.);
#719=ORIENTED_EDGE('',*,*,#499,.F.);
#720=ORIENTED_EDGE('',*,*,#503,.T.);
#721=ORIENTED_EDGE('',*,*,#504,.T.);
#722=ORIENTED_EDGE('',*,*,#497,.F.);
#723=ORIENTED_EDGE('',*,*,#505,.T.);
#724=ORIENTED_EDGE('',*,*,#498,.F.);
#725=ORIENTED_EDGE('',*,*,#506,.F.);
#726=ORIENTED_EDGE('',*,*,#507,.F.);
#727=ORIENTED_EDGE('',*,*,#508,.T.);
#728=ORIENTED_EDGE('',*,*,#504,.F.);
#729=ORIENTED_EDGE('',*,*,#509,.F.);
#730=ORIENTED_EDGE('',*,*,#510,.F.);
#731=ORIENTED_EDGE('',*,*,#511,.F.);
#732=ORIENTED_EDGE('',*,*,#512,.F.);
#733=ORIENTED_EDGE('',*,*,#506,.T.);
#734=ORIENTED_EDGE('',*,*,#505,.F.);
#735=ORIENTED_EDGE('',*,*,#500,.F.);
#736=ORIENTED_EDGE('',*,*,#502,.F.);
#737=ORIENTED_EDGE('',*,*,#513,.T.);
#738=ORIENTED_EDGE('',*,*,#514,.T.);
#739=ORIENTED_EDGE('',*,*,#515,.T.);
#740=ORIENTED_EDGE('',*,*,#516,.T.);
#741=ORIENTED_EDGE('',*,*,#517,.T.);
#742=ORIENTED_EDGE('',*,*,#509,.T.);
#743=ORIENTED_EDGE('',*,*,#518,.T.);
#744=ORIENTED_EDGE('',*,*,#519,.T.);
#745=ORIENTED_EDGE('',*,*,#520,.T.);
#746=ORIENTED_EDGE('',*,*,#521,.T.);
#747=ORIENTED_EDGE('',*,*,#522,.T.);
#748=ORIENTED_EDGE('',*,*,#523,.T.);
#749=ORIENTED_EDGE('',*,*,#520,.F.);
#750=ORIENTED_EDGE('',*,*,#507,.T.);
#751=ORIENTED_EDGE('',*,*,#512,.T.);
#752=ORIENTED_EDGE('',*,*,#524,.T.);
#753=ORIENTED_EDGE('',*,*,#522,.F.);
#754=ORIENTED_EDGE('',*,*,#503,.F.);
#755=ORIENTED_EDGE('',*,*,#508,.F.);
#756=ORIENTED_EDGE('',*,*,#519,.F.);
#757=ORIENTED_EDGE('',*,*,#525,.T.);
#758=ORIENTED_EDGE('',*,*,#526,.F.);
#759=ORIENTED_EDGE('',*,*,#510,.T.);
#760=ORIENTED_EDGE('',*,*,#517,.F.);
#761=ORIENTED_EDGE('',*,*,#527,.F.);
#762=ORIENTED_EDGE('',*,*,#528,.F.);
#763=ORIENTED_EDGE('',*,*,#527,.T.);
#764=ORIENTED_EDGE('',*,*,#516,.F.);
#765=ORIENTED_EDGE('',*,*,#529,.F.);
#766=ORIENTED_EDGE('',*,*,#530,.F.);
#767=ORIENTED_EDGE('',*,*,#529,.T.);
#768=ORIENTED_EDGE('',*,*,#515,.F.);
#769=ORIENTED_EDGE('',*,*,#531,.F.);
#770=ORIENTED_EDGE('',*,*,#532,.F.);
#771=ORIENTED_EDGE('',*,*,#531,.T.);
#772=ORIENTED_EDGE('',*,*,#514,.F.);
#773=ORIENTED_EDGE('',*,*,#533,.F.);
#774=ORIENTED_EDGE('',*,*,#501,.F.);
#775=ORIENTED_EDGE('',*,*,#525,.F.);
#776=ORIENTED_EDGE('',*,*,#518,.F.);
#777=ORIENTED_EDGE('',*,*,#534,.F.);
#778=ORIENTED_EDGE('',*,*,#533,.T.);
#779=ORIENTED_EDGE('',*,*,#513,.F.);
#780=ORIENTED_EDGE('',*,*,#524,.F.);
#781=ORIENTED_EDGE('',*,*,#511,.T.);
#782=ORIENTED_EDGE('',*,*,#526,.T.);
#783=ORIENTED_EDGE('',*,*,#528,.T.);
#784=ORIENTED_EDGE('',*,*,#530,.T.);
#785=ORIENTED_EDGE('',*,*,#532,.T.);
#786=ORIENTED_EDGE('',*,*,#534,.T.);
#787=ORIENTED_EDGE('',*,*,#521,.F.);
#788=ORIENTED_EDGE('',*,*,#523,.F.);
#789=PLANE('',#898);
#790=PLANE('',#902);
#791=PLANE('',#932);
#792=PLANE('',#971);
#793=PLANE('',#982);
#794=PLANE('',#999);
#795=STYLED_ITEM('',(#3681),#828);
#796=STYLED_ITEM('',(#3681),#829);
#797=STYLED_ITEM('',(#3682),#832);
#798=STYLED_ITEM('',(#3682),#833);
#799=STYLED_ITEM('',(#3682),#834);
#800=STYLED_ITEM('',(#3682),#835);
#801=STYLED_ITEM('',(#3682),#836);
#802=STYLED_ITEM('',(#3682),#837);
#803=STYLED_ITEM('',(#3682),#838);
#804=STYLED_ITEM('',(#3682),#839);
#805=STYLED_ITEM('',(#3682),#840);
#806=STYLED_ITEM('',(#3683),#841);
#807=STYLED_ITEM('',(#3682),#843);
#808=STYLED_ITEM('',(#3682),#844);
#809=STYLED_ITEM('',(#3682),#845);
#810=STYLED_ITEM('',(#3682),#846);
#811=STYLED_ITEM('',(#3682),#847);
#812=STYLED_ITEM('',(#3682),#848);
#813=STYLED_ITEM('',(#3682),#849);
#814=STYLED_ITEM('',(#3682),#850);
#815=STYLED_ITEM('',(#3682),#851);
#816=STYLED_ITEM('',(#3682),#852);
#817=STYLED_ITEM('',(#3682),#853);
#818=STYLED_ITEM('',(#3682),#854);
#819=STYLED_ITEM('',(#3682),#855);
#820=STYLED_ITEM('',(#3682),#856);
#821=STYLED_ITEM('',(#3682),#857);
#822=STYLED_ITEM('',(#3682),#858);
#823=STYLED_ITEM('',(#3682),#859);
#824=STYLED_ITEM('',(#3682),#860);
#825=STYLED_ITEM('',(#3682),#866);
#826=STYLED_ITEM('',(#3680),#13);
#827=STYLED_ITEM('',(#3680),#14);
#828=ADVANCED_FACE('',(#126),#789,.T.);
#829=ADVANCED_FACE('',(#127),#124,.F.);
#830=ADVANCED_FACE('',(#128),#790,.T.);
#831=ADVANCED_FACE('',(#129),#125,.F.);
#832=ADVANCED_FACE('',(#130),#27,.F.);
#833=ADVANCED_FACE('',(#131),#28,.F.);
#834=ADVANCED_FACE('',(#132),#29,.F.);
#835=ADVANCED_FACE('',(#133),#30,.F.);
#836=ADVANCED_FACE('',(#134),#31,.F.);
#837=ADVANCED_FACE('',(#135),#32,.F.);
#838=ADVANCED_FACE('',(#136),#33,.F.);
#839=ADVANCED_FACE('',(#137),#34,.F.);
#840=ADVANCED_FACE('',(#138),#35,.F.);
#841=ADVANCED_FACE('',(#139,#15),#791,.T.);
#842=ADVANCED_FACE('',(#140),#36,.T.);
#843=ADVANCED_FACE('',(#141),#37,.F.);
#844=ADVANCED_FACE('',(#142),#38,.F.);
#845=ADVANCED_FACE('',(#143),#39,.F.);
#846=ADVANCED_FACE('',(#144),#40,.F.);
#847=ADVANCED_FACE('',(#145),#41,.F.);
#848=ADVANCED_FACE('',(#146),#42,.F.);
#849=ADVANCED_FACE('',(#147),#43,.F.);
#850=ADVANCED_FACE('',(#148),#44,.F.);
#851=ADVANCED_FACE('',(#149),#45,.F.);
#852=ADVANCED_FACE('',(#150),#46,.F.);
#853=ADVANCED_FACE('',(#151),#47,.F.);
#854=ADVANCED_FACE('',(#152),#48,.F.);
#855=ADVANCED_FACE('',(#153),#49,.F.);
#856=ADVANCED_FACE('',(#154),#50,.F.);
#857=ADVANCED_FACE('',(#155),#51,.T.);
#858=ADVANCED_FACE('',(#156),#52,.F.);
#859=ADVANCED_FACE('',(#157),#53,.F.);
#860=ADVANCED_FACE('',(#158),#54,.F.);
#861=ADVANCED_FACE('',(#159),#55,.T.);
#862=ADVANCED_FACE('',(#160),#56,.T.);
#863=ADVANCED_FACE('',(#161),#57,.T.);
#864=ADVANCED_FACE('',(#162),#58,.T.);
#865=ADVANCED_FACE('',(#163),#59,.T.);
#866=ADVANCED_FACE('',(#164,#16),#792,.F.);
#867=ADVANCED_FACE('',(#165),#60,.F.);
#868=ADVANCED_FACE('',(#166),#61,.F.);
#869=ADVANCED_FACE('',(#167),#62,.F.);
#870=ADVANCED_FACE('',(#168),#63,.F.);
#871=ADVANCED_FACE('',(#169),#64,.F.);
#872=ADVANCED_FACE('',(#170),#793,.F.);
#873=ADVANCED_FACE('',(#171),#65,.F.);
#874=ADVANCED_FACE('',(#172),#66,.F.);
#875=ADVANCED_FACE('',(#173),#67,.F.);
#876=ADVANCED_FACE('',(#174),#68,.F.);
#877=ADVANCED_FACE('',(#175),#69,.F.);
#878=ADVANCED_FACE('',(#176),#70,.F.);
#879=ADVANCED_FACE('',(#177),#71,.F.);
#880=ADVANCED_FACE('',(#178),#72,.F.);
#881=ADVANCED_FACE('',(#179),#73,.F.);
#882=ADVANCED_FACE('',(#180),#794,.T.);
#883=CLOSED_SHELL('',(#828,#829,#830,#831,#832,#833,#834,#835,#836,#837,
#838,#839,#840,#841,#842,#843,#844,#845,#846,#847,#848,#849,#850,#851,#852,
#853,#854,#855,#856,#857,#858,#859,#860,#861,#862,#863,#864,#865,#866));
#884=CLOSED_SHELL('',(#867,#868,#869,#870,#871,#872,#873,#874,#875,#876,
#877,#878,#879,#880,#881,#882));
#885=DERIVED_UNIT_ELEMENT(#887,1.);
#886=DERIVED_UNIT_ELEMENT(#3664,-3.);
#887=(
MASS_UNIT()
NAMED_UNIT(*)
SI_UNIT(.KILO.,.GRAM.)
);
#888=DERIVED_UNIT((#885,#886));
#889=MEASURE_REPRESENTATION_ITEM('density measure',
POSITIVE_RATIO_MEASURE(7850.),#888);
#890=PROPERTY_DEFINITION_REPRESENTATION(#895,#892);
#891=PROPERTY_DEFINITION_REPRESENTATION(#896,#893);
#892=REPRESENTATION('material name',(#894),#3659);
#893=REPRESENTATION('density',(#889),#3659);
#894=DESCRIPTIVE_REPRESENTATION_ITEM('Steel','Steel');
#895=PROPERTY_DEFINITION('material property','material name',#3672);
#896=PROPERTY_DEFINITION('material property','density of part',#3672);
#897=AXIS2_PLACEMENT_3D('',#1231,#1000,#1001);
#898=AXIS2_PLACEMENT_3D('',#1232,#1002,#1003);
#899=AXIS2_PLACEMENT_3D('',#1234,#1004,#1005);
#900=AXIS2_PLACEMENT_3D('',#1235,#1006,#1007);
#901=AXIS2_PLACEMENT_3D('',#1237,#1008,#1009);
#902=AXIS2_PLACEMENT_3D('',#1239,#1011,#1012);
#903=AXIS2_PLACEMENT_3D('',#1241,#1013,#1014);
#904=AXIS2_PLACEMENT_3D('',#1242,#1015,#1016);
#905=AXIS2_PLACEMENT_3D('',#1245,#1018,#1019);
#906=AXIS2_PLACEMENT_3D('',#1340,#1020,#1021);
#907=AXIS2_PLACEMENT_3D('',#1342,#1022,#1023);
#908=AXIS2_PLACEMENT_3D('',#1343,#1024,#1025);
#909=AXIS2_PLACEMENT_3D('',#1427,#1026,#1027);
#910=AXIS2_PLACEMENT_3D('',#1428,#1028,#1029);
#911=AXIS2_PLACEMENT_3D('',#1429,#1030,#1031);
#912=AXIS2_PLACEMENT_3D('',#1513,#1032,#1033);
#913=AXIS2_PLACEMENT_3D('',#1514,#1034,#1035);
#914=AXIS2_PLACEMENT_3D('',#1515,#1036,#1037);
#915=AXIS2_PLACEMENT_3D('',#1599,#1038,#1039);
#916=AXIS2_PLACEMENT_3D('',#1600,#1040,#1041);
#917=AXIS2_PLACEMENT_3D('',#1601,#1042,#1043);
#918=AXIS2_PLACEMENT_3D('',#1685,#1044,#1045);
#919=AXIS2_PLACEMENT_3D('',#1686,#1046,#1047);
#920=AXIS2_PLACEMENT_3D('',#1687,#1048,#1049);
#921=AXIS2_PLACEMENT_3D('',#1771,#1050,#1051);
#922=AXIS2_PLACEMENT_3D('',#1772,#1052,#1053);
#923=AXIS2_PLACEMENT_3D('',#1773,#1054,#1055);
#924=AXIS2_PLACEMENT_3D('',#1857,#1056,#1057);
#925=AXIS2_PLACEMENT_3D('',#1858,#1058,#1059);
#926=AXIS2_PLACEMENT_3D('',#1859,#1060,#1061);
#927=AXIS2_PLACEMENT_3D('',#1943,#1062,#1063);
#928=AXIS2_PLACEMENT_3D('',#1944,#1064,#1065);
#929=AXIS2_PLACEMENT_3D('',#1945,#1066,#1067);
#930=AXIS2_PLACEMENT_3D('',#2039,#1068,#1069);
#931=AXIS2_PLACEMENT_3D('',#2040,#1070,#1071);
#932=AXIS2_PLACEMENT_3D('',#2041,#1072,#1073);
#933=AXIS2_PLACEMENT_3D('',#2043,#1074,#1075);
#934=AXIS2_PLACEMENT_3D('',#2045,#1076,#1077);
#935=AXIS2_PLACEMENT_3D('',#2047,#1078,#1079);
#936=AXIS2_PLACEMENT_3D('',#2049,#1080,#1081);
#937=AXIS2_PLACEMENT_3D('',#2051,#1082,#1083);
#938=AXIS2_PLACEMENT_3D('',#2052,#1084,#1085);
#939=AXIS2_PLACEMENT_3D('',#2073,#1087,#1088);
#940=AXIS2_PLACEMENT_3D('',#2083,#1091,#1092);
#941=AXIS2_PLACEMENT_3D('',#2181,#1093,#1094);
#942=AXIS2_PLACEMENT_3D('',#2183,#1095,#1096);
#943=AXIS2_PLACEMENT_3D('',#2184,#1097,#1098);
#944=AXIS2_PLACEMENT_3D('',#2268,#1099,#1100);
#945=AXIS2_PLACEMENT_3D('',#2269,#1101,#1102);
#946=AXIS2_PLACEMENT_3D('',#2270,#1103,#1104);
#947=AXIS2_PLACEMENT_3D('',#2354,#1105,#1106);
#948=AXIS2_PLACEMENT_3D('',#2355,#1107,#1108);
#949=AXIS2_PLACEMENT_3D('',#2356,#1109,#1110);
#950=AXIS2_PLACEMENT_3D('',#2440,#1111,#1112);
#951=AXIS2_PLACEMENT_3D('',#2441,#1113,#1114);
#952=AXIS2_PLACEMENT_3D('',#2442,#1115,#1116);
#953=AXIS2_PLACEMENT_3D('',#2526,#1117,#1118);
#954=AXIS2_PLACEMENT_3D('',#2527,#1119,#1120);
#955=AXIS2_PLACEMENT_3D('',#2528,#1121,#1122);
#956=AXIS2_PLACEMENT_3D('',#2612,#1123,#1124);
#957=AXIS2_PLACEMENT_3D('',#2613,#1125,#1126);
#958=AXIS2_PLACEMENT_3D('',#2614,#1127,#1128);
#959=AXIS2_PLACEMENT_3D('',#2698,#1129,#1130);
#960=AXIS2_PLACEMENT_3D('',#2699,#1131,#1132);
#961=AXIS2_PLACEMENT_3D('',#2700,#1133,#1134);
#962=AXIS2_PLACEMENT_3D('',#2783,#1135,#1136);
#963=AXIS2_PLACEMENT_3D('',#2784,#1137,#1138);
#964=AXIS2_PLACEMENT_3D('',#2785,#1139,#1140);
#965=AXIS2_PLACEMENT_3D('',#2867,#1141,#1142);
#966=AXIS2_PLACEMENT_3D('',#2933,#1152,#1153);
#967=AXIS2_PLACEMENT_3D('',#2942,#1155,#1156);
#968=AXIS2_PLACEMENT_3D('',#2950,#1158,#1159);
#969=AXIS2_PLACEMENT_3D('',#2958,#1160,#1161);
#970=AXIS2_PLACEMENT_3D('',#2966,#1163,#1164);
#971=AXIS2_PLACEMENT_3D('',#2967,#1165,#1166);
#972=AXIS2_PLACEMENT_3D('',#3069,#1167,#1168);
#973=AXIS2_PLACEMENT_3D('',#3071,#1169,#1170);
#974=AXIS2_PLACEMENT_3D('',#3073,#1171,#1172);
#975=AXIS2_PLACEMENT_3D('',#3074,#1173,#1174);
#976=AXIS2_PLACEMENT_3D('',#3168,#1175,#1176);
#977=AXIS2_PLACEMENT_3D('',#3169,#1177,#1178);
#978=AXIS2_PLACEMENT_3D('',#3268,#1179,#1180);
#979=AXIS2_PLACEMENT_3D('',#3282,#1182,#1183);
#980=AXIS2_PLACEMENT_3D('',#3291,#1185,#1186);
#981=AXIS2_PLACEMENT_3D('',#3295,#1188,#1189);
#982=AXIS2_PLACEMENT_3D('',#3312,#1190,#1191);
#983=AXIS2_PLACEMENT_3D('',#3314,#1192,#1193);
#984=AXIS2_PLACEMENT_3D('',#3316,#1194,#1195);
#985=AXIS2_PLACEMENT_3D('',#3318,#1196,#1197);
#986=AXIS2_PLACEMENT_3D('',#3320,#1198,#1199);
#987=AXIS2_PLACEMENT_3D('',#3321,#1200,#1201);
#988=AXIS2_PLACEMENT_3D('',#3418,#1202,#1203);
#989=AXIS2_PLACEMENT_3D('',#3420,#1204,#1205);
#990=AXIS2_PLACEMENT_3D('',#3421,#1206,#1207);
#991=AXIS2_PLACEMENT_3D('',#3504,#1208,#1209);
#992=AXIS2_PLACEMENT_3D('',#3505,#1210,#1211);
#993=AXIS2_PLACEMENT_3D('',#3605,#1212,#1213);
#994=AXIS2_PLACEMENT_3D('',#3620,#1215,#1216);
#995=AXIS2_PLACEMENT_3D('',#3629,#1218,#1219);
#996=AXIS2_PLACEMENT_3D('',#3638,#1221,#1222);
#997=AXIS2_PLACEMENT_3D('',#3647,#1224,#1225);
#998=AXIS2_PLACEMENT_3D('',#3655,#1227,#1228);
#999=AXIS2_PLACEMENT_3D('',#3656,#1229,#1230);
#1000=DIRECTION('axis',(0.,0.,1.));
#1001=DIRECTION('refdir',(1.,0.,0.));
#1002=DIRECTION('center_axis',(-1.,0.,0.));
#1003=DIRECTION('ref_axis',(0.,0.,1.));
#1004=DIRECTION('center_axis',(-1.,0.,0.));
#1005=DIRECTION('ref_axis',(0.,0.,-1.));
#1006=DIRECTION('center_axis',(-1.,0.,0.));
#1007=DIRECTION('ref_axis',(0.,0.,1.));
#1008=DIRECTION('center_axis',(1.,0.,0.));
#1009=DIRECTION('ref_axis',(0.,0.,1.));
#1010=DIRECTION('',(0.371390676354104,-9.09644806060447E-17,0.928476690885259));
#1011=DIRECTION('center_axis',(1.,0.,0.));
#1012=DIRECTION('ref_axis',(0.,0.,-1.));
#1013=DIRECTION('center_axis',(1.,0.,0.));
#1014=DIRECTION('ref_axis',(0.,0.,-1.));
#1015=DIRECTION('center_axis',(1.,0.,0.));
#1016=DIRECTION('ref_axis',(0.,0.,-1.));
#1017=DIRECTION('',(0.371390676354104,-9.09644806060447E-17,0.928476690885259));
#1018=DIRECTION('center_axis',(-1.,0.,0.));
#1019=DIRECTION('ref_axis',(0.,0.,-1.));
#1020=DIRECTION('center_axis',(-1.,0.,0.));
#1021=DIRECTION('ref_axis',(0.,-6.85640280762796E-17,-1.));
#1022=DIRECTION('center_axis',(0.,-0.580224904247387,0.814456297471578));
#1023=DIRECTION('ref_axis',(0.,0.814456297471578,0.580224904247387));
#1024=DIRECTION('center_axis',(1.,0.,0.));
#1025=DIRECTION('ref_axis',(0.,0.,1.));
#1026=DIRECTION('center_axis',(0.,0.000890895821410122,0.999999603152239));
#1027=DIRECTION('ref_axis',(1.,0.,0.));
#1028=DIRECTION('center_axis',(1.,0.,0.));
#1029=DIRECTION('ref_axis',(0.,-7.68507294026827E-17,1.));
#1030=DIRECTION('center_axis',(-1.,0.,0.));
#1031=DIRECTION('ref_axis',(0.,0.,-1.));
#1032=DIRECTION('center_axis',(0.,0.792859701399503,0.609404212240685));
#1033=DIRECTION('ref_axis',(0.,0.609404212240685,-0.792859701399503));
#1034=DIRECTION('center_axis',(1.,0.,0.));
#1035=DIRECTION('ref_axis',(0.,5.82794238648376E-17,1.));
#1036=DIRECTION('center_axis',(-1.,0.,0.));
#1037=DIRECTION('ref_axis',(0.,-8.32563198069109E-17,-1.));
#1038=DIRECTION('center_axis',(0.,0.990990042400984,0.133935566083455));
#1039=DIRECTION('ref_axis',(0.,0.133935566083455,-0.990990042400984));
#1040=DIRECTION('center_axis',(1.,0.,0.));
#1041=DIRECTION('ref_axis',(0.,1.21074701714786E-16,1.));
#1042=DIRECTION('center_axis',(-1.,0.,0.));
#1043=DIRECTION('ref_axis',(0.,1.01882395352047E-16,-1.));
#1044=DIRECTION('center_axis',(0.,0.989670547571984,0.143360410394812));
#1045=DIRECTION('ref_axis',(0.,0.143360410394812,-0.989670547571984));
#1046=DIRECTION('center_axis',(-1.,0.,0.));
#1047=DIRECTION('ref_axis',(0.,-9.32470781837402E-17,1.));
#1048=DIRECTION('center_axis',(1.,0.,0.));
#1049=DIRECTION('ref_axis',(0.,-6.89017819091676E-17,-1.));
#1050=DIRECTION('center_axis',(0.,0.94202151619784,-0.335552474317093));
#1051=DIRECTION('ref_axis',(0.,-0.335552474317092,-0.94202151619784));
#1052=DIRECTION('center_axis',(1.,0.,0.));
#1053=DIRECTION('ref_axis',(0.,-1.21074701714786E-16,-1.));
#1054=DIRECTION('center_axis',(-1.,0.,0.));
#1055=DIRECTION('ref_axis',(0.,1.14617694771052E-16,1.));
#1056=DIRECTION('center_axis',(0.,0.412128592894833,-0.911125689967375));
#1057=DIRECTION('ref_axis',(0.,-0.911125689967375,-0.412128592894833));
#1058=DIRECTION('center_axis',(1.,0.,0.));
#1059=DIRECTION('ref_axis',(0.,2.3311769545935E-16,-1.));
#1060=DIRECTION('center_axis',(-1.,0.,0.));
#1061=DIRECTION('ref_axis',(0.,-1.66512639613822E-16,1.));
#1062=DIRECTION('center_axis',(0.,-0.211625179484128,-0.977350900858188));
#1063=DIRECTION('ref_axis',(0.,-0.977350900858188,0.211625179484128));
#1064=DIRECTION('center_axis',(1.,0.,0.));
#1065=DIRECTION('ref_axis',(0.,1.92126823506706E-17,-1.));
#1066=DIRECTION('center_axis',(-1.,0.,0.));
#1067=DIRECTION('ref_axis',(0.,0.,1.));
#1068=DIRECTION('center_axis',(1.,0.,0.));
#1069=DIRECTION('ref_axis',(0.,-8.74191357972565E-17,-1.));
#1070=DIRECTION('center_axis',(-1.,0.,0.));
#1071=DIRECTION('ref_axis',(0.,1.71410070190699E-16,1.));
#1072=DIRECTION('center_axis',(1.,0.,0.));
#1073=DIRECTION('ref_axis',(0.,0.,-1.));
#1074=DIRECTION('center_axis',(-1.,0.,0.));
#1075=DIRECTION('ref_axis',(0.,0.,-1.));
#1076=DIRECTION('center_axis',(-1.,0.,0.));
#1077=DIRECTION('ref_axis',(0.,-1.36586098109089E-17,-1.));
#1078=DIRECTION('center_axis',(-1.,0.,0.));
#1079=DIRECTION('ref_axis',(0.,1.30664231290013E-16,-1.));
#1080=DIRECTION('center_axis',(-1.,0.,0.));
#1081=DIRECTION('ref_axis',(0.,0.,1.));
#1082=DIRECTION('center_axis',(-1.,0.,0.));
#1083=DIRECTION('ref_axis',(0.,-1.63903317730906E-16,1.));
#1084=DIRECTION('center_axis',(-1.,0.,0.));
#1085=DIRECTION('ref_axis',(0.,2.16833271442765E-16,1.));
#1086=DIRECTION('',(-1.,0.,0.));
#1087=DIRECTION('center_axis',(1.,0.,0.));
#1088=DIRECTION('ref_axis',(0.,0.,1.));
#1089=DIRECTION('',(1.,0.,0.));
#1090=DIRECTION('',(-1.,0.,0.));
#1091=DIRECTION('center_axis',(-1.,0.,0.));
#1092=DIRECTION('ref_axis',(0.,0.,-1.));
#1093=DIRECTION('center_axis',(1.,0.,0.));
#1094=DIRECTION('ref_axis',(0.,-1.71410070190699E-16,-1.));
#1095=DIRECTION('center_axis',(0.,0.211625179484127,0.977350900858188));
#1096=DIRECTION('ref_axis',(0.,-0.977350900858188,0.211625179484126));
#1097=DIRECTION('center_axis',(-1.,0.,0.));
#1098=DIRECTION('ref_axis',(0.,8.74191357972565E-17,1.));
#1099=DIRECTION('center_axis',(0.,-0.412128592894834,0.911125689967374));
#1100=DIRECTION('ref_axis',(0.,-0.911125689967374,-0.412128592894834));
#1101=DIRECTION('center_axis',(-1.,0.,0.));
#1102=DIRECTION('ref_axis',(0.,-1.92126823506706E-17,1.));
#1103=DIRECTION('center_axis',(1.,0.,0.));
#1104=DIRECTION('ref_axis',(0.,0.,-1.));
#1105=DIRECTION('center_axis',(0.,-0.94202151619784,0.335552474317093));
#1106=DIRECTION('ref_axis',(0.,-0.335552474317092,-0.94202151619784));
#1107=DIRECTION('center_axis',(-1.,0.,0.));
#1108=DIRECTION('ref_axis',(0.,-2.3311769545935E-16,1.));
#1109=DIRECTION('center_axis',(1.,0.,0.));
#1110=DIRECTION('ref_axis',(0.,1.66512639613822E-16,-1.));
#1111=DIRECTION('center_axis',(0.,-0.989670547571984,-0.143360410394812));
#1112=DIRECTION('ref_axis',(0.,0.143360410394812,-0.989670547571984));
#1113=DIRECTION('center_axis',(-1.,0.,0.));
#1114=DIRECTION('ref_axis',(0.,1.21074701714786E-16,1.));
#1115=DIRECTION('center_axis',(1.,0.,0.));
#1116=DIRECTION('ref_axis',(0.,-1.14617694771052E-16,-1.));
#1117=DIRECTION('center_axis',(0.,-0.990990042400984,-0.133935566083456));
#1118=DIRECTION('ref_axis',(0.,0.133935566083456,-0.990990042400984));
#1119=DIRECTION('center_axis',(1.,0.,0.));
#1120=DIRECTION('ref_axis',(0.,9.32470781837402E-17,-1.));
#1121=DIRECTION('center_axis',(-1.,0.,0.));
#1122=DIRECTION('ref_axis',(0.,6.89017819091676E-17,1.));
#1123=DIRECTION('center_axis',(0.,-0.792859701399503,-0.609404212240685));
#1124=DIRECTION('ref_axis',(0.,0.609404212240685,-0.792859701399503));
#1125=DIRECTION('center_axis',(-1.,0.,0.));
#1126=DIRECTION('ref_axis',(0.,-1.21074701714786E-16,-1.));
#1127=DIRECTION('center_axis',(1.,0.,0.));
#1128=DIRECTION('ref_axis',(0.,-1.01882395352047E-16,1.));
#1129=DIRECTION('center_axis',(0.,-0.000890895821411572,-0.999999603152239));
#1130=DIRECTION('ref_axis',(-1.,0.,0.));
#1131=DIRECTION('center_axis',(-1.,0.,0.));
#1132=DIRECTION('ref_axis',(0.,-5.82794238648376E-17,-1.));
#1133=DIRECTION('center_axis',(1.,0.,0.));
#1134=DIRECTION('ref_axis',(0.,8.32563198069109E-17,1.));
#1135=DIRECTION('center_axis',(0.,0.580224904247392,-0.814456297471574));
#1136=DIRECTION('ref_axis',(0.,0.814456297471574,0.580224904247392));
#1137=DIRECTION('center_axis',(-1.,0.,0.));
#1138=DIRECTION('ref_axis',(0.,7.68507294026827E-17,-1.));
#1139=DIRECTION('center_axis',(1.,0.,0.));
#1140=DIRECTION('ref_axis',(0.,0.,1.));
#1141=DIRECTION('center_axis',(1.,0.,0.));
#1142=DIRECTION('ref_axis',(0.,6.85640280762796E-17,1.));
#1143=DIRECTION('',(-1.,0.,0.));
#1144=DIRECTION('',(1.,0.,0.));
#1145=DIRECTION('',(-1.,0.,0.));
#1146=DIRECTION('',(1.,0.,0.));
#1147=DIRECTION('',(-1.,0.,0.));
#1148=DIRECTION('',(1.,0.,0.));
#1149=DIRECTION('',(-1.,0.,0.));
#1150=DIRECTION('',(1.,0.,0.));
#1151=DIRECTION('',(1.,0.,0.));
#1152=DIRECTION('center_axis',(1.,0.,0.));
#1153=DIRECTION('ref_axis',(0.,0.,-1.));
#1154=DIRECTION('',(1.,0.,0.));
#1155=DIRECTION('center_axis',(1.,0.,0.));
#1156=DIRECTION('ref_axis',(0.,1.63903317730906E-16,-1.));
#1157=DIRECTION('',(1.,0.,0.));
#1158=DIRECTION('center_axis',(1.,0.,0.));
#1159=DIRECTION('ref_axis',(0.,-2.16833271442765E-16,-1.));
#1160=DIRECTION('center_axis',(1.,0.,0.));
#1161=DIRECTION('ref_axis',(0.,1.36586098109089E-17,1.));
#1162=DIRECTION('',(1.,0.,0.));
#1163=DIRECTION('center_axis',(1.,0.,0.));
#1164=DIRECTION('ref_axis',(0.,-1.30664231290013E-16,1.));
#1165=DIRECTION('center_axis',(1.,0.,0.));
#1166=DIRECTION('ref_axis',(0.,0.,-1.));
#1167=DIRECTION('center_axis',(0.,-0.839913178507207,0.542720786933686));
#1168=DIRECTION('ref_axis',(0.,0.542720786933686,0.839913178507207));
#1169=DIRECTION('center_axis',(1.,0.,0.));
#1170=DIRECTION('ref_axis',(0.,7.28492798310468E-17,-1.));
#1171=DIRECTION('center_axis',(0.,0.603875325758184,0.797078785905413));
#1172=DIRECTION('ref_axis',(0.,-0.797078785905413,0.603875325758184));
#1173=DIRECTION('center_axis',(-1.,0.,0.));
#1174=DIRECTION('ref_axis',(0.,1.21415466385078E-16,1.));
#1175=DIRECTION('center_axis',(-1.,0.,0.));
#1176=DIRECTION('ref_axis',(0.,0.,1.));
#1177=DIRECTION('center_axis',(1.,0.,0.));
#1178=DIRECTION('ref_axis',(0.,1.16558847729676E-16,-1.));
#1179=DIRECTION('center_axis',(1.,0.,0.));
#1180=DIRECTION('ref_axis',(0.,4.85661865540314E-17,1.));
#1181=DIRECTION('',(1.,0.,0.));
#1182=DIRECTION('center_axis',(-1.,0.,0.));
#1183=DIRECTION('ref_axis',(0.,-7.28492798310468E-17,1.));
#1184=DIRECTION('',(1.,0.,0.));
#1185=DIRECTION('center_axis',(1.,0.,0.));
#1186=DIRECTION('ref_axis',(0.,0.,1.));
#1187=DIRECTION('',(1.,0.,0.));
#1188=DIRECTION('center_axis',(-1.,0.,0.));
#1189=DIRECTION('ref_axis',(0.,0.,-1.));
#1190=DIRECTION('center_axis',(-1.,0.,0.));
#1191=DIRECTION('ref_axis',(0.,0.,1.));
#1192=DIRECTION('center_axis',(1.,0.,0.));
#1193=DIRECTION('ref_axis',(0.,-2.16833271442765E-16,-1.));
#1194=DIRECTION('center_axis',(1.,0.,0.));
#1195=DIRECTION('ref_axis',(0.,1.63903317730906E-16,-1.));
#1196=DIRECTION('center_axis',(1.,0.,0.));
#1197=DIRECTION('ref_axis',(0.,0.,-1.));
#1198=DIRECTION('center_axis',(1.,0.,0.));
#1199=DIRECTION('ref_axis',(0.,-1.30664231290013E-16,1.));
#1200=DIRECTION('center_axis',(1.,0.,0.));
#1201=DIRECTION('ref_axis',(0.,1.36586098109089E-17,1.));
#1202=DIRECTION('center_axis',(-1.,0.,0.));
#1203=DIRECTION('ref_axis',(0.,-1.16558847729676E-16,1.));
#1204=DIRECTION('center_axis',(0.,-0.603875325758183,-0.797078785905414));
#1205=DIRECTION('ref_axis',(0.,-0.797078785905414,0.603875325758183));
#1206=DIRECTION('center_axis',(1.,0.,0.));
#1207=DIRECTION('ref_axis',(0.,0.,-1.));
#1208=DIRECTION('center_axis',(0.,-0.839913178507207,0.542720786933686));
#1209=DIRECTION('ref_axis',(0.,0.542720786933686,0.839913178507207));
#1210=DIRECTION('center_axis',(1.,0.,0.));
#1211=DIRECTION('ref_axis',(0.,-1.21415466385078E-16,-1.));
#1212=DIRECTION('center_axis',(-1.,0.,0.));
#1213=DIRECTION('ref_axis',(0.,-4.85661865540314E-17,-1.));
#1214=DIRECTION('',(1.,0.,0.));
#1215=DIRECTION('center_axis',(-1.,0.,0.));
#1216=DIRECTION('ref_axis',(0.,-1.36586098109089E-17,-1.));
#1217=DIRECTION('',(1.,0.,0.));
#1218=DIRECTION('center_axis',(-1.,0.,0.));
#1219=DIRECTION('ref_axis',(0.,1.30664231290013E-16,-1.));
#1220=DIRECTION('',(1.,0.,0.));
#1221=DIRECTION('center_axis',(-1.,0.,0.));
#1222=DIRECTION('ref_axis',(0.,0.,1.));
#1223=DIRECTION('',(1.,0.,0.));
#1224=DIRECTION('center_axis',(-1.,0.,0.));
#1225=DIRECTION('ref_axis',(0.,-1.63903317730906E-16,1.));
#1226=DIRECTION('',(1.,0.,0.));
#1227=DIRECTION('center_axis',(-1.,0.,0.));
#1228=DIRECTION('ref_axis',(0.,2.16833271442765E-16,1.));
#1229=DIRECTION('center_axis',(-1.,0.,0.));
#1230=DIRECTION('ref_axis',(0.,0.,1.));
#1231=CARTESIAN_POINT('',(0.,0.,0.));
#1232=CARTESIAN_POINT('Origin',(-0.342,-0.177589572571636,-0.727648696448884));
#1233=CARTESIAN_POINT('',(-0.342,-0.177589572571636,-1.02764869644888));
#1234=CARTESIAN_POINT('Origin',(-0.342,-0.177589572571636,-0.727648696448884));
#1235=CARTESIAN_POINT('Origin',(-0.462,-0.177589572571636,-0.727648696448884));
#1236=CARTESIAN_POINT('',(-0.462,-0.177589572571636,-1.32764869644888));
#1237=CARTESIAN_POINT('Origin',(-0.462,-0.177589572571636,-0.727648696448884));
#1238=CARTESIAN_POINT('',(-0.462,-0.177589572571636,-1.32764869644888));
#1239=CARTESIAN_POINT('Origin',(0.21,-0.177589572571636,-0.727648696448884));
#1240=CARTESIAN_POINT('',(0.21,-0.177589572571636,-0.427648696448884));
#1241=CARTESIAN_POINT('Origin',(0.21,-0.177589572571636,-0.727648696448884));
#1242=CARTESIAN_POINT('Origin',(0.33,-0.177589572571636,-0.727648696448884));
#1243=CARTESIAN_POINT('',(0.33,-0.177589572571636,-0.127648696448884));
#1244=CARTESIAN_POINT('',(0.33,-0.177589572571636,-0.127648696448884));
#1245=CARTESIAN_POINT('Origin',(0.33,-0.177589572571636,-0.727648696448884));
#1246=CARTESIAN_POINT('Ctrl Pts',(0.15,-1.33526968357529,1.72473041383586));
#1247=CARTESIAN_POINT('Ctrl Pts',(0.15,-2.17526968357529,1.72473041383587));
#1248=CARTESIAN_POINT('Ctrl Pts',(0.15,-2.17526968357529,2.77473041383586));
#1249=CARTESIAN_POINT('Ctrl Pts',(0.15,-2.17526968357529,3.82473041383586));
#1250=CARTESIAN_POINT('Ctrl Pts',(0.15,-1.33526968357529,3.82473041383586));
#1251=CARTESIAN_POINT('Ctrl Pts',(0.15,-0.495269683575293,3.82473041383586));
#1252=CARTESIAN_POINT('Ctrl Pts',(0.15,-0.495269683575293,2.77473041383586));
#1253=CARTESIAN_POINT('Ctrl Pts',(0.15,-0.495269683575294,1.72473041383587));
#1254=CARTESIAN_POINT('Ctrl Pts',(0.15,-1.33526968357529,1.72473041383586));
#1255=CARTESIAN_POINT('Ctrl Pts',(0.33,-1.33526968357529,1.72473041383586));
#1256=CARTESIAN_POINT('Ctrl Pts',(0.33,-2.17526968357529,1.72473041383587));
#1257=CARTESIAN_POINT('Ctrl Pts',(0.33,-2.17526968357529,2.77473041383586));
#1258=CARTESIAN_POINT('Ctrl Pts',(0.33,-2.17526968357529,3.82473041383586));
#1259=CARTESIAN_POINT('Ctrl Pts',(0.33,-1.33526968357529,3.82473041383586));
#1260=CARTESIAN_POINT('Ctrl Pts',(0.33,-0.495269683575293,3.82473041383586));
#1261=CARTESIAN_POINT('Ctrl Pts',(0.33,-0.495269683575293,2.77473041383586));
#1262=CARTESIAN_POINT('Ctrl Pts',(0.33,-0.495269683575294,1.72473041383587));
#1263=CARTESIAN_POINT('Ctrl Pts',(0.33,-1.33526968357529,1.72473041383586));
#1264=CARTESIAN_POINT('Ctrl Pts',(0.33,-1.33526968357529,1.49973041383586));
#1265=CARTESIAN_POINT('Ctrl Pts',(0.33,-2.35526968357529,1.49973041383587));
#1266=CARTESIAN_POINT('Ctrl Pts',(0.33,-2.35526968357529,2.77473041383586));
#1267=CARTESIAN_POINT('Ctrl Pts',(0.33,-2.35526968357529,4.04973041383586));
#1268=CARTESIAN_POINT('Ctrl Pts',(0.33,-1.33526968357529,4.04973041383586));
#1269=CARTESIAN_POINT('Ctrl Pts',(0.33,-0.315269683575293,4.04973041383586));
#1270=CARTESIAN_POINT('Ctrl Pts',(0.33,-0.315269683575293,2.77473041383586));
#1271=CARTESIAN_POINT('Ctrl Pts',(0.33,-0.315269683575294,1.49973041383587));
#1272=CARTESIAN_POINT('Ctrl Pts',(0.33,-1.33526968357529,1.49973041383586));
#1273=CARTESIAN_POINT('Ctrl Pts',(0.33,-1.33526968357529,1.27473041383586));
#1274=CARTESIAN_POINT('Ctrl Pts',(0.33,-2.53526968357529,1.27473041383587));
#1275=CARTESIAN_POINT('Ctrl Pts',(0.33,-2.53526968357529,2.77473041383586));
#1276=CARTESIAN_POINT('Ctrl Pts',(0.33,-2.53526968357529,4.27473041383586));
#1277=CARTESIAN_POINT('Ctrl Pts',(0.33,-1.33526968357529,4.27473041383587));
#1278=CARTESIAN_POINT('Ctrl Pts',(0.33,-0.135269683575293,4.27473041383586));
#1279=CARTESIAN_POINT('Ctrl Pts',(0.33,-0.135269683575293,2.77473041383586));
#1280=CARTESIAN_POINT('Ctrl Pts',(0.33,-0.135269683575294,1.27473041383587));
#1281=CARTESIAN_POINT('Ctrl Pts',(0.33,-1.33526968357529,1.27473041383586));
#1282=CARTESIAN_POINT('Ctrl Pts',(0.15,-1.33526968357529,1.27473041383586));
#1283=CARTESIAN_POINT('Ctrl Pts',(0.15,-2.53526968357529,1.27473041383587));
#1284=CARTESIAN_POINT('Ctrl Pts',(0.15,-2.53526968357529,2.77473041383586));
#1285=CARTESIAN_POINT('Ctrl Pts',(0.15,-2.53526968357529,4.27473041383586));
#1286=CARTESIAN_POINT('Ctrl Pts',(0.15,-1.33526968357529,4.27473041383587));
#1287=CARTESIAN_POINT('Ctrl Pts',(0.15,-0.135269683575293,4.27473041383586));
#1288=CARTESIAN_POINT('Ctrl Pts',(0.15,-0.135269683575293,2.77473041383586));
#1289=CARTESIAN_POINT('Ctrl Pts',(0.15,-0.135269683575294,1.27473041383587));
#1290=CARTESIAN_POINT('Ctrl Pts',(0.15,-1.33526968357529,1.27473041383586));
#1291=CARTESIAN_POINT('Ctrl Pts',(-0.0300000000000001,-1.33526968357529,
1.27473041383586));
#1292=CARTESIAN_POINT('Ctrl Pts',(-0.0300000000000001,-2.53526968357529,
1.27473041383587));
#1293=CARTESIAN_POINT('Ctrl Pts',(-0.0300000000000001,-2.53526968357529,
2.77473041383586));
#1294=CARTESIAN_POINT('Ctrl Pts',(-0.0300000000000001,-2.53526968357529,
4.27473041383586));
#1295=CARTESIAN_POINT('Ctrl Pts',(-0.0300000000000001,-1.33526968357529,
4.27473041383587));
#1296=CARTESIAN_POINT('Ctrl Pts',(-0.0300000000000001,-0.135269683575293,
4.27473041383586));
#1297=CARTESIAN_POINT('Ctrl Pts',(-0.0300000000000001,-0.135269683575293,
2.77473041383586));
#1298=CARTESIAN_POINT('Ctrl Pts',(-0.0300000000000001,-0.135269683575294,
1.27473041383587));
#1299=CARTESIAN_POINT('Ctrl Pts',(-0.0300000000000001,-1.33526968357529,
1.27473041383586));
#1300=CARTESIAN_POINT('Ctrl Pts',(-0.0300000000000001,-1.33526968357529,
1.49973041383586));
#1301=CARTESIAN_POINT('Ctrl Pts',(-0.0300000000000001,-2.35526968357529,
1.49973041383587));
#1302=CARTESIAN_POINT('Ctrl Pts',(-0.0300000000000001,-2.35526968357529,
2.77473041383586));
#1303=CARTESIAN_POINT('Ctrl Pts',(-0.0300000000000001,-2.35526968357529,
4.04973041383586));
#1304=CARTESIAN_POINT('Ctrl Pts',(-0.0300000000000001,-1.33526968357529,
4.04973041383586));
#1305=CARTESIAN_POINT('Ctrl Pts',(-0.0300000000000001,-0.315269683575293,
4.04973041383586));
#1306=CARTESIAN_POINT('Ctrl Pts',(-0.0300000000000001,-0.315269683575293,
2.77473041383586));
#1307=CARTESIAN_POINT('Ctrl Pts',(-0.0300000000000001,-0.315269683575294,
1.49973041383587));
#1308=CARTESIAN_POINT('Ctrl Pts',(-0.0300000000000001,-1.33526968357529,
1.49973041383586));
#1309=CARTESIAN_POINT('Ctrl Pts',(-0.0300000000000001,-1.33526968357529,
1.72473041383586));
#1310=CARTESIAN_POINT('Ctrl Pts',(-0.0300000000000001,-2.17526968357529,
1.72473041383587));
#1311=CARTESIAN_POINT('Ctrl Pts',(-0.0300000000000001,-2.17526968357529,
2.77473041383586));
#1312=CARTESIAN_POINT('Ctrl Pts',(-0.0300000000000001,-2.17526968357529,
3.82473041383586));
#1313=CARTESIAN_POINT('Ctrl Pts',(-0.0300000000000001,-1.33526968357529,
3.82473041383586));
#1314=CARTESIAN_POINT('Ctrl Pts',(-0.0300000000000001,-0.495269683575293,
3.82473041383586));
#1315=CARTESIAN_POINT('Ctrl Pts',(-0.0300000000000001,-0.495269683575293,
2.77473041383586));
#1316=CARTESIAN_POINT('Ctrl Pts',(-0.0300000000000001,-0.495269683575294,
1.72473041383587));
#1317=CARTESIAN_POINT('Ctrl Pts',(-0.0300000000000001,-1.33526968357529,
1.72473041383586));
#1318=CARTESIAN_POINT('Ctrl Pts',(0.15,-1.33526968357529,1.72473041383586));
#1319=CARTESIAN_POINT('Ctrl Pts',(0.15,-2.17526968357529,1.72473041383587));
#1320=CARTESIAN_POINT('Ctrl Pts',(0.15,-2.17526968357529,2.77473041383586));
#1321=CARTESIAN_POINT('Ctrl Pts',(0.15,-2.17526968357529,3.82473041383586));
#1322=CARTESIAN_POINT('Ctrl Pts',(0.15,-1.33526968357529,3.82473041383586));
#1323=CARTESIAN_POINT('Ctrl Pts',(0.15,-0.495269683575293,3.82473041383586));
#1324=CARTESIAN_POINT('Ctrl Pts',(0.15,-0.495269683575293,2.77473041383586));
#1325=CARTESIAN_POINT('Ctrl Pts',(0.15,-0.495269683575294,1.72473041383587));
#1326=CARTESIAN_POINT('Ctrl Pts',(0.15,-1.33526968357529,1.72473041383586));
#1327=CARTESIAN_POINT('',(0.15,-0.581258717720084,3.94163568484793));
#1328=CARTESIAN_POINT('',(0.33,-0.563279792857286,3.6080517135055));
#1329=CARTESIAN_POINT('Ctrl Pts',(0.15,-0.58125871772008,3.94163568484794));
#1330=CARTESIAN_POINT('Ctrl Pts',(0.17821672729087,-0.58125871772008,3.94163568484794));
#1331=CARTESIAN_POINT('Ctrl Pts',(0.205381149402972,-0.580190102846022,
3.9297004073146));
#1332=CARTESIAN_POINT('Ctrl Pts',(0.228628802787126,-0.578567483905263,
3.90963987472988));
#1333=CARTESIAN_POINT('Ctrl Pts',(0.264605886755749,-0.576056387541424,
3.87859504395365));
#1334=CARTESIAN_POINT('Ctrl Pts',(0.293927451299907,-0.572079787020572,
3.82607816746231));
#1335=CARTESIAN_POINT('Ctrl Pts',(0.311380761165272,-0.568733424749121,
3.76042468360763));
#1336=CARTESIAN_POINT('Ctrl Pts',(0.323779918180174,-0.56635610654687,3.71378322355398));
#1337=CARTESIAN_POINT('Ctrl Pts',(0.330000000000001,-0.564382795161083,
3.66149620525271));
#1338=CARTESIAN_POINT('Ctrl Pts',(0.33,-0.563279792857281,3.6080517135055));
#1339=CARTESIAN_POINT('',(0.33,-0.449088705073669,3.40605253018909));
#1340=CARTESIAN_POINT('Origin',(0.33,-1.33526968357529,2.77473041383586));
#1341=CARTESIAN_POINT('',(0.15,-0.292703826514559,3.51746231542789));
#1342=CARTESIAN_POINT('Origin',(0.15,-0.449088705073669,3.40605253018909));
#1343=CARTESIAN_POINT('Origin',(0.15,-1.33526968357529,2.77473041383586));
#1344=CARTESIAN_POINT('Ctrl Pts',(0.15,-6.6177069033004,7.66163065495672));
#1345=CARTESIAN_POINT('Ctrl Pts',(0.15,-13.5378260830529,7.66163065495671));
#1346=CARTESIAN_POINT('Ctrl Pts',(0.15,-13.5378260830529,-0.988518319733933));
#1347=CARTESIAN_POINT('Ctrl Pts',(0.15,-13.5378260830529,-9.63866729442458));
#1348=CARTESIAN_POINT('Ctrl Pts',(0.15,-6.6177069033004,-9.63866729442458));
#1349=CARTESIAN_POINT('Ctrl Pts',(0.15,0.302412276452118,-9.63866729442458));
#1350=CARTESIAN_POINT('Ctrl Pts',(0.15,0.302412276452119,-0.988518319733931));
#1351=CARTESIAN_POINT('Ctrl Pts',(0.15,0.302412276452116,7.66163065495672));
#1352=CARTESIAN_POINT('Ctrl Pts',(0.15,-6.6177069033004,7.66163065495672));
#1353=CARTESIAN_POINT('Ctrl Pts',(-0.0299999999999993,-6.6177069033004,
7.66163065495672));
#1354=CARTESIAN_POINT('Ctrl Pts',(-0.0299999999999993,-13.5378260830529,
7.66163065495671));
#1355=CARTESIAN_POINT('Ctrl Pts',(-0.0299999999999993,-13.5378260830529,
-0.988518319733933));
#1356=CARTESIAN_POINT('Ctrl Pts',(-0.0299999999999993,-13.5378260830529,
-9.63866729442458));
#1357=CARTESIAN_POINT('Ctrl Pts',(-0.0299999999999993,-6.6177069033004,
-9.63866729442458));
#1358=CARTESIAN_POINT('Ctrl Pts',(-0.0299999999999993,0.302412276452118,
-9.63866729442458));
#1359=CARTESIAN_POINT('Ctrl Pts',(-0.0299999999999993,0.302412276452119,
-0.988518319733931));
#1360=CARTESIAN_POINT('Ctrl Pts',(-0.0299999999999993,0.302412276452116,
7.66163065495672));
#1361=CARTESIAN_POINT('Ctrl Pts',(-0.0299999999999993,-6.6177069033004,
7.66163065495672));
#1362=CARTESIAN_POINT('Ctrl Pts',(-0.0299999999999993,-6.6177069033004,
7.88663065495672));
#1363=CARTESIAN_POINT('Ctrl Pts',(-0.0299999999999993,-13.7178260830529,
7.88663065495671));
#1364=CARTESIAN_POINT('Ctrl Pts',(-0.0299999999999993,-13.7178260830529,
-0.988518319733933));
#1365=CARTESIAN_POINT('Ctrl Pts',(-0.0299999999999993,-13.7178260830529,
-9.86366729442458));
#1366=CARTESIAN_POINT('Ctrl Pts',(-0.0299999999999993,-6.6177069033004,
-9.86366729442458));
#1367=CARTESIAN_POINT('Ctrl Pts',(-0.0299999999999993,0.482412276452117,
-9.86366729442457));
#1368=CARTESIAN_POINT('Ctrl Pts',(-0.0299999999999993,0.482412276452118,
-0.988518319733931));
#1369=CARTESIAN_POINT('Ctrl Pts',(-0.0299999999999993,0.482412276452115,
7.88663065495672));
#1370=CARTESIAN_POINT('Ctrl Pts',(-0.0299999999999993,-6.6177069033004,
7.88663065495672));
#1371=CARTESIAN_POINT('Ctrl Pts',(-0.0299999999999993,-6.6177069033004,
8.11163065495671));
#1372=CARTESIAN_POINT('Ctrl Pts',(-0.0299999999999993,-13.8978260830529,
8.11163065495671));
#1373=CARTESIAN_POINT('Ctrl Pts',(-0.0299999999999993,-13.8978260830529,
-0.988518319733933));
#1374=CARTESIAN_POINT('Ctrl Pts',(-0.0299999999999993,-13.8978260830529,
-10.0886672944246));
#1375=CARTESIAN_POINT('Ctrl Pts',(-0.0299999999999993,-6.6177069033004,
-10.0886672944246));
#1376=CARTESIAN_POINT('Ctrl Pts',(-0.0299999999999993,0.662412276452116,
-10.0886672944246));
#1377=CARTESIAN_POINT('Ctrl Pts',(-0.0299999999999993,0.662412276452117,
-0.988518319733931));
#1378=CARTESIAN_POINT('Ctrl Pts',(-0.0299999999999993,0.662412276452115,
8.11163065495671));
#1379=CARTESIAN_POINT('Ctrl Pts',(-0.0299999999999993,-6.6177069033004,
8.11163065495671));
#1380=CARTESIAN_POINT('Ctrl Pts',(0.15,-6.6177069033004,8.11163065495671));
#1381=CARTESIAN_POINT('Ctrl Pts',(0.15,-13.8978260830529,8.11163065495671));
#1382=CARTESIAN_POINT('Ctrl Pts',(0.15,-13.8978260830529,-0.988518319733933));
#1383=CARTESIAN_POINT('Ctrl Pts',(0.15,-13.8978260830529,-10.0886672944246));
#1384=CARTESIAN_POINT('Ctrl Pts',(0.15,-6.6177069033004,-10.0886672944246));
#1385=CARTESIAN_POINT('Ctrl Pts',(0.15,0.662412276452116,-10.0886672944246));
#1386=CARTESIAN_POINT('Ctrl Pts',(0.15,0.662412276452117,-0.988518319733931));
#1387=CARTESIAN_POINT('Ctrl Pts',(0.15,0.662412276452115,8.11163065495671));
#1388=CARTESIAN_POINT('Ctrl Pts',(0.15,-6.6177069033004,8.11163065495671));
#1389=CARTESIAN_POINT('Ctrl Pts',(0.329999999999999,-6.6177069033004,8.11163065495671));
#1390=CARTESIAN_POINT('Ctrl Pts',(0.329999999999999,-13.8978260830529,8.11163065495671));
#1391=CARTESIAN_POINT('Ctrl Pts',(0.329999999999999,-13.8978260830529,-0.988518319733933));
#1392=CARTESIAN_POINT('Ctrl Pts',(0.329999999999999,-13.8978260830529,-10.0886672944246));
#1393=CARTESIAN_POINT('Ctrl Pts',(0.329999999999999,-6.6177069033004,-10.0886672944246));
#1394=CARTESIAN_POINT('Ctrl Pts',(0.329999999999999,0.662412276452116,-10.0886672944246));
#1395=CARTESIAN_POINT('Ctrl Pts',(0.329999999999999,0.662412276452117,-0.988518319733931));
#1396=CARTESIAN_POINT('Ctrl Pts',(0.329999999999999,0.662412276452115,8.11163065495671));
#1397=CARTESIAN_POINT('Ctrl Pts',(0.329999999999999,-6.6177069033004,8.11163065495671));
#1398=CARTESIAN_POINT('Ctrl Pts',(0.329999999999999,-6.6177069033004,7.88663065495672));
#1399=CARTESIAN_POINT('Ctrl Pts',(0.329999999999999,-13.7178260830529,7.88663065495671));
#1400=CARTESIAN_POINT('Ctrl Pts',(0.329999999999999,-13.7178260830529,-0.988518319733933));
#1401=CARTESIAN_POINT('Ctrl Pts',(0.329999999999999,-13.7178260830529,-9.86366729442458));
#1402=CARTESIAN_POINT('Ctrl Pts',(0.329999999999999,-6.6177069033004,-9.86366729442458));
#1403=CARTESIAN_POINT('Ctrl Pts',(0.329999999999999,0.482412276452117,-9.86366729442457));
#1404=CARTESIAN_POINT('Ctrl Pts',(0.329999999999999,0.482412276452118,-0.988518319733931));
#1405=CARTESIAN_POINT('Ctrl Pts',(0.329999999999999,0.482412276452115,7.88663065495672));
#1406=CARTESIAN_POINT('Ctrl Pts',(0.329999999999999,-6.6177069033004,7.88663065495672));
#1407=CARTESIAN_POINT('Ctrl Pts',(0.329999999999999,-6.6177069033004,7.66163065495672));
#1408=CARTESIAN_POINT('Ctrl Pts',(0.329999999999999,-13.5378260830529,7.66163065495671));
#1409=CARTESIAN_POINT('Ctrl Pts',(0.329999999999999,-13.5378260830529,-0.988518319733933));
#1410=CARTESIAN_POINT('Ctrl Pts',(0.329999999999999,-13.5378260830529,-9.63866729442458));
#1411=CARTESIAN_POINT('Ctrl Pts',(0.329999999999999,-6.6177069033004,-9.63866729442458));
#1412=CARTESIAN_POINT('Ctrl Pts',(0.329999999999999,0.302412276452118,-9.63866729442458));
#1413=CARTESIAN_POINT('Ctrl Pts',(0.329999999999999,0.302412276452119,-0.988518319733931));
#1414=CARTESIAN_POINT('Ctrl Pts',(0.329999999999999,0.302412276452116,7.66163065495672));
#1415=CARTESIAN_POINT('Ctrl Pts',(0.329999999999999,-6.6177069033004,7.66163065495672));
#1416=CARTESIAN_POINT('Ctrl Pts',(0.15,-6.6177069033004,7.66163065495672));
#1417=CARTESIAN_POINT('Ctrl Pts',(0.15,-13.5378260830529,7.66163065495671));
#1418=CARTESIAN_POINT('Ctrl Pts',(0.15,-13.5378260830529,-0.988518319733933));
#1419=CARTESIAN_POINT('Ctrl Pts',(0.15,-13.5378260830529,-9.63866729442458));
#1420=CARTESIAN_POINT('Ctrl Pts',(0.15,-6.6177069033004,-9.63866729442458));
#1421=CARTESIAN_POINT('Ctrl Pts',(0.15,0.302412276452118,-9.63866729442458));
#1422=CARTESIAN_POINT('Ctrl Pts',(0.15,0.302412276452119,-0.988518319733931));
#1423=CARTESIAN_POINT('Ctrl Pts',(0.15,0.302412276452116,7.66163065495672));
#1424=CARTESIAN_POINT('Ctrl Pts',(0.15,-6.6177069033004,7.66163065495672));
#1425=CARTESIAN_POINT('',(0.33,0.482410473145236,-0.994843787146387));
#1426=CARTESIAN_POINT('',(0.15,0.662410427428363,-0.995004148417151));
#1427=CARTESIAN_POINT('Origin',(0.15,0.482410473145236,-0.994843787146387));
#1428=CARTESIAN_POINT('Origin',(0.15,-6.6177069033004,-0.988518319733932));
#1429=CARTESIAN_POINT('Origin',(0.33,-6.6177069033004,-0.988518319733932));
#1430=CARTESIAN_POINT('Ctrl Pts',(0.15,0.0624105798179347,-1.29446961084794));
#1431=CARTESIAN_POINT('Ctrl Pts',(0.15,-0.177589420182065,-1.29446961084794));
#1432=CARTESIAN_POINT('Ctrl Pts',(0.15,-0.177589420182065,-0.994469610847937));
#1433=CARTESIAN_POINT('Ctrl Pts',(0.15,-0.177589420182065,-0.694469610847937));
#1434=CARTESIAN_POINT('Ctrl Pts',(0.15,0.0624105798179348,-0.694469610847937));
#1435=CARTESIAN_POINT('Ctrl Pts',(0.15,0.302410579817935,-0.694469610847937));
#1436=CARTESIAN_POINT('Ctrl Pts',(0.15,0.302410579817935,-0.994469610847937));
#1437=CARTESIAN_POINT('Ctrl Pts',(0.15,0.302410579817935,-1.29446961084794));
#1438=CARTESIAN_POINT('Ctrl Pts',(0.15,0.0624105798179347,-1.29446961084794));
#1439=CARTESIAN_POINT('Ctrl Pts',(0.33,0.0624105798179347,-1.29446961084794));
#1440=CARTESIAN_POINT('Ctrl Pts',(0.33,-0.177589420182065,-1.29446961084794));
#1441=CARTESIAN_POINT('Ctrl Pts',(0.33,-0.177589420182065,-0.994469610847937));
#1442=CARTESIAN_POINT('Ctrl Pts',(0.33,-0.177589420182065,-0.694469610847937));
#1443=CARTESIAN_POINT('Ctrl Pts',(0.33,0.0624105798179348,-0.694469610847937));
#1444=CARTESIAN_POINT('Ctrl Pts',(0.33,0.302410579817935,-0.694469610847937));
#1445=CARTESIAN_POINT('Ctrl Pts',(0.33,0.302410579817935,-0.994469610847937));
#1446=CARTESIAN_POINT('Ctrl Pts',(0.33,0.302410579817935,-1.29446961084794));
#1447=CARTESIAN_POINT('Ctrl Pts',(0.33,0.0624105798179347,-1.29446961084794));
#1448=CARTESIAN_POINT('Ctrl Pts',(0.33,0.0624105798179347,-1.51946961084794));
#1449=CARTESIAN_POINT('Ctrl Pts',(0.33,-0.357589420182065,-1.51946961084794));
#1450=CARTESIAN_POINT('Ctrl Pts',(0.33,-0.357589420182065,-0.994469610847937));
#1451=CARTESIAN_POINT('Ctrl Pts',(0.33,-0.357589420182065,-0.469469610847938));
#1452=CARTESIAN_POINT('Ctrl Pts',(0.33,0.0624105798179348,-0.469469610847937));
#1453=CARTESIAN_POINT('Ctrl Pts',(0.33,0.482410579817935,-0.469469610847938));
#1454=CARTESIAN_POINT('Ctrl Pts',(0.33,0.482410579817935,-0.994469610847937));
#1455=CARTESIAN_POINT('Ctrl Pts',(0.33,0.482410579817935,-1.51946961084794));
#1456=CARTESIAN_POINT('Ctrl Pts',(0.33,0.0624105798179347,-1.51946961084794));
#1457=CARTESIAN_POINT('Ctrl Pts',(0.33,0.0624105798179347,-1.74446961084794));
#1458=CARTESIAN_POINT('Ctrl Pts',(0.33,-0.537589420182065,-1.74446961084794));
#1459=CARTESIAN_POINT('Ctrl Pts',(0.33,-0.537589420182065,-0.994469610847937));
#1460=CARTESIAN_POINT('Ctrl Pts',(0.33,-0.537589420182065,-0.244469610847937));
#1461=CARTESIAN_POINT('Ctrl Pts',(0.33,0.0624105798179349,-0.244469610847937));
#1462=CARTESIAN_POINT('Ctrl Pts',(0.33,0.662410579817935,-0.244469610847937));
#1463=CARTESIAN_POINT('Ctrl Pts',(0.33,0.662410579817935,-0.994469610847937));
#1464=CARTESIAN_POINT('Ctrl Pts',(0.33,0.662410579817934,-1.74446961084794));
#1465=CARTESIAN_POINT('Ctrl Pts',(0.33,0.0624105798179347,-1.74446961084794));
#1466=CARTESIAN_POINT('Ctrl Pts',(0.15,0.0624105798179347,-1.74446961084794));
#1467=CARTESIAN_POINT('Ctrl Pts',(0.15,-0.537589420182065,-1.74446961084794));
#1468=CARTESIAN_POINT('Ctrl Pts',(0.15,-0.537589420182065,-0.994469610847937));
#1469=CARTESIAN_POINT('Ctrl Pts',(0.15,-0.537589420182065,-0.244469610847937));
#1470=CARTESIAN_POINT('Ctrl Pts',(0.15,0.0624105798179349,-0.244469610847937));
#1471=CARTESIAN_POINT('Ctrl Pts',(0.15,0.662410579817935,-0.244469610847937));
#1472=CARTESIAN_POINT('Ctrl Pts',(0.15,0.662410579817935,-0.994469610847937));
#1473=CARTESIAN_POINT('Ctrl Pts',(0.15,0.662410579817934,-1.74446961084794));
#1474=CARTESIAN_POINT('Ctrl Pts',(0.15,0.0624105798179347,-1.74446961084794));
#1475=CARTESIAN_POINT('Ctrl Pts',(-0.0300000000000001,0.0624105798179347,
-1.74446961084794));
#1476=CARTESIAN_POINT('Ctrl Pts',(-0.0300000000000001,-0.537589420182065,
-1.74446961084794));
#1477=CARTESIAN_POINT('Ctrl Pts',(-0.0300000000000001,-0.537589420182065,
-0.994469610847937));
#1478=CARTESIAN_POINT('Ctrl Pts',(-0.0300000000000001,-0.537589420182065,
-0.244469610847937));
#1479=CARTESIAN_POINT('Ctrl Pts',(-0.0300000000000001,0.0624105798179349,
-0.244469610847937));
#1480=CARTESIAN_POINT('Ctrl Pts',(-0.0300000000000001,0.662410579817935,
-0.244469610847937));
#1481=CARTESIAN_POINT('Ctrl Pts',(-0.0300000000000001,0.662410579817935,
-0.994469610847937));
#1482=CARTESIAN_POINT('Ctrl Pts',(-0.0300000000000001,0.662410579817934,
-1.74446961084794));
#1483=CARTESIAN_POINT('Ctrl Pts',(-0.0300000000000001,0.0624105798179347,
-1.74446961084794));
#1484=CARTESIAN_POINT('Ctrl Pts',(-0.0300000000000001,0.0624105798179347,
-1.51946961084794));
#1485=CARTESIAN_POINT('Ctrl Pts',(-0.0300000000000001,-0.357589420182065,
-1.51946961084794));
#1486=CARTESIAN_POINT('Ctrl Pts',(-0.0300000000000001,-0.357589420182065,
-0.994469610847937));
#1487=CARTESIAN_POINT('Ctrl Pts',(-0.0300000000000001,-0.357589420182065,
-0.469469610847938));
#1488=CARTESIAN_POINT('Ctrl Pts',(-0.0300000000000001,0.0624105798179348,
-0.469469610847937));
#1489=CARTESIAN_POINT('Ctrl Pts',(-0.0300000000000001,0.482410579817935,
-0.469469610847938));
#1490=CARTESIAN_POINT('Ctrl Pts',(-0.0300000000000001,0.482410579817935,
-0.994469610847937));
#1491=CARTESIAN_POINT('Ctrl Pts',(-0.0300000000000001,0.482410579817935,
-1.51946961084794));
#1492=CARTESIAN_POINT('Ctrl Pts',(-0.0300000000000001,0.0624105798179347,
-1.51946961084794));
#1493=CARTESIAN_POINT('Ctrl Pts',(-0.0300000000000001,0.0624105798179347,
-1.29446961084794));
#1494=CARTESIAN_POINT('Ctrl Pts',(-0.0300000000000001,-0.177589420182065,
-1.29446961084794));
#1495=CARTESIAN_POINT('Ctrl Pts',(-0.0300000000000001,-0.177589420182065,
-0.994469610847937));
#1496=CARTESIAN_POINT('Ctrl Pts',(-0.0300000000000001,-0.177589420182065,
-0.694469610847937));
#1497=CARTESIAN_POINT('Ctrl Pts',(-0.0300000000000001,0.0624105798179348,
-0.694469610847937));
#1498=CARTESIAN_POINT('Ctrl Pts',(-0.0300000000000001,0.302410579817935,
-0.694469610847937));
#1499=CARTESIAN_POINT('Ctrl Pts',(-0.0300000000000001,0.302410579817935,
-0.994469610847937));
#1500=CARTESIAN_POINT('Ctrl Pts',(-0.0300000000000001,0.302410579817935,
-1.29446961084794));
#1501=CARTESIAN_POINT('Ctrl Pts',(-0.0300000000000001,0.0624105798179347,
-1.29446961084794));
#1502=CARTESIAN_POINT('Ctrl Pts',(0.15,0.0624105798179347,-1.29446961084794));
#1503=CARTESIAN_POINT('Ctrl Pts',(0.15,-0.177589420182065,-1.29446961084794));
#1504=CARTESIAN_POINT('Ctrl Pts',(0.15,-0.177589420182065,-0.994469610847937));
#1505=CARTESIAN_POINT('Ctrl Pts',(0.15,-0.177589420182065,-0.694469610847937));
#1506=CARTESIAN_POINT('Ctrl Pts',(0.15,0.0624105798179348,-0.694469610847937));
#1507=CARTESIAN_POINT('Ctrl Pts',(0.15,0.302410579817935,-0.694469610847937));
#1508=CARTESIAN_POINT('Ctrl Pts',(0.15,0.302410579817935,-0.994469610847937));
#1509=CARTESIAN_POINT('Ctrl Pts',(0.15,0.302410579817935,-1.29446961084794));
#1510=CARTESIAN_POINT('Ctrl Pts',(0.15,0.0624105798179347,-1.29446961084794));
#1511=CARTESIAN_POINT('',(0.33,0.353395175881095,-1.37305242224369));
#1512=CARTESIAN_POINT('',(0.15,0.478102859908165,-1.53530219855615));
#1513=CARTESIAN_POINT('Origin',(0.15,0.353395175881095,-1.37305242224369));
#1514=CARTESIAN_POINT('Origin',(0.15,0.0624105798179348,-0.994469610847937));
#1515=CARTESIAN_POINT('Origin',(0.33,0.0624105798179348,-0.994469610847937));
#1516=CARTESIAN_POINT('Ctrl Pts',(0.15,-0.122178773965827,-0.121271683870889));
#1517=CARTESIAN_POINT('Ctrl Pts',(0.15,-0.628610501411469,-0.12127168387089));
#1518=CARTESIAN_POINT('Ctrl Pts',(0.15,-0.628610501411469,-0.754311343177942));
#1519=CARTESIAN_POINT('Ctrl Pts',(0.15,-0.628610501411468,-1.38735100248499));
#1520=CARTESIAN_POINT('Ctrl Pts',(0.15,-0.122178773965827,-1.38735100248499));
#1521=CARTESIAN_POINT('Ctrl Pts',(0.15,0.384252953479815,-1.38735100248499));
#1522=CARTESIAN_POINT('Ctrl Pts',(0.15,0.384252953479815,-0.754311343177942));
#1523=CARTESIAN_POINT('Ctrl Pts',(0.15,0.384252953479815,-0.121271683870889));
#1524=CARTESIAN_POINT('Ctrl Pts',(0.15,-0.122178773965827,-0.121271683870889));
#1525=CARTESIAN_POINT('Ctrl Pts',(-0.0300000000000001,-0.122178773965827,
-0.121271683870889));
#1526=CARTESIAN_POINT('Ctrl Pts',(-0.0300000000000001,-0.628610501411469,
-0.12127168387089));
#1527=CARTESIAN_POINT('Ctrl Pts',(-0.0300000000000001,-0.628610501411469,
-0.754311343177942));
#1528=CARTESIAN_POINT('Ctrl Pts',(-0.0300000000000001,-0.628610501411468,
-1.38735100248499));
#1529=CARTESIAN_POINT('Ctrl Pts',(-0.0300000000000001,-0.122178773965827,
-1.38735100248499));
#1530=CARTESIAN_POINT('Ctrl Pts',(-0.0300000000000001,0.384252953479815,
-1.38735100248499));
#1531=CARTESIAN_POINT('Ctrl Pts',(-0.0300000000000001,0.384252953479815,
-0.754311343177942));
#1532=CARTESIAN_POINT('Ctrl Pts',(-0.0300000000000001,0.384252953479815,
-0.121271683870889));
#1533=CARTESIAN_POINT('Ctrl Pts',(-0.0300000000000001,-0.122178773965827,
-0.121271683870889));
#1534=CARTESIAN_POINT('Ctrl Pts',(-0.0300000000000001,-0.122178773965827,
0.103728316129111));
#1535=CARTESIAN_POINT('Ctrl Pts',(-0.0300000000000001,-0.808610501411469,
0.103728316129111));
#1536=CARTESIAN_POINT('Ctrl Pts',(-0.0300000000000001,-0.808610501411469,
-0.754311343177942));
#1537=CARTESIAN_POINT('Ctrl Pts',(-0.0300000000000001,-0.808610501411469,
-1.61235100248499));
#1538=CARTESIAN_POINT('Ctrl Pts',(-0.0300000000000001,-0.122178773965827,
-1.61235100248499));
#1539=CARTESIAN_POINT('Ctrl Pts',(-0.0300000000000001,0.564252953479815,
-1.61235100248499));
#1540=CARTESIAN_POINT('Ctrl Pts',(-0.0300000000000001,0.564252953479815,
-0.754311343177942));
#1541=CARTESIAN_POINT('Ctrl Pts',(-0.0300000000000001,0.564252953479815,
0.103728316129111));
#1542=CARTESIAN_POINT('Ctrl Pts',(-0.0300000000000001,-0.122178773965827,
0.103728316129111));
#1543=CARTESIAN_POINT('Ctrl Pts',(-0.0300000000000001,-0.122178773965827,
0.328728316129111));
#1544=CARTESIAN_POINT('Ctrl Pts',(-0.0300000000000001,-0.988610501411469,
0.32872831612911));
#1545=CARTESIAN_POINT('Ctrl Pts',(-0.0300000000000001,-0.988610501411469,
-0.754311343177942));
#1546=CARTESIAN_POINT('Ctrl Pts',(-0.0300000000000001,-0.988610501411469,
-1.83735100248499));
#1547=CARTESIAN_POINT('Ctrl Pts',(-0.0300000000000001,-0.122178773965827,
-1.83735100248499));
#1548=CARTESIAN_POINT('Ctrl Pts',(-0.0300000000000001,0.744252953479815,
-1.83735100248499));
#1549=CARTESIAN_POINT('Ctrl Pts',(-0.0300000000000001,0.744252953479815,
-0.754311343177942));
#1550=CARTESIAN_POINT('Ctrl Pts',(-0.0300000000000001,0.744252953479815,
0.328728316129111));
#1551=CARTESIAN_POINT('Ctrl Pts',(-0.0300000000000001,-0.122178773965827,
0.328728316129111));
#1552=CARTESIAN_POINT('Ctrl Pts',(0.15,-0.122178773965827,0.328728316129111));
#1553=CARTESIAN_POINT('Ctrl Pts',(0.15,-0.988610501411469,0.32872831612911));
#1554=CARTESIAN_POINT('Ctrl Pts',(0.15,-0.988610501411469,-0.754311343177942));
#1555=CARTESIAN_POINT('Ctrl Pts',(0.15,-0.988610501411469,-1.83735100248499));
#1556=CARTESIAN_POINT('Ctrl Pts',(0.15,-0.122178773965827,-1.83735100248499));
#1557=CARTESIAN_POINT('Ctrl Pts',(0.15,0.744252953479815,-1.83735100248499));
#1558=CARTESIAN_POINT('Ctrl Pts',(0.15,0.744252953479815,-0.754311343177942));
#1559=CARTESIAN_POINT('Ctrl Pts',(0.15,0.744252953479815,0.328728316129111));
#1560=CARTESIAN_POINT('Ctrl Pts',(0.15,-0.122178773965827,0.328728316129111));
#1561=CARTESIAN_POINT('Ctrl Pts',(0.33,-0.122178773965827,0.328728316129111));
#1562=CARTESIAN_POINT('Ctrl Pts',(0.33,-0.988610501411469,0.32872831612911));
#1563=CARTESIAN_POINT('Ctrl Pts',(0.33,-0.988610501411469,-0.754311343177942));
#1564=CARTESIAN_POINT('Ctrl Pts',(0.33,-0.988610501411469,-1.83735100248499));
#1565=CARTESIAN_POINT('Ctrl Pts',(0.33,-0.122178773965827,-1.83735100248499));
#1566=CARTESIAN_POINT('Ctrl Pts',(0.33,0.744252953479815,-1.83735100248499));
#1567=CARTESIAN_POINT('Ctrl Pts',(0.33,0.744252953479815,-0.754311343177942));
#1568=CARTESIAN_POINT('Ctrl Pts',(0.33,0.744252953479815,0.328728316129111));
#1569=CARTESIAN_POINT('Ctrl Pts',(0.33,-0.122178773965827,0.328728316129111));
#1570=CARTESIAN_POINT('Ctrl Pts',(0.33,-0.122178773965827,0.103728316129111));
#1571=CARTESIAN_POINT('Ctrl Pts',(0.33,-0.808610501411469,0.103728316129111));
#1572=CARTESIAN_POINT('Ctrl Pts',(0.33,-0.808610501411469,-0.754311343177942));
#1573=CARTESIAN_POINT('Ctrl Pts',(0.33,-0.808610501411469,-1.61235100248499));
#1574=CARTESIAN_POINT('Ctrl Pts',(0.33,-0.122178773965827,-1.61235100248499));
#1575=CARTESIAN_POINT('Ctrl Pts',(0.33,0.564252953479815,-1.61235100248499));
#1576=CARTESIAN_POINT('Ctrl Pts',(0.33,0.564252953479815,-0.754311343177942));
#1577=CARTESIAN_POINT('Ctrl Pts',(0.33,0.564252953479815,0.103728316129111));
#1578=CARTESIAN_POINT('Ctrl Pts',(0.33,-0.122178773965827,0.103728316129111));
#1579=CARTESIAN_POINT('Ctrl Pts',(0.33,-0.122178773965827,-0.121271683870889));
#1580=CARTESIAN_POINT('Ctrl Pts',(0.33,-0.628610501411469,-0.12127168387089));
#1581=CARTESIAN_POINT('Ctrl Pts',(0.33,-0.628610501411469,-0.754311343177942));
#1582=CARTESIAN_POINT('Ctrl Pts',(0.33,-0.628610501411468,-1.38735100248499));
#1583=CARTESIAN_POINT('Ctrl Pts',(0.33,-0.122178773965827,-1.38735100248499));
#1584=CARTESIAN_POINT('Ctrl Pts',(0.33,0.384252953479815,-1.38735100248499));
#1585=CARTESIAN_POINT('Ctrl Pts',(0.33,0.384252953479815,-0.754311343177942));
#1586=CARTESIAN_POINT('Ctrl Pts',(0.33,0.384252953479815,-0.121271683870889));
#1587=CARTESIAN_POINT('Ctrl Pts',(0.33,-0.122178773965827,-0.121271683870889));
#1588=CARTESIAN_POINT('Ctrl Pts',(0.15,-0.122178773965827,-0.121271683870889));
#1589=CARTESIAN_POINT('Ctrl Pts',(0.15,-0.628610501411469,-0.12127168387089));
#1590=CARTESIAN_POINT('Ctrl Pts',(0.15,-0.628610501411469,-0.754311343177942));
#1591=CARTESIAN_POINT('Ctrl Pts',(0.15,-0.628610501411468,-1.38735100248499));
#1592=CARTESIAN_POINT('Ctrl Pts',(0.15,-0.122178773965827,-1.38735100248499));
#1593=CARTESIAN_POINT('Ctrl Pts',(0.15,0.384252953479815,-1.38735100248499));
#1594=CARTESIAN_POINT('Ctrl Pts',(0.15,0.384252953479815,-0.754311343177942));
#1595=CARTESIAN_POINT('Ctrl Pts',(0.15,0.384252953479815,-0.121271683870889));
#1596=CARTESIAN_POINT('Ctrl Pts',(0.15,-0.122178773965827,-0.121271683870889));
#1597=CARTESIAN_POINT('',(0.33,-0.00783220767864043,-1.60036226069704));
#1598=CARTESIAN_POINT('',(0.15,0.0221523940067816,-1.82221850519223));
#1599=CARTESIAN_POINT('Origin',(0.15,-0.00783220767864043,-1.60036226069704));
#1600=CARTESIAN_POINT('Origin',(0.15,-0.122178773965827,-0.754311343177942));
#1601=CARTESIAN_POINT('Origin',(0.33,-0.122178773965827,-0.754311343177942));
#1602=CARTESIAN_POINT('Ctrl Pts',(0.15,2.02112583970157,-1.6126348048717));
#1603=CARTESIAN_POINT('Ctrl Pts',(0.15,-9.97887416029842,-1.6126348048717));
#1604=CARTESIAN_POINT('Ctrl Pts',(0.15,-9.97887416029842,-16.6126348048717));
#1605=CARTESIAN_POINT('Ctrl Pts',(0.15,-9.97887416029842,-31.6126348048717));
#1606=CARTESIAN_POINT('Ctrl Pts',(0.15,2.02112583970158,-31.6126348048717));
#1607=CARTESIAN_POINT('Ctrl Pts',(0.15,14.0211258397016,-31.6126348048717));
#1608=CARTESIAN_POINT('Ctrl Pts',(0.15,14.0211258397016,-16.6126348048717));
#1609=CARTESIAN_POINT('Ctrl Pts',(0.15,14.0211258397016,-1.6126348048717));
#1610=CARTESIAN_POINT('Ctrl Pts',(0.15,2.02112583970157,-1.6126348048717));
#1611=CARTESIAN_POINT('Ctrl Pts',(-0.0300000000000001,2.02112583970157,
-1.6126348048717));
#1612=CARTESIAN_POINT('Ctrl Pts',(-0.0300000000000001,-9.97887416029842,
-1.6126348048717));
#1613=CARTESIAN_POINT('Ctrl Pts',(-0.0300000000000001,-9.97887416029842,
-16.6126348048717));
#1614=CARTESIAN_POINT('Ctrl Pts',(-0.0300000000000001,-9.97887416029842,
-31.6126348048717));
#1615=CARTESIAN_POINT('Ctrl Pts',(-0.0300000000000001,2.02112583970158,
-31.6126348048717));
#1616=CARTESIAN_POINT('Ctrl Pts',(-0.0300000000000001,14.0211258397016,
-31.6126348048717));
#1617=CARTESIAN_POINT('Ctrl Pts',(-0.0300000000000001,14.0211258397016,
-16.6126348048717));
#1618=CARTESIAN_POINT('Ctrl Pts',(-0.0300000000000001,14.0211258397016,
-1.6126348048717));
#1619=CARTESIAN_POINT('Ctrl Pts',(-0.0300000000000001,2.02112583970157,
-1.6126348048717));
#1620=CARTESIAN_POINT('Ctrl Pts',(-0.0300000000000001,2.02112583970157,
-1.3876348048717));
#1621=CARTESIAN_POINT('Ctrl Pts',(-0.0300000000000001,-10.1588741602984,
-1.3876348048717));
#1622=CARTESIAN_POINT('Ctrl Pts',(-0.0300000000000001,-10.1588741602984,
-16.6126348048717));
#1623=CARTESIAN_POINT('Ctrl Pts',(-0.0300000000000001,-10.1588741602984,
-31.8376348048717));
#1624=CARTESIAN_POINT('Ctrl Pts',(-0.0300000000000001,2.02112583970158,
-31.8376348048717));
#1625=CARTESIAN_POINT('Ctrl Pts',(-0.0300000000000001,14.2011258397016,
-31.8376348048717));
#1626=CARTESIAN_POINT('Ctrl Pts',(-0.0300000000000001,14.2011258397016,
-16.6126348048717));
#1627=CARTESIAN_POINT('Ctrl Pts',(-0.0300000000000001,14.2011258397016,
-1.3876348048717));
#1628=CARTESIAN_POINT('Ctrl Pts',(-0.0300000000000001,2.02112583970157,
-1.3876348048717));
#1629=CARTESIAN_POINT('Ctrl Pts',(-0.0300000000000001,2.02112583970157,
-1.1626348048717));
#1630=CARTESIAN_POINT('Ctrl Pts',(-0.0300000000000001,-10.3388741602984,
-1.1626348048717));
#1631=CARTESIAN_POINT('Ctrl Pts',(-0.0300000000000001,-10.3388741602984,
-16.6126348048717));
#1632=CARTESIAN_POINT('Ctrl Pts',(-0.0300000000000001,-10.3388741602984,
-32.0626348048717));
#1633=CARTESIAN_POINT('Ctrl Pts',(-0.0300000000000001,2.02112583970158,
-32.0626348048717));
#1634=CARTESIAN_POINT('Ctrl Pts',(-0.0300000000000001,14.3811258397016,
-32.0626348048717));
#1635=CARTESIAN_POINT('Ctrl Pts',(-0.0300000000000001,14.3811258397016,
-16.6126348048717));
#1636=CARTESIAN_POINT('Ctrl Pts',(-0.0300000000000001,14.3811258397016,
-1.1626348048717));
#1637=CARTESIAN_POINT('Ctrl Pts',(-0.0300000000000001,2.02112583970157,
-1.1626348048717));
#1638=CARTESIAN_POINT('Ctrl Pts',(0.15,2.02112583970157,-1.1626348048717));
#1639=CARTESIAN_POINT('Ctrl Pts',(0.15,-10.3388741602984,-1.1626348048717));
#1640=CARTESIAN_POINT('Ctrl Pts',(0.15,-10.3388741602984,-16.6126348048717));
#1641=CARTESIAN_POINT('Ctrl Pts',(0.15,-10.3388741602984,-32.0626348048717));
#1642=CARTESIAN_POINT('Ctrl Pts',(0.15,2.02112583970158,-32.0626348048717));
#1643=CARTESIAN_POINT('Ctrl Pts',(0.15,14.3811258397016,-32.0626348048717));
#1644=CARTESIAN_POINT('Ctrl Pts',(0.15,14.3811258397016,-16.6126348048717));
#1645=CARTESIAN_POINT('Ctrl Pts',(0.15,14.3811258397016,-1.1626348048717));
#1646=CARTESIAN_POINT('Ctrl Pts',(0.15,2.02112583970157,-1.1626348048717));
#1647=CARTESIAN_POINT('Ctrl Pts',(0.33,2.02112583970157,-1.1626348048717));
#1648=CARTESIAN_POINT('Ctrl Pts',(0.33,-10.3388741602984,-1.1626348048717));
#1649=CARTESIAN_POINT('Ctrl Pts',(0.33,-10.3388741602984,-16.6126348048717));
#1650=CARTESIAN_POINT('Ctrl Pts',(0.33,-10.3388741602984,-32.0626348048717));
#1651=CARTESIAN_POINT('Ctrl Pts',(0.33,2.02112583970158,-32.0626348048717));
#1652=CARTESIAN_POINT('Ctrl Pts',(0.33,14.3811258397016,-32.0626348048717));
#1653=CARTESIAN_POINT('Ctrl Pts',(0.33,14.3811258397016,-16.6126348048717));
#1654=CARTESIAN_POINT('Ctrl Pts',(0.33,14.3811258397016,-1.1626348048717));
#1655=CARTESIAN_POINT('Ctrl Pts',(0.33,2.02112583970157,-1.1626348048717));
#1656=CARTESIAN_POINT('Ctrl Pts',(0.33,2.02112583970157,-1.3876348048717));
#1657=CARTESIAN_POINT('Ctrl Pts',(0.33,-10.1588741602984,-1.3876348048717));
#1658=CARTESIAN_POINT('Ctrl Pts',(0.33,-10.1588741602984,-16.6126348048717));
#1659=CARTESIAN_POINT('Ctrl Pts',(0.33,-10.1588741602984,-31.8376348048717));
#1660=CARTESIAN_POINT('Ctrl Pts',(0.33,2.02112583970158,-31.8376348048717));
#1661=CARTESIAN_POINT('Ctrl Pts',(0.33,14.2011258397016,-31.8376348048717));
#1662=CARTESIAN_POINT('Ctrl Pts',(0.33,14.2011258397016,-16.6126348048717));
#1663=CARTESIAN_POINT('Ctrl Pts',(0.33,14.2011258397016,-1.3876348048717));
#1664=CARTESIAN_POINT('Ctrl Pts',(0.33,2.02112583970157,-1.3876348048717));
#1665=CARTESIAN_POINT('Ctrl Pts',(0.33,2.02112583970157,-1.6126348048717));
#1666=CARTESIAN_POINT('Ctrl Pts',(0.33,-9.97887416029842,-1.6126348048717));
#1667=CARTESIAN_POINT('Ctrl Pts',(0.33,-9.97887416029842,-16.6126348048717));
#1668=CARTESIAN_POINT('Ctrl Pts',(0.33,-9.97887416029842,-31.6126348048717));
#1669=CARTESIAN_POINT('Ctrl Pts',(0.33,2.02112583970158,-31.6126348048717));
#1670=CARTESIAN_POINT('Ctrl Pts',(0.33,14.0211258397016,-31.6126348048717));
#1671=CARTESIAN_POINT('Ctrl Pts',(0.33,14.0211258397016,-16.6126348048717));
#1672=CARTESIAN_POINT('Ctrl Pts',(0.33,14.0211258397016,-1.6126348048717));
#1673=CARTESIAN_POINT('Ctrl Pts',(0.33,2.02112583970157,-1.6126348048717));
#1674=CARTESIAN_POINT('Ctrl Pts',(0.15,2.02112583970157,-1.6126348048717));
#1675=CARTESIAN_POINT('Ctrl Pts',(0.15,-9.97887416029842,-1.6126348048717));
#1676=CARTESIAN_POINT('Ctrl Pts',(0.15,-9.97887416029842,-16.6126348048717));
#1677=CARTESIAN_POINT('Ctrl Pts',(0.15,-9.97887416029842,-31.6126348048717));
#1678=CARTESIAN_POINT('Ctrl Pts',(0.15,2.02112583970158,-31.6126348048717));
#1679=CARTESIAN_POINT('Ctrl Pts',(0.15,14.0211258397016,-31.6126348048717));
#1680=CARTESIAN_POINT('Ctrl Pts',(0.15,14.0211258397016,-16.6126348048717));
#1681=CARTESIAN_POINT('Ctrl Pts',(0.15,14.0211258397016,-1.6126348048717));
#1682=CARTESIAN_POINT('Ctrl Pts',(0.15,2.02112583970157,-1.6126348048717));
#1683=CARTESIAN_POINT('',(0.33,-0.14902829510951,-1.63124890482254));
#1684=CARTESIAN_POINT('',(0.15,-0.116957051737917,-1.85264869644888));
#1685=CARTESIAN_POINT('Origin',(0.15,-0.14902829510951,-1.63124890482254));
#1686=CARTESIAN_POINT('Origin',(0.15,2.02112583970157,-16.6126348048717));
#1687=CARTESIAN_POINT('Origin',(0.33,2.02112583970157,-16.6126348048717));
#1688=CARTESIAN_POINT('Ctrl Pts',(0.15,-0.271332289492241,-0.153899015392292));
#1689=CARTESIAN_POINT('Ctrl Pts',(0.15,-0.777764016937883,-0.153899015392292));
#1690=CARTESIAN_POINT('Ctrl Pts',(0.15,-0.777764016937883,-0.786938674699345));
#1691=CARTESIAN_POINT('Ctrl Pts',(0.15,-0.777764016937883,-1.4199783340064));
#1692=CARTESIAN_POINT('Ctrl Pts',(0.15,-0.271332289492241,-1.4199783340064));
#1693=CARTESIAN_POINT('Ctrl Pts',(0.15,0.235099437953401,-1.4199783340064));
#1694=CARTESIAN_POINT('Ctrl Pts',(0.15,0.235099437953401,-0.786938674699344));
#1695=CARTESIAN_POINT('Ctrl Pts',(0.15,0.235099437953401,-0.153899015392292));
#1696=CARTESIAN_POINT('Ctrl Pts',(0.15,-0.271332289492241,-0.153899015392292));
#1697=CARTESIAN_POINT('Ctrl Pts',(-0.0299999999999999,-0.271332289492241,
-0.153899015392292));
#1698=CARTESIAN_POINT('Ctrl Pts',(-0.0299999999999999,-0.777764016937883,
-0.153899015392292));
#1699=CARTESIAN_POINT('Ctrl Pts',(-0.0299999999999999,-0.777764016937883,
-0.786938674699345));
#1700=CARTESIAN_POINT('Ctrl Pts',(-0.0299999999999999,-0.777764016937883,
-1.4199783340064));
#1701=CARTESIAN_POINT('Ctrl Pts',(-0.0299999999999999,-0.271332289492241,
-1.4199783340064));
#1702=CARTESIAN_POINT('Ctrl Pts',(-0.0299999999999999,0.235099437953401,
-1.4199783340064));
#1703=CARTESIAN_POINT('Ctrl Pts',(-0.0299999999999999,0.235099437953401,
-0.786938674699344));
#1704=CARTESIAN_POINT('Ctrl Pts',(-0.0299999999999999,0.235099437953401,
-0.153899015392292));
#1705=CARTESIAN_POINT('Ctrl Pts',(-0.0299999999999999,-0.271332289492241,
-0.153899015392292));
#1706=CARTESIAN_POINT('Ctrl Pts',(-0.0299999999999999,-0.271332289492241,
0.0711009846077078));
#1707=CARTESIAN_POINT('Ctrl Pts',(-0.0299999999999999,-0.957764016937883,
0.0711009846077078));
#1708=CARTESIAN_POINT('Ctrl Pts',(-0.0299999999999999,-0.957764016937883,
-0.786938674699345));
#1709=CARTESIAN_POINT('Ctrl Pts',(-0.0299999999999999,-0.957764016937883,
-1.6449783340064));
#1710=CARTESIAN_POINT('Ctrl Pts',(-0.0299999999999999,-0.271332289492241,
-1.6449783340064));
#1711=CARTESIAN_POINT('Ctrl Pts',(-0.0299999999999999,0.415099437953401,
-1.6449783340064));
#1712=CARTESIAN_POINT('Ctrl Pts',(-0.0299999999999999,0.415099437953401,
-0.786938674699344));
#1713=CARTESIAN_POINT('Ctrl Pts',(-0.0299999999999999,0.415099437953401,
0.0711009846077078));
#1714=CARTESIAN_POINT('Ctrl Pts',(-0.0299999999999999,-0.271332289492241,
0.0711009846077078));
#1715=CARTESIAN_POINT('Ctrl Pts',(-0.0299999999999999,-0.271332289492241,
0.296100984607708));
#1716=CARTESIAN_POINT('Ctrl Pts',(-0.0299999999999999,-1.13776401693788,
0.296100984607708));
#1717=CARTESIAN_POINT('Ctrl Pts',(-0.0299999999999999,-1.13776401693788,
-0.786938674699345));
#1718=CARTESIAN_POINT('Ctrl Pts',(-0.0299999999999999,-1.13776401693788,
-1.8699783340064));
#1719=CARTESIAN_POINT('Ctrl Pts',(-0.0299999999999999,-0.271332289492241,
-1.8699783340064));
#1720=CARTESIAN_POINT('Ctrl Pts',(-0.0299999999999999,0.595099437953401,
-1.8699783340064));
#1721=CARTESIAN_POINT('Ctrl Pts',(-0.0299999999999999,0.595099437953401,
-0.786938674699344));
#1722=CARTESIAN_POINT('Ctrl Pts',(-0.0299999999999999,0.5950994379534,0.296100984607708));
#1723=CARTESIAN_POINT('Ctrl Pts',(-0.0299999999999999,-0.271332289492241,
0.296100984607708));
#1724=CARTESIAN_POINT('Ctrl Pts',(0.15,-0.271332289492241,0.296100984607708));
#1725=CARTESIAN_POINT('Ctrl Pts',(0.15,-1.13776401693788,0.296100984607708));
#1726=CARTESIAN_POINT('Ctrl Pts',(0.15,-1.13776401693788,-0.786938674699345));
#1727=CARTESIAN_POINT('Ctrl Pts',(0.15,-1.13776401693788,-1.8699783340064));
#1728=CARTESIAN_POINT('Ctrl Pts',(0.15,-0.271332289492241,-1.8699783340064));
#1729=CARTESIAN_POINT('Ctrl Pts',(0.15,0.595099437953401,-1.8699783340064));
#1730=CARTESIAN_POINT('Ctrl Pts',(0.15,0.595099437953401,-0.786938674699344));
#1731=CARTESIAN_POINT('Ctrl Pts',(0.15,0.5950994379534,0.296100984607708));
#1732=CARTESIAN_POINT('Ctrl Pts',(0.15,-0.271332289492241,0.296100984607708));
#1733=CARTESIAN_POINT('Ctrl Pts',(0.33,-0.271332289492241,0.296100984607708));
#1734=CARTESIAN_POINT('Ctrl Pts',(0.33,-1.13776401693788,0.296100984607708));
#1735=CARTESIAN_POINT('Ctrl Pts',(0.33,-1.13776401693788,-0.786938674699345));
#1736=CARTESIAN_POINT('Ctrl Pts',(0.33,-1.13776401693788,-1.8699783340064));
#1737=CARTESIAN_POINT('Ctrl Pts',(0.33,-0.271332289492241,-1.8699783340064));
#1738=CARTESIAN_POINT('Ctrl Pts',(0.33,0.595099437953401,-1.8699783340064));
#1739=CARTESIAN_POINT('Ctrl Pts',(0.33,0.595099437953401,-0.786938674699344));
#1740=CARTESIAN_POINT('Ctrl Pts',(0.33,0.5950994379534,0.296100984607708));
#1741=CARTESIAN_POINT('Ctrl Pts',(0.33,-0.271332289492241,0.296100984607708));
#1742=CARTESIAN_POINT('Ctrl Pts',(0.33,-0.271332289492241,0.0711009846077078));
#1743=CARTESIAN_POINT('Ctrl Pts',(0.33,-0.957764016937883,0.0711009846077078));
#1744=CARTESIAN_POINT('Ctrl Pts',(0.33,-0.957764016937883,-0.786938674699345));
#1745=CARTESIAN_POINT('Ctrl Pts',(0.33,-0.957764016937883,-1.6449783340064));
#1746=CARTESIAN_POINT('Ctrl Pts',(0.33,-0.271332289492241,-1.6449783340064));
#1747=CARTESIAN_POINT('Ctrl Pts',(0.33,0.415099437953401,-1.6449783340064));
#1748=CARTESIAN_POINT('Ctrl Pts',(0.33,0.415099437953401,-0.786938674699344));
#1749=CARTESIAN_POINT('Ctrl Pts',(0.33,0.415099437953401,0.0711009846077078));
#1750=CARTESIAN_POINT('Ctrl Pts',(0.33,-0.271332289492241,0.0711009846077078));
#1751=CARTESIAN_POINT('Ctrl Pts',(0.33,-0.271332289492241,-0.153899015392292));
#1752=CARTESIAN_POINT('Ctrl Pts',(0.33,-0.777764016937883,-0.153899015392292));
#1753=CARTESIAN_POINT('Ctrl Pts',(0.33,-0.777764016937883,-0.786938674699345));
#1754=CARTESIAN_POINT('Ctrl Pts',(0.33,-0.777764016937883,-1.4199783340064));
#1755=CARTESIAN_POINT('Ctrl Pts',(0.33,-0.271332289492241,-1.4199783340064));
#1756=CARTESIAN_POINT('Ctrl Pts',(0.33,0.235099437953401,-1.4199783340064));
#1757=CARTESIAN_POINT('Ctrl Pts',(0.33,0.235099437953401,-0.786938674699344));
#1758=CARTESIAN_POINT('Ctrl Pts',(0.33,0.235099437953401,-0.153899015392292));
#1759=CARTESIAN_POINT('Ctrl Pts',(0.33,-0.271332289492241,-0.153899015392292));
#1760=CARTESIAN_POINT('Ctrl Pts',(0.15,-0.271332289492241,-0.153899015392292));
#1761=CARTESIAN_POINT('Ctrl Pts',(0.15,-0.777764016937883,-0.153899015392292));
#1762=CARTESIAN_POINT('Ctrl Pts',(0.15,-0.777764016937883,-0.786938674699345));
#1763=CARTESIAN_POINT('Ctrl Pts',(0.15,-0.777764016937883,-1.4199783340064));
#1764=CARTESIAN_POINT('Ctrl Pts',(0.15,-0.271332289492241,-1.4199783340064));
#1765=CARTESIAN_POINT('Ctrl Pts',(0.15,0.235099437953401,-1.4199783340064));
#1766=CARTESIAN_POINT('Ctrl Pts',(0.15,0.235099437953401,-0.786938674699344));
#1767=CARTESIAN_POINT('Ctrl Pts',(0.15,0.235099437953401,-0.153899015392292));
#1768=CARTESIAN_POINT('Ctrl Pts',(0.15,-0.271332289492241,-0.153899015392292));
#1769=CARTESIAN_POINT('',(0.33,-0.55054344339832,-1.57078899521106));
#1770=CARTESIAN_POINT('',(0.15,-0.623759767314633,-1.77633464826114));
#1771=CARTESIAN_POINT('Origin',(0.15,-0.55054344339832,-1.57078899521106));
#1772=CARTESIAN_POINT('Origin',(0.15,-0.271332289492241,-0.786938674699345));
#1773=CARTESIAN_POINT('Origin',(0.33,-0.271332289492241,-0.786938674699345));
#1774=CARTESIAN_POINT('Ctrl Pts',(0.15,-0.379705354260257,-1.39118247142754));
#1775=CARTESIAN_POINT('Ctrl Pts',(0.15,-0.619705354260257,-1.39118247142754));
#1776=CARTESIAN_POINT('Ctrl Pts',(0.15,-0.619705354260257,-1.09118247142754));
#1777=CARTESIAN_POINT('Ctrl Pts',(0.15,-0.619705354260257,-0.791182471427542));
#1778=CARTESIAN_POINT('Ctrl Pts',(0.15,-0.379705354260257,-0.791182471427542));
#1779=CARTESIAN_POINT('Ctrl Pts',(0.15,-0.139705354260257,-0.791182471427542));
#1780=CARTESIAN_POINT('Ctrl Pts',(0.15,-0.139705354260257,-1.09118247142754));
#1781=CARTESIAN_POINT('Ctrl Pts',(0.15,-0.139705354260257,-1.39118247142754));
#1782=CARTESIAN_POINT('Ctrl Pts',(0.15,-0.379705354260257,-1.39118247142754));
#1783=CARTESIAN_POINT('Ctrl Pts',(0.33,-0.379705354260257,-1.39118247142754));
#1784=CARTESIAN_POINT('Ctrl Pts',(0.33,-0.619705354260257,-1.39118247142754));
#1785=CARTESIAN_POINT('Ctrl Pts',(0.33,-0.619705354260257,-1.09118247142754));
#1786=CARTESIAN_POINT('Ctrl Pts',(0.33,-0.619705354260257,-0.791182471427542));
#1787=CARTESIAN_POINT('Ctrl Pts',(0.33,-0.379705354260257,-0.791182471427542));
#1788=CARTESIAN_POINT('Ctrl Pts',(0.33,-0.139705354260257,-0.791182471427542));
#1789=CARTESIAN_POINT('Ctrl Pts',(0.33,-0.139705354260257,-1.09118247142754));
#1790=CARTESIAN_POINT('Ctrl Pts',(0.33,-0.139705354260257,-1.39118247142754));
#1791=CARTESIAN_POINT('Ctrl Pts',(0.33,-0.379705354260257,-1.39118247142754));
#1792=CARTESIAN_POINT('Ctrl Pts',(0.33,-0.379705354260257,-1.61618247142754));
#1793=CARTESIAN_POINT('Ctrl Pts',(0.33,-0.799705354260257,-1.61618247142754));
#1794=CARTESIAN_POINT('Ctrl Pts',(0.33,-0.799705354260257,-1.09118247142754));
#1795=CARTESIAN_POINT('Ctrl Pts',(0.33,-0.799705354260257,-0.566182471427542));
#1796=CARTESIAN_POINT('Ctrl Pts',(0.33,-0.379705354260257,-0.566182471427542));
#1797=CARTESIAN_POINT('Ctrl Pts',(0.33,0.0402946457397428,-0.566182471427542));
#1798=CARTESIAN_POINT('Ctrl Pts',(0.33,0.0402946457397428,-1.09118247142754));
#1799=CARTESIAN_POINT('Ctrl Pts',(0.33,0.0402946457397426,-1.61618247142754));
#1800=CARTESIAN_POINT('Ctrl Pts',(0.33,-0.379705354260257,-1.61618247142754));
#1801=CARTESIAN_POINT('Ctrl Pts',(0.33,-0.379705354260257,-1.84118247142754));
#1802=CARTESIAN_POINT('Ctrl Pts',(0.33,-0.979705354260257,-1.84118247142754));
#1803=CARTESIAN_POINT('Ctrl Pts',(0.33,-0.979705354260257,-1.09118247142754));
#1804=CARTESIAN_POINT('Ctrl Pts',(0.33,-0.979705354260257,-0.341182471427542));
#1805=CARTESIAN_POINT('Ctrl Pts',(0.33,-0.379705354260257,-0.341182471427542));
#1806=CARTESIAN_POINT('Ctrl Pts',(0.33,0.220294645739743,-0.341182471427542));
#1807=CARTESIAN_POINT('Ctrl Pts',(0.33,0.220294645739743,-1.09118247142754));
#1808=CARTESIAN_POINT('Ctrl Pts',(0.33,0.220294645739743,-1.84118247142754));
#1809=CARTESIAN_POINT('Ctrl Pts',(0.33,-0.379705354260257,-1.84118247142754));
#1810=CARTESIAN_POINT('Ctrl Pts',(0.15,-0.379705354260257,-1.84118247142754));
#1811=CARTESIAN_POINT('Ctrl Pts',(0.15,-0.979705354260257,-1.84118247142754));
#1812=CARTESIAN_POINT('Ctrl Pts',(0.15,-0.979705354260257,-1.09118247142754));
#1813=CARTESIAN_POINT('Ctrl Pts',(0.15,-0.979705354260257,-0.341182471427542));
#1814=CARTESIAN_POINT('Ctrl Pts',(0.15,-0.379705354260257,-0.341182471427542));
#1815=CARTESIAN_POINT('Ctrl Pts',(0.15,0.220294645739743,-0.341182471427542));
#1816=CARTESIAN_POINT('Ctrl Pts',(0.15,0.220294645739743,-1.09118247142754));
#1817=CARTESIAN_POINT('Ctrl Pts',(0.15,0.220294645739743,-1.84118247142754));
#1818=CARTESIAN_POINT('Ctrl Pts',(0.15,-0.379705354260257,-1.84118247142754));
#1819=CARTESIAN_POINT('Ctrl Pts',(-0.0300000000000001,-0.379705354260257,
-1.84118247142754));
#1820=CARTESIAN_POINT('Ctrl Pts',(-0.0300000000000001,-0.979705354260257,
-1.84118247142754));
#1821=CARTESIAN_POINT('Ctrl Pts',(-0.0300000000000001,-0.979705354260257,
-1.09118247142754));
#1822=CARTESIAN_POINT('Ctrl Pts',(-0.0300000000000001,-0.979705354260257,
-0.341182471427542));
#1823=CARTESIAN_POINT('Ctrl Pts',(-0.0300000000000001,-0.379705354260257,
-0.341182471427542));
#1824=CARTESIAN_POINT('Ctrl Pts',(-0.0300000000000001,0.220294645739743,
-0.341182471427542));
#1825=CARTESIAN_POINT('Ctrl Pts',(-0.0300000000000001,0.220294645739743,
-1.09118247142754));
#1826=CARTESIAN_POINT('Ctrl Pts',(-0.0300000000000001,0.220294645739743,
-1.84118247142754));
#1827=CARTESIAN_POINT('Ctrl Pts',(-0.0300000000000001,-0.379705354260257,
-1.84118247142754));
#1828=CARTESIAN_POINT('Ctrl Pts',(-0.0300000000000001,-0.379705354260257,
-1.61618247142754));
#1829=CARTESIAN_POINT('Ctrl Pts',(-0.0300000000000001,-0.799705354260257,
-1.61618247142754));
#1830=CARTESIAN_POINT('Ctrl Pts',(-0.0300000000000001,-0.799705354260257,
-1.09118247142754));
#1831=CARTESIAN_POINT('Ctrl Pts',(-0.0300000000000001,-0.799705354260257,
-0.566182471427542));
#1832=CARTESIAN_POINT('Ctrl Pts',(-0.0300000000000001,-0.379705354260257,
-0.566182471427542));
#1833=CARTESIAN_POINT('Ctrl Pts',(-0.0300000000000001,0.0402946457397428,
-0.566182471427542));
#1834=CARTESIAN_POINT('Ctrl Pts',(-0.0300000000000001,0.0402946457397428,
-1.09118247142754));
#1835=CARTESIAN_POINT('Ctrl Pts',(-0.0300000000000001,0.0402946457397426,
-1.61618247142754));
#1836=CARTESIAN_POINT('Ctrl Pts',(-0.0300000000000001,-0.379705354260257,
-1.61618247142754));
#1837=CARTESIAN_POINT('Ctrl Pts',(-0.0300000000000001,-0.379705354260257,
-1.39118247142754));
#1838=CARTESIAN_POINT('Ctrl Pts',(-0.0300000000000001,-0.619705354260257,
-1.39118247142754));
#1839=CARTESIAN_POINT('Ctrl Pts',(-0.0300000000000001,-0.619705354260257,
-1.09118247142754));
#1840=CARTESIAN_POINT('Ctrl Pts',(-0.0300000000000001,-0.619705354260257,
-0.791182471427542));
#1841=CARTESIAN_POINT('Ctrl Pts',(-0.0300000000000001,-0.379705354260257,
-0.791182471427542));
#1842=CARTESIAN_POINT('Ctrl Pts',(-0.0300000000000001,-0.139705354260257,
-0.791182471427542));
#1843=CARTESIAN_POINT('Ctrl Pts',(-0.0300000000000001,-0.139705354260257,
-1.09118247142754));
#1844=CARTESIAN_POINT('Ctrl Pts',(-0.0300000000000001,-0.139705354260257,
-1.39118247142754));
#1845=CARTESIAN_POINT('Ctrl Pts',(-0.0300000000000001,-0.379705354260257,
-1.39118247142754));
#1846=CARTESIAN_POINT('Ctrl Pts',(0.15,-0.379705354260257,-1.39118247142754));
#1847=CARTESIAN_POINT('Ctrl Pts',(0.15,-0.619705354260257,-1.39118247142754));
#1848=CARTESIAN_POINT('Ctrl Pts',(0.15,-0.619705354260257,-1.09118247142754));
#1849=CARTESIAN_POINT('Ctrl Pts',(0.15,-0.619705354260257,-0.791182471427542));
#1850=CARTESIAN_POINT('Ctrl Pts',(0.15,-0.379705354260257,-0.791182471427542));
#1851=CARTESIAN_POINT('Ctrl Pts',(0.15,-0.139705354260257,-0.791182471427542));
#1852=CARTESIAN_POINT('Ctrl Pts',(0.15,-0.139705354260257,-1.09118247142754));
#1853=CARTESIAN_POINT('Ctrl Pts',(0.15,-0.139705354260257,-1.39118247142754));
#1854=CARTESIAN_POINT('Ctrl Pts',(0.15,-0.379705354260257,-1.39118247142754));
#1855=CARTESIAN_POINT('',(0.33,-0.774643015611946,-1.26982423781202));
#1856=CARTESIAN_POINT('',(0.15,-0.943902013334099,-1.34638499483394));
#1857=CARTESIAN_POINT('Origin',(0.15,-0.774643015611946,-1.26982423781202));
#1858=CARTESIAN_POINT('Origin',(0.15,-0.379705354260257,-1.09118247142754));
#1859=CARTESIAN_POINT('Origin',(0.33,-0.379705354260257,-1.09118247142754));
#1860=CARTESIAN_POINT('Ctrl Pts',(0.15,5.90179618479221,10.400271955477));
#1861=CARTESIAN_POINT('Ctrl Pts',(0.15,-1.01832299496034,10.400271955477));
#1862=CARTESIAN_POINT('Ctrl Pts',(0.15,-1.01832299496034,1.75012298078632));
#1863=CARTESIAN_POINT('Ctrl Pts',(0.15,-1.01832299496034,-6.90002599390437));
#1864=CARTESIAN_POINT('Ctrl Pts',(0.15,5.90179618479222,-6.90002599390438));
#1865=CARTESIAN_POINT('Ctrl Pts',(0.15,12.8219153645448,-6.90002599390437));
#1866=CARTESIAN_POINT('Ctrl Pts',(0.15,12.8219153645448,1.75012298078632));
#1867=CARTESIAN_POINT('Ctrl Pts',(0.15,12.8219153645448,10.400271955477));
#1868=CARTESIAN_POINT('Ctrl Pts',(0.15,5.90179618479221,10.400271955477));
#1869=CARTESIAN_POINT('Ctrl Pts',(-0.0300000000000001,5.90179618479221,
10.400271955477));
#1870=CARTESIAN_POINT('Ctrl Pts',(-0.0300000000000001,-1.01832299496034,
10.400271955477));
#1871=CARTESIAN_POINT('Ctrl Pts',(-0.0300000000000001,-1.01832299496034,
1.75012298078632));
#1872=CARTESIAN_POINT('Ctrl Pts',(-0.0300000000000001,-1.01832299496034,
-6.90002599390437));
#1873=CARTESIAN_POINT('Ctrl Pts',(-0.0300000000000001,5.90179618479222,
-6.90002599390438));
#1874=CARTESIAN_POINT('Ctrl Pts',(-0.0300000000000001,12.8219153645448,
-6.90002599390437));
#1875=CARTESIAN_POINT('Ctrl Pts',(-0.0300000000000001,12.8219153645448,
1.75012298078632));
#1876=CARTESIAN_POINT('Ctrl Pts',(-0.0300000000000001,12.8219153645448,
10.400271955477));
#1877=CARTESIAN_POINT('Ctrl Pts',(-0.0300000000000001,5.90179618479221,
10.400271955477));
#1878=CARTESIAN_POINT('Ctrl Pts',(-0.0300000000000001,5.90179618479221,
10.625271955477));
#1879=CARTESIAN_POINT('Ctrl Pts',(-0.0300000000000001,-1.19832299496034,
10.625271955477));
#1880=CARTESIAN_POINT('Ctrl Pts',(-0.0300000000000001,-1.19832299496034,
1.75012298078632));
#1881=CARTESIAN_POINT('Ctrl Pts',(-0.0300000000000001,-1.19832299496034,
-7.12502599390437));
#1882=CARTESIAN_POINT('Ctrl Pts',(-0.0300000000000001,5.90179618479222,
-7.12502599390437));
#1883=CARTESIAN_POINT('Ctrl Pts',(-0.0300000000000001,13.0019153645448,
-7.12502599390437));
#1884=CARTESIAN_POINT('Ctrl Pts',(-0.0300000000000001,13.0019153645448,
1.75012298078632));
#1885=CARTESIAN_POINT('Ctrl Pts',(-0.0300000000000001,13.0019153645448,
10.625271955477));
#1886=CARTESIAN_POINT('Ctrl Pts',(-0.0300000000000001,5.90179618479221,
10.625271955477));
#1887=CARTESIAN_POINT('Ctrl Pts',(-0.0300000000000001,5.90179618479221,
10.850271955477));
#1888=CARTESIAN_POINT('Ctrl Pts',(-0.0300000000000001,-1.37832299496034,
10.850271955477));
#1889=CARTESIAN_POINT('Ctrl Pts',(-0.0300000000000001,-1.37832299496034,
1.75012298078632));
#1890=CARTESIAN_POINT('Ctrl Pts',(-0.0300000000000001,-1.37832299496034,
-7.35002599390437));
#1891=CARTESIAN_POINT('Ctrl Pts',(-0.0300000000000001,5.90179618479222,
-7.35002599390438));
#1892=CARTESIAN_POINT('Ctrl Pts',(-0.0300000000000001,13.1819153645448,
-7.35002599390437));
#1893=CARTESIAN_POINT('Ctrl Pts',(-0.0300000000000001,13.1819153645448,
1.75012298078632));
#1894=CARTESIAN_POINT('Ctrl Pts',(-0.0300000000000001,13.1819153645448,
10.850271955477));
#1895=CARTESIAN_POINT('Ctrl Pts',(-0.0300000000000001,5.90179618479221,
10.850271955477));
#1896=CARTESIAN_POINT('Ctrl Pts',(0.15,5.90179618479221,10.850271955477));
#1897=CARTESIAN_POINT('Ctrl Pts',(0.15,-1.37832299496034,10.850271955477));
#1898=CARTESIAN_POINT('Ctrl Pts',(0.15,-1.37832299496034,1.75012298078632));
#1899=CARTESIAN_POINT('Ctrl Pts',(0.15,-1.37832299496034,-7.35002599390437));
#1900=CARTESIAN_POINT('Ctrl Pts',(0.15,5.90179618479222,-7.35002599390438));
#1901=CARTESIAN_POINT('Ctrl Pts',(0.15,13.1819153645448,-7.35002599390437));
#1902=CARTESIAN_POINT('Ctrl Pts',(0.15,13.1819153645448,1.75012298078632));
#1903=CARTESIAN_POINT('Ctrl Pts',(0.15,13.1819153645448,10.850271955477));
#1904=CARTESIAN_POINT('Ctrl Pts',(0.15,5.90179618479221,10.850271955477));
#1905=CARTESIAN_POINT('Ctrl Pts',(0.33,5.90179618479221,10.850271955477));
#1906=CARTESIAN_POINT('Ctrl Pts',(0.33,-1.37832299496034,10.850271955477));
#1907=CARTESIAN_POINT('Ctrl Pts',(0.33,-1.37832299496034,1.75012298078632));
#1908=CARTESIAN_POINT('Ctrl Pts',(0.33,-1.37832299496034,-7.35002599390437));
#1909=CARTESIAN_POINT('Ctrl Pts',(0.33,5.90179618479222,-7.35002599390438));
#1910=CARTESIAN_POINT('Ctrl Pts',(0.33,13.1819153645448,-7.35002599390437));
#1911=CARTESIAN_POINT('Ctrl Pts',(0.33,13.1819153645448,1.75012298078632));
#1912=CARTESIAN_POINT('Ctrl Pts',(0.33,13.1819153645448,10.850271955477));
#1913=CARTESIAN_POINT('Ctrl Pts',(0.33,5.90179618479221,10.850271955477));
#1914=CARTESIAN_POINT('Ctrl Pts',(0.33,5.90179618479221,10.625271955477));
#1915=CARTESIAN_POINT('Ctrl Pts',(0.33,-1.19832299496034,10.625271955477));
#1916=CARTESIAN_POINT('Ctrl Pts',(0.33,-1.19832299496034,1.75012298078632));
#1917=CARTESIAN_POINT('Ctrl Pts',(0.33,-1.19832299496034,-7.12502599390437));
#1918=CARTESIAN_POINT('Ctrl Pts',(0.33,5.90179618479222,-7.12502599390437));
#1919=CARTESIAN_POINT('Ctrl Pts',(0.33,13.0019153645448,-7.12502599390437));
#1920=CARTESIAN_POINT('Ctrl Pts',(0.33,13.0019153645448,1.75012298078632));
#1921=CARTESIAN_POINT('Ctrl Pts',(0.33,13.0019153645448,10.625271955477));
#1922=CARTESIAN_POINT('Ctrl Pts',(0.33,5.90179618479221,10.625271955477));
#1923=CARTESIAN_POINT('Ctrl Pts',(0.33,5.90179618479221,10.400271955477));
#1924=CARTESIAN_POINT('Ctrl Pts',(0.33,-1.01832299496034,10.400271955477));
#1925=CARTESIAN_POINT('Ctrl Pts',(0.33,-1.01832299496034,1.75012298078632));
#1926=CARTESIAN_POINT('Ctrl Pts',(0.33,-1.01832299496034,-6.90002599390437));
#1927=CARTESIAN_POINT('Ctrl Pts',(0.33,5.90179618479222,-6.90002599390438));
#1928=CARTESIAN_POINT('Ctrl Pts',(0.33,12.8219153645448,-6.90002599390437));
#1929=CARTESIAN_POINT('Ctrl Pts',(0.33,12.8219153645448,1.75012298078632));
#1930=CARTESIAN_POINT('Ctrl Pts',(0.33,12.8219153645448,10.400271955477));
#1931=CARTESIAN_POINT('Ctrl Pts',(0.33,5.90179618479221,10.400271955477));
#1932=CARTESIAN_POINT('Ctrl Pts',(0.15,5.90179618479221,10.400271955477));
#1933=CARTESIAN_POINT('Ctrl Pts',(0.15,-1.01832299496034,10.400271955477));
#1934=CARTESIAN_POINT('Ctrl Pts',(0.15,-1.01832299496034,1.75012298078632));
#1935=CARTESIAN_POINT('Ctrl Pts',(0.15,-1.01832299496034,-6.90002599390437));
#1936=CARTESIAN_POINT('Ctrl Pts',(0.15,5.90179618479222,-6.90002599390438));
#1937=CARTESIAN_POINT('Ctrl Pts',(0.15,12.8219153645448,-6.90002599390437));
#1938=CARTESIAN_POINT('Ctrl Pts',(0.15,12.8219153645448,1.75012298078632));
#1939=CARTESIAN_POINT('Ctrl Pts',(0.15,12.8219153645448,10.400271955477));
#1940=CARTESIAN_POINT('Ctrl Pts',(0.15,5.90179618479221,10.400271955477));
#1941=CARTESIAN_POINT('',(0.33,-1.09413745148143,3.26494811691238));
#1942=CARTESIAN_POINT('',(0.15,-1.27149617218013,3.30335148981353));
#1943=CARTESIAN_POINT('Origin',(0.15,-1.09413745148143,3.26494811691238));
#1944=CARTESIAN_POINT('Origin',(0.15,5.90179618479221,1.75012298078632));
#1945=CARTESIAN_POINT('Origin',(0.33,5.90179618479221,1.75012298078632));
#1946=CARTESIAN_POINT('Ctrl Pts',(0.15,-0.0891047008554282,1.99732900380583));
#1947=CARTESIAN_POINT('Ctrl Pts',(0.15,-0.929104700855426,1.99732900380583));
#1948=CARTESIAN_POINT('Ctrl Pts',(0.15,-0.929104700855426,3.04732900380583));
#1949=CARTESIAN_POINT('Ctrl Pts',(0.15,-0.929104700855426,4.09732900380583));
#1950=CARTESIAN_POINT('Ctrl Pts',(0.15,-0.0891047008554278,4.09732900380583));
#1951=CARTESIAN_POINT('Ctrl Pts',(0.15,0.75089529914457,4.09732900380583));
#1952=CARTESIAN_POINT('Ctrl Pts',(0.15,0.75089529914457,3.04732900380583));
#1953=CARTESIAN_POINT('Ctrl Pts',(0.15,0.75089529914457,1.99732900380583));
#1954=CARTESIAN_POINT('Ctrl Pts',(0.15,-0.0891047008554282,1.99732900380583));
#1955=CARTESIAN_POINT('Ctrl Pts',(0.33,-0.0891047008554282,1.99732900380583));
#1956=CARTESIAN_POINT('Ctrl Pts',(0.33,-0.929104700855426,1.99732900380583));
#1957=CARTESIAN_POINT('Ctrl Pts',(0.33,-0.929104700855426,3.04732900380583));
#1958=CARTESIAN_POINT('Ctrl Pts',(0.33,-0.929104700855426,4.09732900380583));
#1959=CARTESIAN_POINT('Ctrl Pts',(0.33,-0.0891047008554278,4.09732900380583));
#1960=CARTESIAN_POINT('Ctrl Pts',(0.33,0.75089529914457,4.09732900380583));
#1961=CARTESIAN_POINT('Ctrl Pts',(0.33,0.75089529914457,3.04732900380583));
#1962=CARTESIAN_POINT('Ctrl Pts',(0.33,0.75089529914457,1.99732900380583));
#1963=CARTESIAN_POINT('Ctrl Pts',(0.33,-0.0891047008554282,1.99732900380583));
#1964=CARTESIAN_POINT('Ctrl Pts',(0.33,-0.0891047008554282,1.77232900380583));
#1965=CARTESIAN_POINT('Ctrl Pts',(0.33,-1.10910470085543,1.77232900380583));
#1966=CARTESIAN_POINT('Ctrl Pts',(0.33,-1.10910470085543,3.04732900380583));
#1967=CARTESIAN_POINT('Ctrl Pts',(0.33,-1.10910470085543,4.32232900380583));
#1968=CARTESIAN_POINT('Ctrl Pts',(0.33,-0.0891047008554278,4.32232900380583));
#1969=CARTESIAN_POINT('Ctrl Pts',(0.33,0.93089529914457,4.32232900380583));
#1970=CARTESIAN_POINT('Ctrl Pts',(0.33,0.930895299144571,3.04732900380583));
#1971=CARTESIAN_POINT('Ctrl Pts',(0.33,0.93089529914457,1.77232900380583));
#1972=CARTESIAN_POINT('Ctrl Pts',(0.33,-0.0891047008554282,1.77232900380583));
#1973=CARTESIAN_POINT('Ctrl Pts',(0.33,-0.0891047008554282,1.54732900380583));
#1974=CARTESIAN_POINT('Ctrl Pts',(0.33,-1.28910470085543,1.54732900380583));
#1975=CARTESIAN_POINT('Ctrl Pts',(0.33,-1.28910470085543,3.04732900380583));
#1976=CARTESIAN_POINT('Ctrl Pts',(0.33,-1.28910470085543,4.54732900380583));
#1977=CARTESIAN_POINT('Ctrl Pts',(0.33,-0.0891047008554278,4.54732900380583));
#1978=CARTESIAN_POINT('Ctrl Pts',(0.33,1.11089529914457,4.54732900380583));
#1979=CARTESIAN_POINT('Ctrl Pts',(0.33,1.11089529914457,3.04732900380583));
#1980=CARTESIAN_POINT('Ctrl Pts',(0.33,1.11089529914457,1.54732900380583));
#1981=CARTESIAN_POINT('Ctrl Pts',(0.33,-0.0891047008554282,1.54732900380583));
#1982=CARTESIAN_POINT('Ctrl Pts',(0.15,-0.0891047008554282,1.54732900380583));
#1983=CARTESIAN_POINT('Ctrl Pts',(0.15,-1.28910470085543,1.54732900380583));
#1984=CARTESIAN_POINT('Ctrl Pts',(0.15,-1.28910470085543,3.04732900380583));
#1985=CARTESIAN_POINT('Ctrl Pts',(0.15,-1.28910470085543,4.54732900380583));
#1986=CARTESIAN_POINT('Ctrl Pts',(0.15,-0.0891047008554278,4.54732900380583));
#1987=CARTESIAN_POINT('Ctrl Pts',(0.15,1.11089529914457,4.54732900380583));
#1988=CARTESIAN_POINT('Ctrl Pts',(0.15,1.11089529914457,3.04732900380583));
#1989=CARTESIAN_POINT('Ctrl Pts',(0.15,1.11089529914457,1.54732900380583));
#1990=CARTESIAN_POINT('Ctrl Pts',(0.15,-0.0891047008554282,1.54732900380583));
#1991=CARTESIAN_POINT('Ctrl Pts',(-0.0300000000000001,-0.0891047008554282,
1.54732900380583));
#1992=CARTESIAN_POINT('Ctrl Pts',(-0.0300000000000001,-1.28910470085543,
1.54732900380583));
#1993=CARTESIAN_POINT('Ctrl Pts',(-0.0300000000000001,-1.28910470085543,
3.04732900380583));
#1994=CARTESIAN_POINT('Ctrl Pts',(-0.0300000000000001,-1.28910470085543,
4.54732900380583));
#1995=CARTESIAN_POINT('Ctrl Pts',(-0.0300000000000001,-0.0891047008554278,
4.54732900380583));
#1996=CARTESIAN_POINT('Ctrl Pts',(-0.0300000000000001,1.11089529914457,
4.54732900380583));
#1997=CARTESIAN_POINT('Ctrl Pts',(-0.0300000000000001,1.11089529914457,
3.04732900380583));
#1998=CARTESIAN_POINT('Ctrl Pts',(-0.0300000000000001,1.11089529914457,
1.54732900380583));
#1999=CARTESIAN_POINT('Ctrl Pts',(-0.0300000000000001,-0.0891047008554282,
1.54732900380583));
#2000=CARTESIAN_POINT('Ctrl Pts',(-0.0300000000000001,-0.0891047008554282,
1.77232900380583));
#2001=CARTESIAN_POINT('Ctrl Pts',(-0.0300000000000001,-1.10910470085543,
1.77232900380583));
#2002=CARTESIAN_POINT('Ctrl Pts',(-0.0300000000000001,-1.10910470085543,
3.04732900380583));
#2003=CARTESIAN_POINT('Ctrl Pts',(-0.0300000000000001,-1.10910470085543,
4.32232900380583));
#2004=CARTESIAN_POINT('Ctrl Pts',(-0.0300000000000001,-0.0891047008554278,
4.32232900380583));
#2005=CARTESIAN_POINT('Ctrl Pts',(-0.0300000000000001,0.93089529914457,
4.32232900380583));
#2006=CARTESIAN_POINT('Ctrl Pts',(-0.0300000000000001,0.930895299144571,
3.04732900380583));
#2007=CARTESIAN_POINT('Ctrl Pts',(-0.0300000000000001,0.93089529914457,
1.77232900380583));
#2008=CARTESIAN_POINT('Ctrl Pts',(-0.0300000000000001,-0.0891047008554282,
1.77232900380583));
#2009=CARTESIAN_POINT('Ctrl Pts',(-0.0300000000000001,-0.0891047008554282,
1.99732900380583));
#2010=CARTESIAN_POINT('Ctrl Pts',(-0.0300000000000001,-0.929104700855426,
1.99732900380583));
#2011=CARTESIAN_POINT('Ctrl Pts',(-0.0300000000000001,-0.929104700855426,
3.04732900380583));
#2012=CARTESIAN_POINT('Ctrl Pts',(-0.0300000000000001,-0.929104700855426,
4.09732900380583));
#2013=CARTESIAN_POINT('Ctrl Pts',(-0.0300000000000001,-0.0891047008554278,
4.09732900380583));
#2014=CARTESIAN_POINT('Ctrl Pts',(-0.0300000000000001,0.75089529914457,
4.09732900380583));
#2015=CARTESIAN_POINT('Ctrl Pts',(-0.0300000000000001,0.75089529914457,
3.04732900380583));
#2016=CARTESIAN_POINT('Ctrl Pts',(-0.0300000000000001,0.75089529914457,
1.99732900380583));
#2017=CARTESIAN_POINT('Ctrl Pts',(-0.0300000000000001,-0.0891047008554282,
1.99732900380583));
#2018=CARTESIAN_POINT('Ctrl Pts',(0.15,-0.0891047008554282,1.99732900380583));
#2019=CARTESIAN_POINT('Ctrl Pts',(0.15,-0.929104700855426,1.99732900380583));
#2020=CARTESIAN_POINT('Ctrl Pts',(0.15,-0.929104700855426,3.04732900380583));
#2021=CARTESIAN_POINT('Ctrl Pts',(0.15,-0.929104700855426,4.09732900380583));
#2022=CARTESIAN_POINT('Ctrl Pts',(0.15,-0.0891047008554278,4.09732900380583));
#2023=CARTESIAN_POINT('Ctrl Pts',(0.15,0.75089529914457,4.09732900380583));
#2024=CARTESIAN_POINT('Ctrl Pts',(0.15,0.75089529914457,3.04732900380583));
#2025=CARTESIAN_POINT('Ctrl Pts',(0.15,0.75089529914457,1.99732900380583));
#2026=CARTESIAN_POINT('Ctrl Pts',(0.15,-0.0891047008554282,1.99732900380583));
#2027=CARTESIAN_POINT('',(0.33,-1.05807263530951,3.4455695521867));
#2028=CARTESIAN_POINT('',(0.15,-1.12232882916479,3.81018537614042));
#2029=CARTESIAN_POINT('Ctrl Pts',(0.33,-1.0580726353095,3.4455695521867));
#2030=CARTESIAN_POINT('Ctrl Pts',(0.33,-1.07194344983502,3.50993136437598));
#2031=CARTESIAN_POINT('Ctrl Pts',(0.322507254795938,-1.08386343762806,3.5719963805805));
#2032=CARTESIAN_POINT('Ctrl Pts',(0.308687504964404,-1.09308827988963,3.62416647446028));
#2033=CARTESIAN_POINT('Ctrl Pts',(0.296097435108274,-1.10149229659765,3.67169447853807));
#2034=CARTESIAN_POINT('Ctrl Pts',(0.279291007325684,-1.10781440919384,3.71133768159199));
#2035=CARTESIAN_POINT('Ctrl Pts',(0.255241633092995,-1.11289969447598,3.74494243827789));
#2036=CARTESIAN_POINT('Ctrl Pts',(0.228185568381286,-1.11862075009845,3.78274851434116));
#2037=CARTESIAN_POINT('Ctrl Pts',(0.190470642933226,-1.12232882916479,3.81018537614042));
#2038=CARTESIAN_POINT('Ctrl Pts',(0.15,-1.12232882916479,3.81018537614042));
#2039=CARTESIAN_POINT('Origin',(0.15,-0.089104700855428,3.04732900380583));
#2040=CARTESIAN_POINT('Origin',(0.33,-0.089104700855428,3.04732900380583));
#2041=CARTESIAN_POINT('Origin',(0.33,-0.357955359254111,1.14832524225295));
#2042=CARTESIAN_POINT('',(0.33,-0.575984190261123,3.13183694630947));
#2043=CARTESIAN_POINT('Origin',(0.33,-3.78751045614447,3.50407894740124));
#2044=CARTESIAN_POINT('',(0.33,-0.661840428615004,2.836088416613));
#2045=CARTESIAN_POINT('Origin',(0.33,-1.20880936898027,3.25153767266389));
#2046=CARTESIAN_POINT('',(0.33,-0.733162168067592,2.77744609287979));
#2047=CARTESIAN_POINT('Origin',(0.33,-0.990698772928473,3.36394146569365));
#2048=CARTESIAN_POINT('',(0.33,-0.814399492410552,2.81023799873014));
#2049=CARTESIAN_POINT('Origin',(0.33,-0.609829210143611,3.428478026891));
#2050=CARTESIAN_POINT('',(0.33,-0.960144834476374,3.06674272679839));
#2051=CARTESIAN_POINT('Origin',(0.33,-0.375650398150404,3.39271255289039));
#2052=CARTESIAN_POINT('Origin',(0.33,2.05620554007483,4.49426921687912));
#2053=CARTESIAN_POINT('Ctrl Pts',(-0.462,-0.575984190261118,3.13183694630947));
#2054=CARTESIAN_POINT('Ctrl Pts',(-0.462,-0.545923582721218,3.53706908695844));
#2055=CARTESIAN_POINT('Ctrl Pts',(-0.462,-0.58125871772008,3.94163568484794));
#2056=CARTESIAN_POINT('Ctrl Pts',(0.330000000000001,-0.575984190261118,
3.13183694630947));
#2057=CARTESIAN_POINT('Ctrl Pts',(0.330000000000001,-0.545923582721218,
3.53706908695844));
#2058=CARTESIAN_POINT('Ctrl Pts',(0.330000000000001,-0.58125871772008,3.94163568484794));
#2059=CARTESIAN_POINT('',(-0.282,-0.581258717720084,3.94163568484793));
#2060=CARTESIAN_POINT('',(-0.066,-0.581258717720084,3.94163568484793));
#2061=CARTESIAN_POINT('',(-0.462,-0.563279792857286,3.6080517135055));
#2062=CARTESIAN_POINT('Ctrl Pts',(-0.462,-0.563279792857281,3.6080517135055));
#2063=CARTESIAN_POINT('Ctrl Pts',(-0.462000000000001,-0.564549368478717,
3.66956729111433));
#2064=CARTESIAN_POINT('Ctrl Pts',(-0.45330981723684,-0.567045792856993,
3.73039139662956));
#2065=CARTESIAN_POINT('Ctrl Pts',(-0.437678449822457,-0.569775701562569,
3.78011402877558));
#2066=CARTESIAN_POINT('Ctrl Pts',(-0.42453897727514,-0.572070418303767,
3.82191006252897));
#2067=CARTESIAN_POINT('Ctrl Pts',(-0.406701047225556,-0.574575657973996,
3.8580187516154));
#2068=CARTESIAN_POINT('Ctrl Pts',(-0.382657897391264,-0.57678898180808,
3.88701497219639));
#2069=CARTESIAN_POINT('Ctrl Pts',(-0.355024830862857,-0.579332780153042,
3.92034065946736));
#2070=CARTESIAN_POINT('Ctrl Pts',(-0.318941593388236,-0.58125871772008,
3.94163568484794));
#2071=CARTESIAN_POINT('Ctrl Pts',(-0.282,-0.58125871772008,3.94163568484794));
#2072=CARTESIAN_POINT('',(-0.462,-0.575984190261123,3.13183694630947));
#2073=CARTESIAN_POINT('Origin',(-0.462,-3.78751045614447,3.50407894740124));
#2074=CARTESIAN_POINT('',(-0.462,-0.575984190261123,3.13183694630947));
#2075=CARTESIAN_POINT('Ctrl Pts',(-0.282,-0.292703826514554,3.51746231542789));
#2076=CARTESIAN_POINT('Ctrl Pts',(-0.282,-0.404934006222724,3.76361303205241));
#2077=CARTESIAN_POINT('Ctrl Pts',(-0.282,-0.58125871772008,3.94163568484794));
#2078=CARTESIAN_POINT('Ctrl Pts',(0.15,-0.292703826514554,3.51746231542789));
#2079=CARTESIAN_POINT('Ctrl Pts',(0.15,-0.404934006222724,3.76361303205241));
#2080=CARTESIAN_POINT('Ctrl Pts',(0.15,-0.58125871772008,3.94163568484794));
#2081=CARTESIAN_POINT('',(-0.282,-0.292703826514559,3.51746231542789));
#2082=CARTESIAN_POINT('',(-0.066,-0.292703826514559,3.51746231542789));
#2083=CARTESIAN_POINT('Origin',(-0.282,-1.33526968357529,2.77473041383586));
#2084=CARTESIAN_POINT('Ctrl Pts',(-0.282,-0.0891047008554282,4.09732900380583));
#2085=CARTESIAN_POINT('Ctrl Pts',(-0.282,-0.929104700855426,4.09732900380583));
#2086=CARTESIAN_POINT('Ctrl Pts',(-0.282,-0.929104700855426,3.04732900380583));
#2087=CARTESIAN_POINT('Ctrl Pts',(-0.282,-0.929104700855426,1.99732900380583));
#2088=CARTESIAN_POINT('Ctrl Pts',(-0.282,-0.0891047008554278,1.99732900380583));
#2089=CARTESIAN_POINT('Ctrl Pts',(-0.282,0.75089529914457,1.99732900380583));
#2090=CARTESIAN_POINT('Ctrl Pts',(-0.282,0.75089529914457,3.04732900380583));
#2091=CARTESIAN_POINT('Ctrl Pts',(-0.282,0.75089529914457,4.09732900380583));
#2092=CARTESIAN_POINT('Ctrl Pts',(-0.282,-0.0891047008554282,4.09732900380583));
#2093=CARTESIAN_POINT('Ctrl Pts',(-0.462,-0.0891047008554282,4.09732900380583));
#2094=CARTESIAN_POINT('Ctrl Pts',(-0.462,-0.929104700855426,4.09732900380583));
#2095=CARTESIAN_POINT('Ctrl Pts',(-0.462,-0.929104700855426,3.04732900380583));
#2096=CARTESIAN_POINT('Ctrl Pts',(-0.462,-0.929104700855426,1.99732900380583));
#2097=CARTESIAN_POINT('Ctrl Pts',(-0.462,-0.0891047008554278,1.99732900380583));
#2098=CARTESIAN_POINT('Ctrl Pts',(-0.462,0.75089529914457,1.99732900380583));
#2099=CARTESIAN_POINT('Ctrl Pts',(-0.462,0.75089529914457,3.04732900380583));
#2100=CARTESIAN_POINT('Ctrl Pts',(-0.462,0.75089529914457,4.09732900380583));
#2101=CARTESIAN_POINT('Ctrl Pts',(-0.462,-0.0891047008554282,4.09732900380583));
#2102=CARTESIAN_POINT('Ctrl Pts',(-0.462,-0.0891047008554282,4.32232900380583));
#2103=CARTESIAN_POINT('Ctrl Pts',(-0.462,-1.10910470085543,4.32232900380583));
#2104=CARTESIAN_POINT('Ctrl Pts',(-0.462,-1.10910470085543,3.04732900380583));
#2105=CARTESIAN_POINT('Ctrl Pts',(-0.462,-1.10910470085543,1.77232900380583));
#2106=CARTESIAN_POINT('Ctrl Pts',(-0.462,-0.0891047008554278,1.77232900380583));
#2107=CARTESIAN_POINT('Ctrl Pts',(-0.462,0.93089529914457,1.77232900380583));
#2108=CARTESIAN_POINT('Ctrl Pts',(-0.462,0.930895299144571,3.04732900380583));
#2109=CARTESIAN_POINT('Ctrl Pts',(-0.462,0.93089529914457,4.32232900380583));
#2110=CARTESIAN_POINT('Ctrl Pts',(-0.462,-0.0891047008554282,4.32232900380583));
#2111=CARTESIAN_POINT('Ctrl Pts',(-0.462,-0.0891047008554282,4.54732900380583));
#2112=CARTESIAN_POINT('Ctrl Pts',(-0.462,-1.28910470085543,4.54732900380583));
#2113=CARTESIAN_POINT('Ctrl Pts',(-0.462,-1.28910470085543,3.04732900380583));
#2114=CARTESIAN_POINT('Ctrl Pts',(-0.462,-1.28910470085543,1.54732900380583));
#2115=CARTESIAN_POINT('Ctrl Pts',(-0.462,-0.0891047008554278,1.54732900380583));
#2116=CARTESIAN_POINT('Ctrl Pts',(-0.462,1.11089529914457,1.54732900380583));
#2117=CARTESIAN_POINT('Ctrl Pts',(-0.462,1.11089529914457,3.04732900380583));
#2118=CARTESIAN_POINT('Ctrl Pts',(-0.462,1.11089529914457,4.54732900380583));
#2119=CARTESIAN_POINT('Ctrl Pts',(-0.462,-0.0891047008554282,4.54732900380583));
#2120=CARTESIAN_POINT('Ctrl Pts',(-0.282,-0.0891047008554282,4.54732900380583));
#2121=CARTESIAN_POINT('Ctrl Pts',(-0.282,-1.28910470085543,4.54732900380583));
#2122=CARTESIAN_POINT('Ctrl Pts',(-0.282,-1.28910470085543,3.04732900380583));
#2123=CARTESIAN_POINT('Ctrl Pts',(-0.282,-1.28910470085543,1.54732900380583));
#2124=CARTESIAN_POINT('Ctrl Pts',(-0.282,-0.0891047008554278,1.54732900380583));
#2125=CARTESIAN_POINT('Ctrl Pts',(-0.282,1.11089529914457,1.54732900380583));
#2126=CARTESIAN_POINT('Ctrl Pts',(-0.282,1.11089529914457,3.04732900380583));
#2127=CARTESIAN_POINT('Ctrl Pts',(-0.282,1.11089529914457,4.54732900380583));
#2128=CARTESIAN_POINT('Ctrl Pts',(-0.282,-0.0891047008554282,4.54732900380583));
#2129=CARTESIAN_POINT('Ctrl Pts',(-0.102,-0.0891047008554282,4.54732900380583));
#2130=CARTESIAN_POINT('Ctrl Pts',(-0.102,-1.28910470085543,4.54732900380583));
#2131=CARTESIAN_POINT('Ctrl Pts',(-0.102,-1.28910470085543,3.04732900380583));
#2132=CARTESIAN_POINT('Ctrl Pts',(-0.102,-1.28910470085543,1.54732900380583));
#2133=CARTESIAN_POINT('Ctrl Pts',(-0.102,-0.0891047008554278,1.54732900380583));
#2134=CARTESIAN_POINT('Ctrl Pts',(-0.102,1.11089529914457,1.54732900380583));
#2135=CARTESIAN_POINT('Ctrl Pts',(-0.102,1.11089529914457,3.04732900380583));
#2136=CARTESIAN_POINT('Ctrl Pts',(-0.102,1.11089529914457,4.54732900380583));
#2137=CARTESIAN_POINT('Ctrl Pts',(-0.102,-0.0891047008554282,4.54732900380583));
#2138=CARTESIAN_POINT('Ctrl Pts',(-0.102,-0.0891047008554282,4.32232900380583));
#2139=CARTESIAN_POINT('Ctrl Pts',(-0.102,-1.10910470085543,4.32232900380583));
#2140=CARTESIAN_POINT('Ctrl Pts',(-0.102,-1.10910470085543,3.04732900380583));
#2141=CARTESIAN_POINT('Ctrl Pts',(-0.102,-1.10910470085543,1.77232900380583));
#2142=CARTESIAN_POINT('Ctrl Pts',(-0.102,-0.0891047008554278,1.77232900380583));
#2143=CARTESIAN_POINT('Ctrl Pts',(-0.102,0.93089529914457,1.77232900380583));
#2144=CARTESIAN_POINT('Ctrl Pts',(-0.102,0.930895299144571,3.04732900380583));
#2145=CARTESIAN_POINT('Ctrl Pts',(-0.102,0.93089529914457,4.32232900380583));
#2146=CARTESIAN_POINT('Ctrl Pts',(-0.102,-0.0891047008554282,4.32232900380583));
#2147=CARTESIAN_POINT('Ctrl Pts',(-0.102,-0.0891047008554282,4.09732900380583));
#2148=CARTESIAN_POINT('Ctrl Pts',(-0.102,-0.929104700855426,4.09732900380583));
#2149=CARTESIAN_POINT('Ctrl Pts',(-0.102,-0.929104700855426,3.04732900380583));
#2150=CARTESIAN_POINT('Ctrl Pts',(-0.102,-0.929104700855426,1.99732900380583));
#2151=CARTESIAN_POINT('Ctrl Pts',(-0.102,-0.0891047008554278,1.99732900380583));
#2152=CARTESIAN_POINT('Ctrl Pts',(-0.102,0.75089529914457,1.99732900380583));
#2153=CARTESIAN_POINT('Ctrl Pts',(-0.102,0.75089529914457,3.04732900380583));
#2154=CARTESIAN_POINT('Ctrl Pts',(-0.102,0.75089529914457,4.09732900380583));
#2155=CARTESIAN_POINT('Ctrl Pts',(-0.102,-0.0891047008554282,4.09732900380583));
#2156=CARTESIAN_POINT('Ctrl Pts',(-0.282,-0.0891047008554282,4.09732900380583));
#2157=CARTESIAN_POINT('Ctrl Pts',(-0.282,-0.929104700855426,4.09732900380583));
#2158=CARTESIAN_POINT('Ctrl Pts',(-0.282,-0.929104700855426,3.04732900380583));
#2159=CARTESIAN_POINT('Ctrl Pts',(-0.282,-0.929104700855426,1.99732900380583));
#2160=CARTESIAN_POINT('Ctrl Pts',(-0.282,-0.0891047008554278,1.99732900380583));
#2161=CARTESIAN_POINT('Ctrl Pts',(-0.282,0.75089529914457,1.99732900380583));
#2162=CARTESIAN_POINT('Ctrl Pts',(-0.282,0.75089529914457,3.04732900380583));
#2163=CARTESIAN_POINT('Ctrl Pts',(-0.282,0.75089529914457,4.09732900380583));
#2164=CARTESIAN_POINT('Ctrl Pts',(-0.282,-0.0891047008554282,4.09732900380583));
#2165=CARTESIAN_POINT('',(-0.282,-1.12232882916479,3.81018537614042));
#2166=CARTESIAN_POINT('',(-0.462,-1.05807263530951,3.4455695521867));
#2167=CARTESIAN_POINT('Ctrl Pts',(-0.282,-1.12232882916479,3.81018537614042));
#2168=CARTESIAN_POINT('Ctrl Pts',(-0.316468450025116,-1.12232882916479,
3.81018537614042));
#2169=CARTESIAN_POINT('Ctrl Pts',(-0.34930570845154,-1.11962513111418,3.79022439042512));
#2170=CARTESIAN_POINT('Ctrl Pts',(-0.374366388360905,-1.11534952213988,
3.76131663429781));
#2171=CARTESIAN_POINT('Ctrl Pts',(-0.398548849702079,-1.1112237462589,3.73342191246517));
#2172=CARTESIAN_POINT('Ctrl Pts',(-0.418620606591598,-1.10539314785566,
3.69546490631835));
#2173=CARTESIAN_POINT('Ctrl Pts',(-0.433713826595056,-1.09726241299097,
3.64811813868111));
#2174=CARTESIAN_POINT('Ctrl Pts',(-0.448543481783425,-1.08927366079337,
3.60159816228223));
#2175=CARTESIAN_POINT('Ctrl Pts',(-0.458028541013696,-1.07921873696905,
3.54708831132101));
#2176=CARTESIAN_POINT('Ctrl Pts',(-0.460998227207031,-1.06677314375018,
3.48680789197439));
#2177=CARTESIAN_POINT('Ctrl Pts',(-0.461664310657744,-1.06398166911693,
3.47328734228837));
#2178=CARTESIAN_POINT('Ctrl Pts',(-0.462,-1.06105049472031,3.45938708451488));
#2179=CARTESIAN_POINT('Ctrl Pts',(-0.462,-1.0580726353095,3.4455695521867));
#2180=CARTESIAN_POINT('',(-0.462,-1.09413745148143,3.26494811691238));
#2181=CARTESIAN_POINT('Origin',(-0.462,-0.089104700855428,3.04732900380583));
#2182=CARTESIAN_POINT('',(-0.282,-1.27149617218013,3.30335148981353));
#2183=CARTESIAN_POINT('Origin',(-0.282,-1.09413745148143,3.26494811691238));
#2184=CARTESIAN_POINT('Origin',(-0.282,-0.089104700855428,3.04732900380583));
#2185=CARTESIAN_POINT('Ctrl Pts',(-0.282,5.90179618479221,-6.90002599390437));
#2186=CARTESIAN_POINT('Ctrl Pts',(-0.282,-1.01832299496034,-6.90002599390437));
#2187=CARTESIAN_POINT('Ctrl Pts',(-0.282,-1.01832299496034,1.75012298078632));
#2188=CARTESIAN_POINT('Ctrl Pts',(-0.282,-1.01832299496034,10.400271955477));
#2189=CARTESIAN_POINT('Ctrl Pts',(-0.282,5.90179618479222,10.400271955477));
#2190=CARTESIAN_POINT('Ctrl Pts',(-0.282,12.8219153645448,10.400271955477));
#2191=CARTESIAN_POINT('Ctrl Pts',(-0.282,12.8219153645448,1.75012298078632));
#2192=CARTESIAN_POINT('Ctrl Pts',(-0.282,12.8219153645448,-6.90002599390437));
#2193=CARTESIAN_POINT('Ctrl Pts',(-0.282,5.90179618479221,-6.90002599390437));
#2194=CARTESIAN_POINT('Ctrl Pts',(-0.102,5.90179618479221,-6.90002599390437));
#2195=CARTESIAN_POINT('Ctrl Pts',(-0.102,-1.01832299496034,-6.90002599390437));
#2196=CARTESIAN_POINT('Ctrl Pts',(-0.102,-1.01832299496034,1.75012298078632));
#2197=CARTESIAN_POINT('Ctrl Pts',(-0.102,-1.01832299496034,10.400271955477));
#2198=CARTESIAN_POINT('Ctrl Pts',(-0.102,5.90179618479222,10.400271955477));
#2199=CARTESIAN_POINT('Ctrl Pts',(-0.102,12.8219153645448,10.400271955477));
#2200=CARTESIAN_POINT('Ctrl Pts',(-0.102,12.8219153645448,1.75012298078632));
#2201=CARTESIAN_POINT('Ctrl Pts',(-0.102,12.8219153645448,-6.90002599390437));
#2202=CARTESIAN_POINT('Ctrl Pts',(-0.102,5.90179618479221,-6.90002599390437));
#2203=CARTESIAN_POINT('Ctrl Pts',(-0.102,5.90179618479221,-7.12502599390437));
#2204=CARTESIAN_POINT('Ctrl Pts',(-0.102,-1.19832299496034,-7.12502599390437));
#2205=CARTESIAN_POINT('Ctrl Pts',(-0.102,-1.19832299496034,1.75012298078632));
#2206=CARTESIAN_POINT('Ctrl Pts',(-0.102,-1.19832299496034,10.625271955477));
#2207=CARTESIAN_POINT('Ctrl Pts',(-0.102,5.90179618479222,10.625271955477));
#2208=CARTESIAN_POINT('Ctrl Pts',(-0.102,13.0019153645448,10.625271955477));
#2209=CARTESIAN_POINT('Ctrl Pts',(-0.102,13.0019153645448,1.75012298078632));
#2210=CARTESIAN_POINT('Ctrl Pts',(-0.102,13.0019153645448,-7.12502599390437));
#2211=CARTESIAN_POINT('Ctrl Pts',(-0.102,5.90179618479221,-7.12502599390437));
#2212=CARTESIAN_POINT('Ctrl Pts',(-0.102,5.90179618479221,-7.35002599390437));
#2213=CARTESIAN_POINT('Ctrl Pts',(-0.102,-1.37832299496034,-7.35002599390437));
#2214=CARTESIAN_POINT('Ctrl Pts',(-0.102,-1.37832299496034,1.75012298078632));
#2215=CARTESIAN_POINT('Ctrl Pts',(-0.102,-1.37832299496034,10.850271955477));
#2216=CARTESIAN_POINT('Ctrl Pts',(-0.102,5.90179618479222,10.850271955477));
#2217=CARTESIAN_POINT('Ctrl Pts',(-0.102,13.1819153645448,10.850271955477));
#2218=CARTESIAN_POINT('Ctrl Pts',(-0.102,13.1819153645448,1.75012298078632));
#2219=CARTESIAN_POINT('Ctrl Pts',(-0.102,13.1819153645448,-7.35002599390437));
#2220=CARTESIAN_POINT('Ctrl Pts',(-0.102,5.90179618479221,-7.35002599390437));
#2221=CARTESIAN_POINT('Ctrl Pts',(-0.282,5.90179618479221,-7.35002599390437));
#2222=CARTESIAN_POINT('Ctrl Pts',(-0.282,-1.37832299496034,-7.35002599390437));
#2223=CARTESIAN_POINT('Ctrl Pts',(-0.282,-1.37832299496034,1.75012298078632));
#2224=CARTESIAN_POINT('Ctrl Pts',(-0.282,-1.37832299496034,10.850271955477));
#2225=CARTESIAN_POINT('Ctrl Pts',(-0.282,5.90179618479222,10.850271955477));
#2226=CARTESIAN_POINT('Ctrl Pts',(-0.282,13.1819153645448,10.850271955477));
#2227=CARTESIAN_POINT('Ctrl Pts',(-0.282,13.1819153645448,1.75012298078632));
#2228=CARTESIAN_POINT('Ctrl Pts',(-0.282,13.1819153645448,-7.35002599390437));
#2229=CARTESIAN_POINT('Ctrl Pts',(-0.282,5.90179618479221,-7.35002599390437));
#2230=CARTESIAN_POINT('Ctrl Pts',(-0.462,5.90179618479221,-7.35002599390437));
#2231=CARTESIAN_POINT('Ctrl Pts',(-0.462,-1.37832299496034,-7.35002599390437));
#2232=CARTESIAN_POINT('Ctrl Pts',(-0.462,-1.37832299496034,1.75012298078632));
#2233=CARTESIAN_POINT('Ctrl Pts',(-0.462,-1.37832299496034,10.850271955477));
#2234=CARTESIAN_POINT('Ctrl Pts',(-0.462,5.90179618479222,10.850271955477));
#2235=CARTESIAN_POINT('Ctrl Pts',(-0.462,13.1819153645448,10.850271955477));
#2236=CARTESIAN_POINT('Ctrl Pts',(-0.462,13.1819153645448,1.75012298078632));
#2237=CARTESIAN_POINT('Ctrl Pts',(-0.462,13.1819153645448,-7.35002599390437));
#2238=CARTESIAN_POINT('Ctrl Pts',(-0.462,5.90179618479221,-7.35002599390437));
#2239=CARTESIAN_POINT('Ctrl Pts',(-0.462,5.90179618479221,-7.12502599390437));
#2240=CARTESIAN_POINT('Ctrl Pts',(-0.462,-1.19832299496034,-7.12502599390437));
#2241=CARTESIAN_POINT('Ctrl Pts',(-0.462,-1.19832299496034,1.75012298078632));
#2242=CARTESIAN_POINT('Ctrl Pts',(-0.462,-1.19832299496034,10.625271955477));
#2243=CARTESIAN_POINT('Ctrl Pts',(-0.462,5.90179618479222,10.625271955477));
#2244=CARTESIAN_POINT('Ctrl Pts',(-0.462,13.0019153645448,10.625271955477));
#2245=CARTESIAN_POINT('Ctrl Pts',(-0.462,13.0019153645448,1.75012298078632));
#2246=CARTESIAN_POINT('Ctrl Pts',(-0.462,13.0019153645448,-7.12502599390437));
#2247=CARTESIAN_POINT('Ctrl Pts',(-0.462,5.90179618479221,-7.12502599390437));
#2248=CARTESIAN_POINT('Ctrl Pts',(-0.462,5.90179618479221,-6.90002599390437));
#2249=CARTESIAN_POINT('Ctrl Pts',(-0.462,-1.01832299496034,-6.90002599390437));
#2250=CARTESIAN_POINT('Ctrl Pts',(-0.462,-1.01832299496034,1.75012298078632));
#2251=CARTESIAN_POINT('Ctrl Pts',(-0.462,-1.01832299496034,10.400271955477));
#2252=CARTESIAN_POINT('Ctrl Pts',(-0.462,5.90179618479222,10.400271955477));
#2253=CARTESIAN_POINT('Ctrl Pts',(-0.462,12.8219153645448,10.400271955477));
#2254=CARTESIAN_POINT('Ctrl Pts',(-0.462,12.8219153645448,1.75012298078632));
#2255=CARTESIAN_POINT('Ctrl Pts',(-0.462,12.8219153645448,-6.90002599390437));
#2256=CARTESIAN_POINT('Ctrl Pts',(-0.462,5.90179618479221,-6.90002599390437));
#2257=CARTESIAN_POINT('Ctrl Pts',(-0.282,5.90179618479221,-6.90002599390437));
#2258=CARTESIAN_POINT('Ctrl Pts',(-0.282,-1.01832299496034,-6.90002599390437));
#2259=CARTESIAN_POINT('Ctrl Pts',(-0.282,-1.01832299496034,1.75012298078632));
#2260=CARTESIAN_POINT('Ctrl Pts',(-0.282,-1.01832299496034,10.400271955477));
#2261=CARTESIAN_POINT('Ctrl Pts',(-0.282,5.90179618479222,10.400271955477));
#2262=CARTESIAN_POINT('Ctrl Pts',(-0.282,12.8219153645448,10.400271955477));
#2263=CARTESIAN_POINT('Ctrl Pts',(-0.282,12.8219153645448,1.75012298078632));
#2264=CARTESIAN_POINT('Ctrl Pts',(-0.282,12.8219153645448,-6.90002599390437));
#2265=CARTESIAN_POINT('Ctrl Pts',(-0.282,5.90179618479221,-6.90002599390437));
#2266=CARTESIAN_POINT('',(-0.462,-0.774643015611947,-1.26982423781202));
#2267=CARTESIAN_POINT('',(-0.282,-0.943902013334099,-1.34638499483394));
#2268=CARTESIAN_POINT('Origin',(-0.282,-0.774643015611947,-1.26982423781202));
#2269=CARTESIAN_POINT('Origin',(-0.282,5.90179618479221,1.75012298078632));
#2270=CARTESIAN_POINT('Origin',(-0.462,5.90179618479221,1.75012298078632));
#2271=CARTESIAN_POINT('Ctrl Pts',(-0.282,-0.379705354260257,-0.791182471427542));
#2272=CARTESIAN_POINT('Ctrl Pts',(-0.282,-0.619705354260257,-0.791182471427542));
#2273=CARTESIAN_POINT('Ctrl Pts',(-0.282,-0.619705354260257,-1.09118247142754));
#2274=CARTESIAN_POINT('Ctrl Pts',(-0.282,-0.619705354260257,-1.39118247142754));
#2275=CARTESIAN_POINT('Ctrl Pts',(-0.282,-0.379705354260257,-1.39118247142754));
#2276=CARTESIAN_POINT('Ctrl Pts',(-0.282,-0.139705354260257,-1.39118247142754));
#2277=CARTESIAN_POINT('Ctrl Pts',(-0.282,-0.139705354260257,-1.09118247142754));
#2278=CARTESIAN_POINT('Ctrl Pts',(-0.282,-0.139705354260257,-0.791182471427542));
#2279=CARTESIAN_POINT('Ctrl Pts',(-0.282,-0.379705354260257,-0.791182471427542));
#2280=CARTESIAN_POINT('Ctrl Pts',(-0.462,-0.379705354260257,-0.791182471427542));
#2281=CARTESIAN_POINT('Ctrl Pts',(-0.462,-0.619705354260257,-0.791182471427542));
#2282=CARTESIAN_POINT('Ctrl Pts',(-0.462,-0.619705354260257,-1.09118247142754));
#2283=CARTESIAN_POINT('Ctrl Pts',(-0.462,-0.619705354260257,-1.39118247142754));
#2284=CARTESIAN_POINT('Ctrl Pts',(-0.462,-0.379705354260257,-1.39118247142754));
#2285=CARTESIAN_POINT('Ctrl Pts',(-0.462,-0.139705354260257,-1.39118247142754));
#2286=CARTESIAN_POINT('Ctrl Pts',(-0.462,-0.139705354260257,-1.09118247142754));
#2287=CARTESIAN_POINT('Ctrl Pts',(-0.462,-0.139705354260257,-0.791182471427542));
#2288=CARTESIAN_POINT('Ctrl Pts',(-0.462,-0.379705354260257,-0.791182471427542));
#2289=CARTESIAN_POINT('Ctrl Pts',(-0.462,-0.379705354260257,-0.566182471427542));
#2290=CARTESIAN_POINT('Ctrl Pts',(-0.462,-0.799705354260257,-0.566182471427542));
#2291=CARTESIAN_POINT('Ctrl Pts',(-0.462,-0.799705354260257,-1.09118247142754));
#2292=CARTESIAN_POINT('Ctrl Pts',(-0.462,-0.799705354260257,-1.61618247142754));
#2293=CARTESIAN_POINT('Ctrl Pts',(-0.462,-0.379705354260257,-1.61618247142754));
#2294=CARTESIAN_POINT('Ctrl Pts',(-0.462,0.0402946457397428,-1.61618247142754));
#2295=CARTESIAN_POINT('Ctrl Pts',(-0.462,0.0402946457397428,-1.09118247142754));
#2296=CARTESIAN_POINT('Ctrl Pts',(-0.462,0.0402946457397426,-0.566182471427542));
#2297=CARTESIAN_POINT('Ctrl Pts',(-0.462,-0.379705354260257,-0.566182471427542));
#2298=CARTESIAN_POINT('Ctrl Pts',(-0.462,-0.379705354260257,-0.341182471427542));
#2299=CARTESIAN_POINT('Ctrl Pts',(-0.462,-0.979705354260257,-0.341182471427542));
#2300=CARTESIAN_POINT('Ctrl Pts',(-0.462,-0.979705354260257,-1.09118247142754));
#2301=CARTESIAN_POINT('Ctrl Pts',(-0.462,-0.979705354260257,-1.84118247142754));
#2302=CARTESIAN_POINT('Ctrl Pts',(-0.462,-0.379705354260257,-1.84118247142754));
#2303=CARTESIAN_POINT('Ctrl Pts',(-0.462,0.220294645739743,-1.84118247142754));
#2304=CARTESIAN_POINT('Ctrl Pts',(-0.462,0.220294645739743,-1.09118247142754));
#2305=CARTESIAN_POINT('Ctrl Pts',(-0.462,0.220294645739743,-0.341182471427542));
#2306=CARTESIAN_POINT('Ctrl Pts',(-0.462,-0.379705354260257,-0.341182471427542));
#2307=CARTESIAN_POINT('Ctrl Pts',(-0.282,-0.379705354260257,-0.341182471427542));
#2308=CARTESIAN_POINT('Ctrl Pts',(-0.282,-0.979705354260257,-0.341182471427542));
#2309=CARTESIAN_POINT('Ctrl Pts',(-0.282,-0.979705354260257,-1.09118247142754));
#2310=CARTESIAN_POINT('Ctrl Pts',(-0.282,-0.979705354260257,-1.84118247142754));
#2311=CARTESIAN_POINT('Ctrl Pts',(-0.282,-0.379705354260257,-1.84118247142754));
#2312=CARTESIAN_POINT('Ctrl Pts',(-0.282,0.220294645739743,-1.84118247142754));
#2313=CARTESIAN_POINT('Ctrl Pts',(-0.282,0.220294645739743,-1.09118247142754));
#2314=CARTESIAN_POINT('Ctrl Pts',(-0.282,0.220294645739743,-0.341182471427542));
#2315=CARTESIAN_POINT('Ctrl Pts',(-0.282,-0.379705354260257,-0.341182471427542));
#2316=CARTESIAN_POINT('Ctrl Pts',(-0.102,-0.379705354260257,-0.341182471427542));
#2317=CARTESIAN_POINT('Ctrl Pts',(-0.102,-0.979705354260257,-0.341182471427542));
#2318=CARTESIAN_POINT('Ctrl Pts',(-0.102,-0.979705354260257,-1.09118247142754));
#2319=CARTESIAN_POINT('Ctrl Pts',(-0.102,-0.979705354260257,-1.84118247142754));
#2320=CARTESIAN_POINT('Ctrl Pts',(-0.102,-0.379705354260257,-1.84118247142754));
#2321=CARTESIAN_POINT('Ctrl Pts',(-0.102,0.220294645739743,-1.84118247142754));
#2322=CARTESIAN_POINT('Ctrl Pts',(-0.102,0.220294645739743,-1.09118247142754));
#2323=CARTESIAN_POINT('Ctrl Pts',(-0.102,0.220294645739743,-0.341182471427542));
#2324=CARTESIAN_POINT('Ctrl Pts',(-0.102,-0.379705354260257,-0.341182471427542));
#2325=CARTESIAN_POINT('Ctrl Pts',(-0.102,-0.379705354260257,-0.566182471427542));
#2326=CARTESIAN_POINT('Ctrl Pts',(-0.102,-0.799705354260257,-0.566182471427542));
#2327=CARTESIAN_POINT('Ctrl Pts',(-0.102,-0.799705354260257,-1.09118247142754));
#2328=CARTESIAN_POINT('Ctrl Pts',(-0.102,-0.799705354260257,-1.61618247142754));
#2329=CARTESIAN_POINT('Ctrl Pts',(-0.102,-0.379705354260257,-1.61618247142754));
#2330=CARTESIAN_POINT('Ctrl Pts',(-0.102,0.0402946457397428,-1.61618247142754));
#2331=CARTESIAN_POINT('Ctrl Pts',(-0.102,0.0402946457397428,-1.09118247142754));
#2332=CARTESIAN_POINT('Ctrl Pts',(-0.102,0.0402946457397426,-0.566182471427542));
#2333=CARTESIAN_POINT('Ctrl Pts',(-0.102,-0.379705354260257,-0.566182471427542));
#2334=CARTESIAN_POINT('Ctrl Pts',(-0.102,-0.379705354260257,-0.791182471427542));
#2335=CARTESIAN_POINT('Ctrl Pts',(-0.102,-0.619705354260257,-0.791182471427542));
#2336=CARTESIAN_POINT('Ctrl Pts',(-0.102,-0.619705354260257,-1.09118247142754));
#2337=CARTESIAN_POINT('Ctrl Pts',(-0.102,-0.619705354260257,-1.39118247142754));
#2338=CARTESIAN_POINT('Ctrl Pts',(-0.102,-0.379705354260257,-1.39118247142754));
#2339=CARTESIAN_POINT('Ctrl Pts',(-0.102,-0.139705354260257,-1.39118247142754));
#2340=CARTESIAN_POINT('Ctrl Pts',(-0.102,-0.139705354260257,-1.09118247142754));
#2341=CARTESIAN_POINT('Ctrl Pts',(-0.102,-0.139705354260257,-0.791182471427542));
#2342=CARTESIAN_POINT('Ctrl Pts',(-0.102,-0.379705354260257,-0.791182471427542));
#2343=CARTESIAN_POINT('Ctrl Pts',(-0.282,-0.379705354260257,-0.791182471427542));
#2344=CARTESIAN_POINT('Ctrl Pts',(-0.282,-0.619705354260257,-0.791182471427542));
#2345=CARTESIAN_POINT('Ctrl Pts',(-0.282,-0.619705354260257,-1.09118247142754));
#2346=CARTESIAN_POINT('Ctrl Pts',(-0.282,-0.619705354260257,-1.39118247142754));
#2347=CARTESIAN_POINT('Ctrl Pts',(-0.282,-0.379705354260257,-1.39118247142754));
#2348=CARTESIAN_POINT('Ctrl Pts',(-0.282,-0.139705354260257,-1.39118247142754));
#2349=CARTESIAN_POINT('Ctrl Pts',(-0.282,-0.139705354260257,-1.09118247142754));
#2350=CARTESIAN_POINT('Ctrl Pts',(-0.282,-0.139705354260257,-0.791182471427542));
#2351=CARTESIAN_POINT('Ctrl Pts',(-0.282,-0.379705354260257,-0.791182471427542));
#2352=CARTESIAN_POINT('',(-0.462,-0.55054344339832,-1.57078899521106));
#2353=CARTESIAN_POINT('',(-0.282,-0.623759767314633,-1.77633464826114));
#2354=CARTESIAN_POINT('Origin',(-0.282,-0.55054344339832,-1.57078899521106));
#2355=CARTESIAN_POINT('Origin',(-0.282,-0.379705354260257,-1.09118247142754));
#2356=CARTESIAN_POINT('Origin',(-0.462,-0.379705354260257,-1.09118247142754));
#2357=CARTESIAN_POINT('Ctrl Pts',(-0.282,-0.210763628437973,-0.158442786857698));
#2358=CARTESIAN_POINT('Ctrl Pts',(-0.282,0.292033081835344,-0.234153613175533));
#2359=CARTESIAN_POINT('Ctrl Pts',(-0.282,0.231464420781076,-0.86264950101718));
#2360=CARTESIAN_POINT('Ctrl Pts',(-0.282,0.170895759726808,-1.49114538885883));
#2361=CARTESIAN_POINT('Ctrl Pts',(-0.282,-0.331900950546509,-1.41543456254099));
#2362=CARTESIAN_POINT('Ctrl Pts',(-0.282,-0.834697660819826,-1.33972373622316));
#2363=CARTESIAN_POINT('Ctrl Pts',(-0.282,-0.774128999765558,-0.71122784838151));
#2364=CARTESIAN_POINT('Ctrl Pts',(-0.282,-0.71356033871129,-0.0827319605398637));
#2365=CARTESIAN_POINT('Ctrl Pts',(-0.282,-0.210763628437973,-0.158442786857698));
#2366=CARTESIAN_POINT('Ctrl Pts',(-0.102,-0.210763628437973,-0.158442786857698));
#2367=CARTESIAN_POINT('Ctrl Pts',(-0.102,0.292033081835344,-0.234153613175533));
#2368=CARTESIAN_POINT('Ctrl Pts',(-0.102,0.231464420781076,-0.86264950101718));
#2369=CARTESIAN_POINT('Ctrl Pts',(-0.102,0.170895759726808,-1.49114538885883));
#2370=CARTESIAN_POINT('Ctrl Pts',(-0.102,-0.331900950546509,-1.41543456254099));
#2371=CARTESIAN_POINT('Ctrl Pts',(-0.102,-0.834697660819826,-1.33972373622316));
#2372=CARTESIAN_POINT('Ctrl Pts',(-0.102,-0.774128999765558,-0.71122784838151));
#2373=CARTESIAN_POINT('Ctrl Pts',(-0.102,-0.71356033871129,-0.0827319605398637));
#2374=CARTESIAN_POINT('Ctrl Pts',(-0.102,-0.210763628437973,-0.158442786857698));
#2375=CARTESIAN_POINT('Ctrl Pts',(-0.102,-0.189235832293056,0.0649422296816518));
#2376=CARTESIAN_POINT('Ctrl Pts',(-0.102,0.492268891211741,-0.03767834181733));
#2377=CARTESIAN_POINT('Ctrl Pts',(-0.102,0.410172434012556,-0.889559246198326));
#2378=CARTESIAN_POINT('Ctrl Pts',(-0.102,0.328075976813371,-1.74144015057932));
#2379=CARTESIAN_POINT('Ctrl Pts',(-0.102,-0.353428746691427,-1.63881957908034));
#2380=CARTESIAN_POINT('Ctrl Pts',(-0.102,-1.03493347019622,-1.53619900758136));
#2381=CARTESIAN_POINT('Ctrl Pts',(-0.102,-0.952837012997038,-0.684318103200363));
#2382=CARTESIAN_POINT('Ctrl Pts',(-0.102,-0.870740555797853,0.167562801180634));
#2383=CARTESIAN_POINT('Ctrl Pts',(-0.102,-0.189235832293056,0.0649422296816518));
#2384=CARTESIAN_POINT('Ctrl Pts',(-0.102,-0.167708036148138,0.288327246221002));
#2385=CARTESIAN_POINT('Ctrl Pts',(-0.102,0.692504700588139,0.158796929540873));
#2386=CARTESIAN_POINT('Ctrl Pts',(-0.102,0.588880447244036,-0.916468991379473));
#2387=CARTESIAN_POINT('Ctrl Pts',(-0.102,0.485256193899933,-1.99173491229982));
#2388=CARTESIAN_POINT('Ctrl Pts',(-0.102,-0.374956542836344,-1.86220459561969));
#2389=CARTESIAN_POINT('Ctrl Pts',(-0.102,-1.23516927957262,-1.73267427893956));
#2390=CARTESIAN_POINT('Ctrl Pts',(-0.102,-1.13154502622852,-0.657408358019216));
#2391=CARTESIAN_POINT('Ctrl Pts',(-0.102,-1.02792077288442,0.417857562901131));
#2392=CARTESIAN_POINT('Ctrl Pts',(-0.102,-0.167708036148138,0.288327246221002));
#2393=CARTESIAN_POINT('Ctrl Pts',(-0.282,-0.167708036148138,0.288327246221002));
#2394=CARTESIAN_POINT('Ctrl Pts',(-0.282,0.692504700588139,0.158796929540873));
#2395=CARTESIAN_POINT('Ctrl Pts',(-0.282,0.588880447244036,-0.916468991379473));
#2396=CARTESIAN_POINT('Ctrl Pts',(-0.282,0.485256193899933,-1.99173491229982));
#2397=CARTESIAN_POINT('Ctrl Pts',(-0.282,-0.374956542836344,-1.86220459561969));
#2398=CARTESIAN_POINT('Ctrl Pts',(-0.282,-1.23516927957262,-1.73267427893956));
#2399=CARTESIAN_POINT('Ctrl Pts',(-0.282,-1.13154502622852,-0.657408358019216));
#2400=CARTESIAN_POINT('Ctrl Pts',(-0.282,-1.02792077288442,0.417857562901131));
#2401=CARTESIAN_POINT('Ctrl Pts',(-0.282,-0.167708036148138,0.288327246221002));
#2402=CARTESIAN_POINT('Ctrl Pts',(-0.462,-0.167708036148138,0.288327246221002));
#2403=CARTESIAN_POINT('Ctrl Pts',(-0.462,0.692504700588139,0.158796929540873));
#2404=CARTESIAN_POINT('Ctrl Pts',(-0.462,0.588880447244036,-0.916468991379473));
#2405=CARTESIAN_POINT('Ctrl Pts',(-0.462,0.485256193899933,-1.99173491229982));
#2406=CARTESIAN_POINT('Ctrl Pts',(-0.462,-0.374956542836344,-1.86220459561969));
#2407=CARTESIAN_POINT('Ctrl Pts',(-0.462,-1.23516927957262,-1.73267427893956));
#2408=CARTESIAN_POINT('Ctrl Pts',(-0.462,-1.13154502622852,-0.657408358019216));
#2409=CARTESIAN_POINT('Ctrl Pts',(-0.462,-1.02792077288442,0.417857562901131));
#2410=CARTESIAN_POINT('Ctrl Pts',(-0.462,-0.167708036148138,0.288327246221002));
#2411=CARTESIAN_POINT('Ctrl Pts',(-0.462,-0.189235832293056,0.0649422296816518));
#2412=CARTESIAN_POINT('Ctrl Pts',(-0.462,0.492268891211741,-0.03767834181733));
#2413=CARTESIAN_POINT('Ctrl Pts',(-0.462,0.410172434012556,-0.889559246198326));
#2414=CARTESIAN_POINT('Ctrl Pts',(-0.462,0.328075976813371,-1.74144015057932));
#2415=CARTESIAN_POINT('Ctrl Pts',(-0.462,-0.353428746691427,-1.63881957908034));
#2416=CARTESIAN_POINT('Ctrl Pts',(-0.462,-1.03493347019622,-1.53619900758136));
#2417=CARTESIAN_POINT('Ctrl Pts',(-0.462,-0.952837012997038,-0.684318103200363));
#2418=CARTESIAN_POINT('Ctrl Pts',(-0.462,-0.870740555797853,0.167562801180634));
#2419=CARTESIAN_POINT('Ctrl Pts',(-0.462,-0.189235832293056,0.0649422296816518));
#2420=CARTESIAN_POINT('Ctrl Pts',(-0.462,-0.210763628437973,-0.158442786857698));
#2421=CARTESIAN_POINT('Ctrl Pts',(-0.462,0.292033081835344,-0.234153613175533));
#2422=CARTESIAN_POINT('Ctrl Pts',(-0.462,0.231464420781076,-0.86264950101718));
#2423=CARTESIAN_POINT('Ctrl Pts',(-0.462,0.170895759726808,-1.49114538885883));
#2424=CARTESIAN_POINT('Ctrl Pts',(-0.462,-0.331900950546509,-1.41543456254099));
#2425=CARTESIAN_POINT('Ctrl Pts',(-0.462,-0.834697660819826,-1.33972373622316));
#2426=CARTESIAN_POINT('Ctrl Pts',(-0.462,-0.774128999765558,-0.71122784838151));
#2427=CARTESIAN_POINT('Ctrl Pts',(-0.462,-0.71356033871129,-0.0827319605398637));
#2428=CARTESIAN_POINT('Ctrl Pts',(-0.462,-0.210763628437973,-0.158442786857698));
#2429=CARTESIAN_POINT('Ctrl Pts',(-0.282,-0.210763628437973,-0.158442786857698));
#2430=CARTESIAN_POINT('Ctrl Pts',(-0.282,0.292033081835344,-0.234153613175533));
#2431=CARTESIAN_POINT('Ctrl Pts',(-0.282,0.231464420781076,-0.86264950101718));
#2432=CARTESIAN_POINT('Ctrl Pts',(-0.282,0.170895759726808,-1.49114538885883));
#2433=CARTESIAN_POINT('Ctrl Pts',(-0.282,-0.331900950546509,-1.41543456254099));
#2434=CARTESIAN_POINT('Ctrl Pts',(-0.282,-0.834697660819826,-1.33972373622316));
#2435=CARTESIAN_POINT('Ctrl Pts',(-0.282,-0.774128999765558,-0.71122784838151));
#2436=CARTESIAN_POINT('Ctrl Pts',(-0.282,-0.71356033871129,-0.0827319605398637));
#2437=CARTESIAN_POINT('Ctrl Pts',(-0.282,-0.210763628437973,-0.158442786857698));
#2438=CARTESIAN_POINT('',(-0.462,-0.14902829510951,-1.63124890482254));
#2439=CARTESIAN_POINT('',(-0.282,-0.116957051737917,-1.85264869644888));
#2440=CARTESIAN_POINT('Origin',(-0.282,-0.14902829510951,-1.63124890482254));
#2441=CARTESIAN_POINT('Origin',(-0.282,-0.271332289492241,-0.786938674699345));
#2442=CARTESIAN_POINT('Origin',(-0.462,-0.271332289492241,-0.786938674699345));
#2443=CARTESIAN_POINT('Ctrl Pts',(-0.282,2.02112583970157,-31.6126348048717));
#2444=CARTESIAN_POINT('Ctrl Pts',(-0.282,-9.97887416029842,-31.6126348048717));
#2445=CARTESIAN_POINT('Ctrl Pts',(-0.282,-9.97887416029843,-16.6126348048717));
#2446=CARTESIAN_POINT('Ctrl Pts',(-0.282,-9.97887416029842,-1.6126348048717));
#2447=CARTESIAN_POINT('Ctrl Pts',(-0.282,2.02112583970158,-1.61263480487169));
#2448=CARTESIAN_POINT('Ctrl Pts',(-0.282,14.0211258397016,-1.6126348048717));
#2449=CARTESIAN_POINT('Ctrl Pts',(-0.282,14.0211258397016,-16.6126348048717));
#2450=CARTESIAN_POINT('Ctrl Pts',(-0.282,14.0211258397016,-31.6126348048717));
#2451=CARTESIAN_POINT('Ctrl Pts',(-0.282,2.02112583970157,-31.6126348048717));
#2452=CARTESIAN_POINT('Ctrl Pts',(-0.102,2.02112583970157,-31.6126348048717));
#2453=CARTESIAN_POINT('Ctrl Pts',(-0.102,-9.97887416029842,-31.6126348048717));
#2454=CARTESIAN_POINT('Ctrl Pts',(-0.102,-9.97887416029843,-16.6126348048717));
#2455=CARTESIAN_POINT('Ctrl Pts',(-0.102,-9.97887416029842,-1.6126348048717));
#2456=CARTESIAN_POINT('Ctrl Pts',(-0.102,2.02112583970158,-1.61263480487169));
#2457=CARTESIAN_POINT('Ctrl Pts',(-0.102,14.0211258397016,-1.6126348048717));
#2458=CARTESIAN_POINT('Ctrl Pts',(-0.102,14.0211258397016,-16.6126348048717));
#2459=CARTESIAN_POINT('Ctrl Pts',(-0.102,14.0211258397016,-31.6126348048717));
#2460=CARTESIAN_POINT('Ctrl Pts',(-0.102,2.02112583970157,-31.6126348048717));
#2461=CARTESIAN_POINT('Ctrl Pts',(-0.102,2.02112583970157,-31.8376348048717));
#2462=CARTESIAN_POINT('Ctrl Pts',(-0.102,-10.1588741602984,-31.8376348048717));
#2463=CARTESIAN_POINT('Ctrl Pts',(-0.102,-10.1588741602984,-16.6126348048717));
#2464=CARTESIAN_POINT('Ctrl Pts',(-0.102,-10.1588741602984,-1.3876348048717));
#2465=CARTESIAN_POINT('Ctrl Pts',(-0.102,2.02112583970158,-1.38763480487169));
#2466=CARTESIAN_POINT('Ctrl Pts',(-0.102,14.2011258397016,-1.3876348048717));
#2467=CARTESIAN_POINT('Ctrl Pts',(-0.102,14.2011258397016,-16.6126348048717));
#2468=CARTESIAN_POINT('Ctrl Pts',(-0.102,14.2011258397016,-31.8376348048717));
#2469=CARTESIAN_POINT('Ctrl Pts',(-0.102,2.02112583970157,-31.8376348048717));
#2470=CARTESIAN_POINT('Ctrl Pts',(-0.102,2.02112583970157,-32.0626348048717));
#2471=CARTESIAN_POINT('Ctrl Pts',(-0.102,-10.3388741602984,-32.0626348048717));
#2472=CARTESIAN_POINT('Ctrl Pts',(-0.102,-10.3388741602984,-16.6126348048717));
#2473=CARTESIAN_POINT('Ctrl Pts',(-0.102,-10.3388741602984,-1.1626348048717));
#2474=CARTESIAN_POINT('Ctrl Pts',(-0.102,2.02112583970158,-1.16263480487169));
#2475=CARTESIAN_POINT('Ctrl Pts',(-0.102,14.3811258397016,-1.1626348048717));
#2476=CARTESIAN_POINT('Ctrl Pts',(-0.102,14.3811258397016,-16.6126348048717));
#2477=CARTESIAN_POINT('Ctrl Pts',(-0.102,14.3811258397016,-32.0626348048717));
#2478=CARTESIAN_POINT('Ctrl Pts',(-0.102,2.02112583970157,-32.0626348048717));
#2479=CARTESIAN_POINT('Ctrl Pts',(-0.282,2.02112583970157,-32.0626348048717));
#2480=CARTESIAN_POINT('Ctrl Pts',(-0.282,-10.3388741602984,-32.0626348048717));
#2481=CARTESIAN_POINT('Ctrl Pts',(-0.282,-10.3388741602984,-16.6126348048717));
#2482=CARTESIAN_POINT('Ctrl Pts',(-0.282,-10.3388741602984,-1.1626348048717));
#2483=CARTESIAN_POINT('Ctrl Pts',(-0.282,2.02112583970158,-1.16263480487169));
#2484=CARTESIAN_POINT('Ctrl Pts',(-0.282,14.3811258397016,-1.1626348048717));
#2485=CARTESIAN_POINT('Ctrl Pts',(-0.282,14.3811258397016,-16.6126348048717));
#2486=CARTESIAN_POINT('Ctrl Pts',(-0.282,14.3811258397016,-32.0626348048717));
#2487=CARTESIAN_POINT('Ctrl Pts',(-0.282,2.02112583970157,-32.0626348048717));
#2488=CARTESIAN_POINT('Ctrl Pts',(-0.462,2.02112583970157,-32.0626348048717));
#2489=CARTESIAN_POINT('Ctrl Pts',(-0.462,-10.3388741602984,-32.0626348048717));
#2490=CARTESIAN_POINT('Ctrl Pts',(-0.462,-10.3388741602984,-16.6126348048717));
#2491=CARTESIAN_POINT('Ctrl Pts',(-0.462,-10.3388741602984,-1.1626348048717));
#2492=CARTESIAN_POINT('Ctrl Pts',(-0.462,2.02112583970158,-1.16263480487169));
#2493=CARTESIAN_POINT('Ctrl Pts',(-0.462,14.3811258397016,-1.1626348048717));
#2494=CARTESIAN_POINT('Ctrl Pts',(-0.462,14.3811258397016,-16.6126348048717));
#2495=CARTESIAN_POINT('Ctrl Pts',(-0.462,14.3811258397016,-32.0626348048717));
#2496=CARTESIAN_POINT('Ctrl Pts',(-0.462,2.02112583970157,-32.0626348048717));
#2497=CARTESIAN_POINT('Ctrl Pts',(-0.462,2.02112583970157,-31.8376348048717));
#2498=CARTESIAN_POINT('Ctrl Pts',(-0.462,-10.1588741602984,-31.8376348048717));
#2499=CARTESIAN_POINT('Ctrl Pts',(-0.462,-10.1588741602984,-16.6126348048717));
#2500=CARTESIAN_POINT('Ctrl Pts',(-0.462,-10.1588741602984,-1.3876348048717));
#2501=CARTESIAN_POINT('Ctrl Pts',(-0.462,2.02112583970158,-1.38763480487169));
#2502=CARTESIAN_POINT('Ctrl Pts',(-0.462,14.2011258397016,-1.3876348048717));
#2503=CARTESIAN_POINT('Ctrl Pts',(-0.462,14.2011258397016,-16.6126348048717));
#2504=CARTESIAN_POINT('Ctrl Pts',(-0.462,14.2011258397016,-31.8376348048717));
#2505=CARTESIAN_POINT('Ctrl Pts',(-0.462,2.02112583970157,-31.8376348048717));
#2506=CARTESIAN_POINT('Ctrl Pts',(-0.462,2.02112583970157,-31.6126348048717));
#2507=CARTESIAN_POINT('Ctrl Pts',(-0.462,-9.97887416029842,-31.6126348048717));
#2508=CARTESIAN_POINT('Ctrl Pts',(-0.462,-9.97887416029843,-16.6126348048717));
#2509=CARTESIAN_POINT('Ctrl Pts',(-0.462,-9.97887416029842,-1.6126348048717));
#2510=CARTESIAN_POINT('Ctrl Pts',(-0.462,2.02112583970158,-1.61263480487169));
#2511=CARTESIAN_POINT('Ctrl Pts',(-0.462,14.0211258397016,-1.6126348048717));
#2512=CARTESIAN_POINT('Ctrl Pts',(-0.462,14.0211258397016,-16.6126348048717));
#2513=CARTESIAN_POINT('Ctrl Pts',(-0.462,14.0211258397016,-31.6126348048717));
#2514=CARTESIAN_POINT('Ctrl Pts',(-0.462,2.02112583970157,-31.6126348048717));
#2515=CARTESIAN_POINT('Ctrl Pts',(-0.282,2.02112583970157,-31.6126348048717));
#2516=CARTESIAN_POINT('Ctrl Pts',(-0.282,-9.97887416029842,-31.6126348048717));
#2517=CARTESIAN_POINT('Ctrl Pts',(-0.282,-9.97887416029843,-16.6126348048717));
#2518=CARTESIAN_POINT('Ctrl Pts',(-0.282,-9.97887416029842,-1.6126348048717));
#2519=CARTESIAN_POINT('Ctrl Pts',(-0.282,2.02112583970158,-1.61263480487169));
#2520=CARTESIAN_POINT('Ctrl Pts',(-0.282,14.0211258397016,-1.6126348048717));
#2521=CARTESIAN_POINT('Ctrl Pts',(-0.282,14.0211258397016,-16.6126348048717));
#2522=CARTESIAN_POINT('Ctrl Pts',(-0.282,14.0211258397016,-31.6126348048717));
#2523=CARTESIAN_POINT('Ctrl Pts',(-0.282,2.02112583970157,-31.6126348048717));
#2524=CARTESIAN_POINT('',(-0.462,-0.00783220767864043,-1.60036226069703));
#2525=CARTESIAN_POINT('',(-0.282,0.0221523940067816,-1.82221850519223));
#2526=CARTESIAN_POINT('Origin',(-0.282,-0.00783220767864043,-1.60036226069703));
#2527=CARTESIAN_POINT('Origin',(-0.282,2.02112583970157,-16.6126348048717));
#2528=CARTESIAN_POINT('Origin',(-0.462,2.02112583970157,-16.6126348048717));
#2529=CARTESIAN_POINT('Ctrl Pts',(-0.282,-0.122178773965827,-1.38735100248499));
#2530=CARTESIAN_POINT('Ctrl Pts',(-0.282,-0.628610501411469,-1.38735100248499));
#2531=CARTESIAN_POINT('Ctrl Pts',(-0.282,-0.628610501411469,-0.754311343177942));
#2532=CARTESIAN_POINT('Ctrl Pts',(-0.282,-0.628610501411469,-0.121271683870889));
#2533=CARTESIAN_POINT('Ctrl Pts',(-0.282,-0.122178773965827,-0.121271683870889));
#2534=CARTESIAN_POINT('Ctrl Pts',(-0.282,0.384252953479815,-0.121271683870889));
#2535=CARTESIAN_POINT('Ctrl Pts',(-0.282,0.384252953479815,-0.754311343177942));
#2536=CARTESIAN_POINT('Ctrl Pts',(-0.282,0.384252953479815,-1.38735100248499));
#2537=CARTESIAN_POINT('Ctrl Pts',(-0.282,-0.122178773965827,-1.38735100248499));
#2538=CARTESIAN_POINT('Ctrl Pts',(-0.102,-0.122178773965827,-1.38735100248499));
#2539=CARTESIAN_POINT('Ctrl Pts',(-0.102,-0.628610501411469,-1.38735100248499));
#2540=CARTESIAN_POINT('Ctrl Pts',(-0.102,-0.628610501411469,-0.754311343177942));
#2541=CARTESIAN_POINT('Ctrl Pts',(-0.102,-0.628610501411469,-0.121271683870889));
#2542=CARTESIAN_POINT('Ctrl Pts',(-0.102,-0.122178773965827,-0.121271683870889));
#2543=CARTESIAN_POINT('Ctrl Pts',(-0.102,0.384252953479815,-0.121271683870889));
#2544=CARTESIAN_POINT('Ctrl Pts',(-0.102,0.384252953479815,-0.754311343177942));
#2545=CARTESIAN_POINT('Ctrl Pts',(-0.102,0.384252953479815,-1.38735100248499));
#2546=CARTESIAN_POINT('Ctrl Pts',(-0.102,-0.122178773965827,-1.38735100248499));
#2547=CARTESIAN_POINT('Ctrl Pts',(-0.102,-0.122178773965827,-1.61235100248499));
#2548=CARTESIAN_POINT('Ctrl Pts',(-0.102,-0.808610501411469,-1.61235100248499));
#2549=CARTESIAN_POINT('Ctrl Pts',(-0.102,-0.808610501411469,-0.754311343177942));
#2550=CARTESIAN_POINT('Ctrl Pts',(-0.102,-0.808610501411469,0.103728316129111));
#2551=CARTESIAN_POINT('Ctrl Pts',(-0.102,-0.122178773965827,0.103728316129111));
#2552=CARTESIAN_POINT('Ctrl Pts',(-0.102,0.564252953479815,0.103728316129111));
#2553=CARTESIAN_POINT('Ctrl Pts',(-0.102,0.564252953479815,-0.754311343177942));
#2554=CARTESIAN_POINT('Ctrl Pts',(-0.102,0.564252953479815,-1.61235100248499));
#2555=CARTESIAN_POINT('Ctrl Pts',(-0.102,-0.122178773965827,-1.61235100248499));
#2556=CARTESIAN_POINT('Ctrl Pts',(-0.102,-0.122178773965827,-1.83735100248499));
#2557=CARTESIAN_POINT('Ctrl Pts',(-0.102,-0.988610501411469,-1.83735100248499));
#2558=CARTESIAN_POINT('Ctrl Pts',(-0.102,-0.988610501411469,-0.754311343177942));
#2559=CARTESIAN_POINT('Ctrl Pts',(-0.102,-0.988610501411469,0.32872831612911));
#2560=CARTESIAN_POINT('Ctrl Pts',(-0.102,-0.122178773965827,0.328728316129111));
#2561=CARTESIAN_POINT('Ctrl Pts',(-0.102,0.744252953479815,0.32872831612911));
#2562=CARTESIAN_POINT('Ctrl Pts',(-0.102,0.744252953479815,-0.754311343177942));
#2563=CARTESIAN_POINT('Ctrl Pts',(-0.102,0.744252953479815,-1.83735100248499));
#2564=CARTESIAN_POINT('Ctrl Pts',(-0.102,-0.122178773965827,-1.83735100248499));
#2565=CARTESIAN_POINT('Ctrl Pts',(-0.282,-0.122178773965827,-1.83735100248499));
#2566=CARTESIAN_POINT('Ctrl Pts',(-0.282,-0.988610501411469,-1.83735100248499));
#2567=CARTESIAN_POINT('Ctrl Pts',(-0.282,-0.988610501411469,-0.754311343177942));
#2568=CARTESIAN_POINT('Ctrl Pts',(-0.282,-0.988610501411469,0.32872831612911));
#2569=CARTESIAN_POINT('Ctrl Pts',(-0.282,-0.122178773965827,0.328728316129111));
#2570=CARTESIAN_POINT('Ctrl Pts',(-0.282,0.744252953479815,0.32872831612911));
#2571=CARTESIAN_POINT('Ctrl Pts',(-0.282,0.744252953479815,-0.754311343177942));
#2572=CARTESIAN_POINT('Ctrl Pts',(-0.282,0.744252953479815,-1.83735100248499));
#2573=CARTESIAN_POINT('Ctrl Pts',(-0.282,-0.122178773965827,-1.83735100248499));
#2574=CARTESIAN_POINT('Ctrl Pts',(-0.462,-0.122178773965827,-1.83735100248499));
#2575=CARTESIAN_POINT('Ctrl Pts',(-0.462,-0.988610501411469,-1.83735100248499));
#2576=CARTESIAN_POINT('Ctrl Pts',(-0.462,-0.988610501411469,-0.754311343177942));
#2577=CARTESIAN_POINT('Ctrl Pts',(-0.462,-0.988610501411469,0.32872831612911));
#2578=CARTESIAN_POINT('Ctrl Pts',(-0.462,-0.122178773965827,0.328728316129111));
#2579=CARTESIAN_POINT('Ctrl Pts',(-0.462,0.744252953479815,0.32872831612911));
#2580=CARTESIAN_POINT('Ctrl Pts',(-0.462,0.744252953479815,-0.754311343177942));
#2581=CARTESIAN_POINT('Ctrl Pts',(-0.462,0.744252953479815,-1.83735100248499));
#2582=CARTESIAN_POINT('Ctrl Pts',(-0.462,-0.122178773965827,-1.83735100248499));
#2583=CARTESIAN_POINT('Ctrl Pts',(-0.462,-0.122178773965827,-1.61235100248499));
#2584=CARTESIAN_POINT('Ctrl Pts',(-0.462,-0.808610501411469,-1.61235100248499));
#2585=CARTESIAN_POINT('Ctrl Pts',(-0.462,-0.808610501411469,-0.754311343177942));
#2586=CARTESIAN_POINT('Ctrl Pts',(-0.462,-0.808610501411469,0.103728316129111));
#2587=CARTESIAN_POINT('Ctrl Pts',(-0.462,-0.122178773965827,0.103728316129111));
#2588=CARTESIAN_POINT('Ctrl Pts',(-0.462,0.564252953479815,0.103728316129111));
#2589=CARTESIAN_POINT('Ctrl Pts',(-0.462,0.564252953479815,-0.754311343177942));
#2590=CARTESIAN_POINT('Ctrl Pts',(-0.462,0.564252953479815,-1.61235100248499));
#2591=CARTESIAN_POINT('Ctrl Pts',(-0.462,-0.122178773965827,-1.61235100248499));
#2592=CARTESIAN_POINT('Ctrl Pts',(-0.462,-0.122178773965827,-1.38735100248499));
#2593=CARTESIAN_POINT('Ctrl Pts',(-0.462,-0.628610501411469,-1.38735100248499));
#2594=CARTESIAN_POINT('Ctrl Pts',(-0.462,-0.628610501411469,-0.754311343177942));
#2595=CARTESIAN_POINT('Ctrl Pts',(-0.462,-0.628610501411469,-0.121271683870889));
#2596=CARTESIAN_POINT('Ctrl Pts',(-0.462,-0.122178773965827,-0.121271683870889));
#2597=CARTESIAN_POINT('Ctrl Pts',(-0.462,0.384252953479815,-0.121271683870889));
#2598=CARTESIAN_POINT('Ctrl Pts',(-0.462,0.384252953479815,-0.754311343177942));
#2599=CARTESIAN_POINT('Ctrl Pts',(-0.462,0.384252953479815,-1.38735100248499));
#2600=CARTESIAN_POINT('Ctrl Pts',(-0.462,-0.122178773965827,-1.38735100248499));
#2601=CARTESIAN_POINT('Ctrl Pts',(-0.282,-0.122178773965827,-1.38735100248499));
#2602=CARTESIAN_POINT('Ctrl Pts',(-0.282,-0.628610501411469,-1.38735100248499));
#2603=CARTESIAN_POINT('Ctrl Pts',(-0.282,-0.628610501411469,-0.754311343177942));
#2604=CARTESIAN_POINT('Ctrl Pts',(-0.282,-0.628610501411469,-0.121271683870889));
#2605=CARTESIAN_POINT('Ctrl Pts',(-0.282,-0.122178773965827,-0.121271683870889));
#2606=CARTESIAN_POINT('Ctrl Pts',(-0.282,0.384252953479815,-0.121271683870889));
#2607=CARTESIAN_POINT('Ctrl Pts',(-0.282,0.384252953479815,-0.754311343177942));
#2608=CARTESIAN_POINT('Ctrl Pts',(-0.282,0.384252953479815,-1.38735100248499));
#2609=CARTESIAN_POINT('Ctrl Pts',(-0.282,-0.122178773965827,-1.38735100248499));
#2610=CARTESIAN_POINT('',(-0.462,0.353395175881095,-1.37305242224369));
#2611=CARTESIAN_POINT('',(-0.282,0.478102859908165,-1.53530219855615));
#2612=CARTESIAN_POINT('Origin',(-0.282,0.353395175881095,-1.37305242224369));
#2613=CARTESIAN_POINT('Origin',(-0.282,-0.122178773965827,-0.754311343177942));
#2614=CARTESIAN_POINT('Origin',(-0.462,-0.122178773965827,-0.754311343177942));
#2615=CARTESIAN_POINT('Ctrl Pts',(-0.282,0.0624105798179347,-0.694469610847937));
#2616=CARTESIAN_POINT('Ctrl Pts',(-0.282,-0.177589420182065,-0.694469610847937));
#2617=CARTESIAN_POINT('Ctrl Pts',(-0.282,-0.177589420182065,-0.994469610847937));
#2618=CARTESIAN_POINT('Ctrl Pts',(-0.282,-0.177589420182065,-1.29446961084794));
#2619=CARTESIAN_POINT('Ctrl Pts',(-0.282,0.0624105798179348,-1.29446961084794));
#2620=CARTESIAN_POINT('Ctrl Pts',(-0.282,0.302410579817935,-1.29446961084794));
#2621=CARTESIAN_POINT('Ctrl Pts',(-0.282,0.302410579817935,-0.994469610847937));
#2622=CARTESIAN_POINT('Ctrl Pts',(-0.282,0.302410579817935,-0.694469610847937));
#2623=CARTESIAN_POINT('Ctrl Pts',(-0.282,0.0624105798179347,-0.694469610847937));
#2624=CARTESIAN_POINT('Ctrl Pts',(-0.462,0.0624105798179347,-0.694469610847937));
#2625=CARTESIAN_POINT('Ctrl Pts',(-0.462,-0.177589420182065,-0.694469610847937));
#2626=CARTESIAN_POINT('Ctrl Pts',(-0.462,-0.177589420182065,-0.994469610847937));
#2627=CARTESIAN_POINT('Ctrl Pts',(-0.462,-0.177589420182065,-1.29446961084794));
#2628=CARTESIAN_POINT('Ctrl Pts',(-0.462,0.0624105798179348,-1.29446961084794));
#2629=CARTESIAN_POINT('Ctrl Pts',(-0.462,0.302410579817935,-1.29446961084794));
#2630=CARTESIAN_POINT('Ctrl Pts',(-0.462,0.302410579817935,-0.994469610847937));
#2631=CARTESIAN_POINT('Ctrl Pts',(-0.462,0.302410579817935,-0.694469610847937));
#2632=CARTESIAN_POINT('Ctrl Pts',(-0.462,0.0624105798179347,-0.694469610847937));
#2633=CARTESIAN_POINT('Ctrl Pts',(-0.462,0.0624105798179347,-0.469469610847937));
#2634=CARTESIAN_POINT('Ctrl Pts',(-0.462,-0.357589420182065,-0.469469610847938));
#2635=CARTESIAN_POINT('Ctrl Pts',(-0.462,-0.357589420182065,-0.994469610847937));
#2636=CARTESIAN_POINT('Ctrl Pts',(-0.462,-0.357589420182065,-1.51946961084794));
#2637=CARTESIAN_POINT('Ctrl Pts',(-0.462,0.0624105798179348,-1.51946961084794));
#2638=CARTESIAN_POINT('Ctrl Pts',(-0.462,0.482410579817935,-1.51946961084794));
#2639=CARTESIAN_POINT('Ctrl Pts',(-0.462,0.482410579817935,-0.994469610847937));
#2640=CARTESIAN_POINT('Ctrl Pts',(-0.462,0.482410579817935,-0.469469610847938));
#2641=CARTESIAN_POINT('Ctrl Pts',(-0.462,0.0624105798179347,-0.469469610847937));
#2642=CARTESIAN_POINT('Ctrl Pts',(-0.462,0.0624105798179347,-0.244469610847937));
#2643=CARTESIAN_POINT('Ctrl Pts',(-0.462,-0.537589420182065,-0.244469610847937));
#2644=CARTESIAN_POINT('Ctrl Pts',(-0.462,-0.537589420182065,-0.994469610847937));
#2645=CARTESIAN_POINT('Ctrl Pts',(-0.462,-0.537589420182065,-1.74446961084794));
#2646=CARTESIAN_POINT('Ctrl Pts',(-0.462,0.0624105798179349,-1.74446961084794));
#2647=CARTESIAN_POINT('Ctrl Pts',(-0.462,0.662410579817935,-1.74446961084794));
#2648=CARTESIAN_POINT('Ctrl Pts',(-0.462,0.662410579817935,-0.994469610847937));
#2649=CARTESIAN_POINT('Ctrl Pts',(-0.462,0.662410579817934,-0.244469610847937));
#2650=CARTESIAN_POINT('Ctrl Pts',(-0.462,0.0624105798179347,-0.244469610847937));
#2651=CARTESIAN_POINT('Ctrl Pts',(-0.282,0.0624105798179347,-0.244469610847937));
#2652=CARTESIAN_POINT('Ctrl Pts',(-0.282,-0.537589420182065,-0.244469610847937));
#2653=CARTESIAN_POINT('Ctrl Pts',(-0.282,-0.537589420182065,-0.994469610847937));
#2654=CARTESIAN_POINT('Ctrl Pts',(-0.282,-0.537589420182065,-1.74446961084794));
#2655=CARTESIAN_POINT('Ctrl Pts',(-0.282,0.0624105798179349,-1.74446961084794));
#2656=CARTESIAN_POINT('Ctrl Pts',(-0.282,0.662410579817935,-1.74446961084794));
#2657=CARTESIAN_POINT('Ctrl Pts',(-0.282,0.662410579817935,-0.994469610847937));
#2658=CARTESIAN_POINT('Ctrl Pts',(-0.282,0.662410579817934,-0.244469610847937));
#2659=CARTESIAN_POINT('Ctrl Pts',(-0.282,0.0624105798179347,-0.244469610847937));
#2660=CARTESIAN_POINT('Ctrl Pts',(-0.102,0.0624105798179347,-0.244469610847937));
#2661=CARTESIAN_POINT('Ctrl Pts',(-0.102,-0.537589420182065,-0.244469610847937));
#2662=CARTESIAN_POINT('Ctrl Pts',(-0.102,-0.537589420182065,-0.994469610847937));
#2663=CARTESIAN_POINT('Ctrl Pts',(-0.102,-0.537589420182065,-1.74446961084794));
#2664=CARTESIAN_POINT('Ctrl Pts',(-0.102,0.0624105798179349,-1.74446961084794));
#2665=CARTESIAN_POINT('Ctrl Pts',(-0.102,0.662410579817935,-1.74446961084794));
#2666=CARTESIAN_POINT('Ctrl Pts',(-0.102,0.662410579817935,-0.994469610847937));
#2667=CARTESIAN_POINT('Ctrl Pts',(-0.102,0.662410579817934,-0.244469610847937));
#2668=CARTESIAN_POINT('Ctrl Pts',(-0.102,0.0624105798179347,-0.244469610847937));
#2669=CARTESIAN_POINT('Ctrl Pts',(-0.102,0.0624105798179347,-0.469469610847937));
#2670=CARTESIAN_POINT('Ctrl Pts',(-0.102,-0.357589420182065,-0.469469610847938));
#2671=CARTESIAN_POINT('Ctrl Pts',(-0.102,-0.357589420182065,-0.994469610847937));
#2672=CARTESIAN_POINT('Ctrl Pts',(-0.102,-0.357589420182065,-1.51946961084794));
#2673=CARTESIAN_POINT('Ctrl Pts',(-0.102,0.0624105798179348,-1.51946961084794));
#2674=CARTESIAN_POINT('Ctrl Pts',(-0.102,0.482410579817935,-1.51946961084794));
#2675=CARTESIAN_POINT('Ctrl Pts',(-0.102,0.482410579817935,-0.994469610847937));
#2676=CARTESIAN_POINT('Ctrl Pts',(-0.102,0.482410579817935,-0.469469610847938));
#2677=CARTESIAN_POINT('Ctrl Pts',(-0.102,0.0624105798179347,-0.469469610847937));
#2678=CARTESIAN_POINT('Ctrl Pts',(-0.102,0.0624105798179347,-0.694469610847937));
#2679=CARTESIAN_POINT('Ctrl Pts',(-0.102,-0.177589420182065,-0.694469610847937));
#2680=CARTESIAN_POINT('Ctrl Pts',(-0.102,-0.177589420182065,-0.994469610847937));
#2681=CARTESIAN_POINT('Ctrl Pts',(-0.102,-0.177589420182065,-1.29446961084794));
#2682=CARTESIAN_POINT('Ctrl Pts',(-0.102,0.0624105798179348,-1.29446961084794));
#2683=CARTESIAN_POINT('Ctrl Pts',(-0.102,0.302410579817935,-1.29446961084794));
#2684=CARTESIAN_POINT('Ctrl Pts',(-0.102,0.302410579817935,-0.994469610847937));
#2685=CARTESIAN_POINT('Ctrl Pts',(-0.102,0.302410579817935,-0.694469610847937));
#2686=CARTESIAN_POINT('Ctrl Pts',(-0.102,0.0624105798179347,-0.694469610847937));
#2687=CARTESIAN_POINT('Ctrl Pts',(-0.282,0.0624105798179347,-0.694469610847937));
#2688=CARTESIAN_POINT('Ctrl Pts',(-0.282,-0.177589420182065,-0.694469610847937));
#2689=CARTESIAN_POINT('Ctrl Pts',(-0.282,-0.177589420182065,-0.994469610847937));
#2690=CARTESIAN_POINT('Ctrl Pts',(-0.282,-0.177589420182065,-1.29446961084794));
#2691=CARTESIAN_POINT('Ctrl Pts',(-0.282,0.0624105798179348,-1.29446961084794));
#2692=CARTESIAN_POINT('Ctrl Pts',(-0.282,0.302410579817935,-1.29446961084794));
#2693=CARTESIAN_POINT('Ctrl Pts',(-0.282,0.302410579817935,-0.994469610847937));
#2694=CARTESIAN_POINT('Ctrl Pts',(-0.282,0.302410579817935,-0.694469610847937));
#2695=CARTESIAN_POINT('Ctrl Pts',(-0.282,0.0624105798179347,-0.694469610847937));
#2696=CARTESIAN_POINT('',(-0.462,0.482410473145234,-0.994843787146387));
#2697=CARTESIAN_POINT('',(-0.282,0.662410427428363,-0.995004148417151));
#2698=CARTESIAN_POINT('Origin',(-0.282,0.482410473145234,-0.994843787146387));
#2699=CARTESIAN_POINT('Origin',(-0.282,0.0624105798179348,-0.994469610847937));
#2700=CARTESIAN_POINT('Origin',(-0.462,0.0624105798179348,-0.994469610847937));
#2701=CARTESIAN_POINT('Ctrl Pts',(-0.282,-6.6177069033004,-9.63866729442458));
#2702=CARTESIAN_POINT('Ctrl Pts',(-0.282,-13.5378260830529,-9.63866729442458));
#2703=CARTESIAN_POINT('Ctrl Pts',(-0.282,-13.5378260830529,-0.988518319733931));
#2704=CARTESIAN_POINT('Ctrl Pts',(-0.282,-13.5378260830529,7.66163065495672));
#2705=CARTESIAN_POINT('Ctrl Pts',(-0.282,-6.6177069033004,7.66163065495672));
#2706=CARTESIAN_POINT('Ctrl Pts',(-0.282,0.302412276452117,7.66163065495671));
#2707=CARTESIAN_POINT('Ctrl Pts',(-0.282,0.302412276452118,-0.988518319733933));
#2708=CARTESIAN_POINT('Ctrl Pts',(-0.282,0.302412276452115,-9.63866729442458));
#2709=CARTESIAN_POINT('Ctrl Pts',(-0.282,-6.6177069033004,-9.63866729442458));
#2710=CARTESIAN_POINT('Ctrl Pts',(-0.102,-6.6177069033004,-9.63866729442458));
#2711=CARTESIAN_POINT('Ctrl Pts',(-0.102,-13.5378260830529,-9.63866729442458));
#2712=CARTESIAN_POINT('Ctrl Pts',(-0.102,-13.5378260830529,-0.988518319733931));
#2713=CARTESIAN_POINT('Ctrl Pts',(-0.102,-13.5378260830529,7.66163065495672));
#2714=CARTESIAN_POINT('Ctrl Pts',(-0.102,-6.6177069033004,7.66163065495672));
#2715=CARTESIAN_POINT('Ctrl Pts',(-0.102,0.302412276452117,7.66163065495671));
#2716=CARTESIAN_POINT('Ctrl Pts',(-0.102,0.302412276452118,-0.988518319733933));
#2717=CARTESIAN_POINT('Ctrl Pts',(-0.102,0.302412276452115,-9.63866729442458));
#2718=CARTESIAN_POINT('Ctrl Pts',(-0.102,-6.6177069033004,-9.63866729442458));
#2719=CARTESIAN_POINT('Ctrl Pts',(-0.102,-6.6177069033004,-9.86366729442458));
#2720=CARTESIAN_POINT('Ctrl Pts',(-0.102,-13.7178260830529,-9.86366729442457));
#2721=CARTESIAN_POINT('Ctrl Pts',(-0.102,-13.7178260830529,-0.988518319733931));
#2722=CARTESIAN_POINT('Ctrl Pts',(-0.102,-13.7178260830529,7.88663065495672));
#2723=CARTESIAN_POINT('Ctrl Pts',(-0.102,-6.6177069033004,7.88663065495672));
#2724=CARTESIAN_POINT('Ctrl Pts',(-0.102,0.482412276452117,7.88663065495671));
#2725=CARTESIAN_POINT('Ctrl Pts',(-0.102,0.482412276452118,-0.988518319733933));
#2726=CARTESIAN_POINT('Ctrl Pts',(-0.102,0.482412276452115,-9.86366729442458));
#2727=CARTESIAN_POINT('Ctrl Pts',(-0.102,-6.6177069033004,-9.86366729442458));
#2728=CARTESIAN_POINT('Ctrl Pts',(-0.102,-6.6177069033004,-10.0886672944246));
#2729=CARTESIAN_POINT('Ctrl Pts',(-0.102,-13.8978260830529,-10.0886672944246));
#2730=CARTESIAN_POINT('Ctrl Pts',(-0.102,-13.8978260830529,-0.988518319733931));
#2731=CARTESIAN_POINT('Ctrl Pts',(-0.102,-13.8978260830529,8.11163065495671));
#2732=CARTESIAN_POINT('Ctrl Pts',(-0.102,-6.6177069033004,8.11163065495671));
#2733=CARTESIAN_POINT('Ctrl Pts',(-0.102,0.662412276452117,8.11163065495671));
#2734=CARTESIAN_POINT('Ctrl Pts',(-0.102,0.662412276452118,-0.988518319733933));
#2735=CARTESIAN_POINT('Ctrl Pts',(-0.102,0.662412276452116,-10.0886672944246));
#2736=CARTESIAN_POINT('Ctrl Pts',(-0.102,-6.6177069033004,-10.0886672944246));
#2737=CARTESIAN_POINT('Ctrl Pts',(-0.282,-6.6177069033004,-10.0886672944246));
#2738=CARTESIAN_POINT('Ctrl Pts',(-0.282,-13.8978260830529,-10.0886672944246));
#2739=CARTESIAN_POINT('Ctrl Pts',(-0.282,-13.8978260830529,-0.988518319733931));
#2740=CARTESIAN_POINT('Ctrl Pts',(-0.282,-13.8978260830529,8.11163065495671));
#2741=CARTESIAN_POINT('Ctrl Pts',(-0.282,-6.6177069033004,8.11163065495671));
#2742=CARTESIAN_POINT('Ctrl Pts',(-0.282,0.662412276452117,8.11163065495671));
#2743=CARTESIAN_POINT('Ctrl Pts',(-0.282,0.662412276452118,-0.988518319733933));
#2744=CARTESIAN_POINT('Ctrl Pts',(-0.282,0.662412276452116,-10.0886672944246));
#2745=CARTESIAN_POINT('Ctrl Pts',(-0.282,-6.6177069033004,-10.0886672944246));
#2746=CARTESIAN_POINT('Ctrl Pts',(-0.462,-6.6177069033004,-10.0886672944246));
#2747=CARTESIAN_POINT('Ctrl Pts',(-0.462,-13.8978260830529,-10.0886672944246));
#2748=CARTESIAN_POINT('Ctrl Pts',(-0.462,-13.8978260830529,-0.988518319733931));
#2749=CARTESIAN_POINT('Ctrl Pts',(-0.462,-13.8978260830529,8.11163065495671));
#2750=CARTESIAN_POINT('Ctrl Pts',(-0.462,-6.6177069033004,8.11163065495671));
#2751=CARTESIAN_POINT('Ctrl Pts',(-0.462,0.662412276452117,8.11163065495671));
#2752=CARTESIAN_POINT('Ctrl Pts',(-0.462,0.662412276452118,-0.988518319733933));
#2753=CARTESIAN_POINT('Ctrl Pts',(-0.462,0.662412276452116,-10.0886672944246));
#2754=CARTESIAN_POINT('Ctrl Pts',(-0.462,-6.6177069033004,-10.0886672944246));
#2755=CARTESIAN_POINT('Ctrl Pts',(-0.462,-6.6177069033004,-9.86366729442458));
#2756=CARTESIAN_POINT('Ctrl Pts',(-0.462,-13.7178260830529,-9.86366729442457));
#2757=CARTESIAN_POINT('Ctrl Pts',(-0.462,-13.7178260830529,-0.988518319733931));
#2758=CARTESIAN_POINT('Ctrl Pts',(-0.462,-13.7178260830529,7.88663065495672));
#2759=CARTESIAN_POINT('Ctrl Pts',(-0.462,-6.6177069033004,7.88663065495672));
#2760=CARTESIAN_POINT('Ctrl Pts',(-0.462,0.482412276452117,7.88663065495671));
#2761=CARTESIAN_POINT('Ctrl Pts',(-0.462,0.482412276452118,-0.988518319733933));
#2762=CARTESIAN_POINT('Ctrl Pts',(-0.462,0.482412276452115,-9.86366729442458));
#2763=CARTESIAN_POINT('Ctrl Pts',(-0.462,-6.6177069033004,-9.86366729442458));
#2764=CARTESIAN_POINT('Ctrl Pts',(-0.462,-6.6177069033004,-9.63866729442458));
#2765=CARTESIAN_POINT('Ctrl Pts',(-0.462,-13.5378260830529,-9.63866729442458));
#2766=CARTESIAN_POINT('Ctrl Pts',(-0.462,-13.5378260830529,-0.988518319733931));
#2767=CARTESIAN_POINT('Ctrl Pts',(-0.462,-13.5378260830529,7.66163065495672));
#2768=CARTESIAN_POINT('Ctrl Pts',(-0.462,-6.6177069033004,7.66163065495672));
#2769=CARTESIAN_POINT('Ctrl Pts',(-0.462,0.302412276452117,7.66163065495671));
#2770=CARTESIAN_POINT('Ctrl Pts',(-0.462,0.302412276452118,-0.988518319733933));
#2771=CARTESIAN_POINT('Ctrl Pts',(-0.462,0.302412276452115,-9.63866729442458));
#2772=CARTESIAN_POINT('Ctrl Pts',(-0.462,-6.6177069033004,-9.63866729442458));
#2773=CARTESIAN_POINT('Ctrl Pts',(-0.282,-6.6177069033004,-9.63866729442458));
#2774=CARTESIAN_POINT('Ctrl Pts',(-0.282,-13.5378260830529,-9.63866729442458));
#2775=CARTESIAN_POINT('Ctrl Pts',(-0.282,-13.5378260830529,-0.988518319733931));
#2776=CARTESIAN_POINT('Ctrl Pts',(-0.282,-13.5378260830529,7.66163065495672));
#2777=CARTESIAN_POINT('Ctrl Pts',(-0.282,-6.6177069033004,7.66163065495672));
#2778=CARTESIAN_POINT('Ctrl Pts',(-0.282,0.302412276452117,7.66163065495671));
#2779=CARTESIAN_POINT('Ctrl Pts',(-0.282,0.302412276452118,-0.988518319733933));
#2780=CARTESIAN_POINT('Ctrl Pts',(-0.282,0.302412276452115,-9.63866729442458));
#2781=CARTESIAN_POINT('Ctrl Pts',(-0.282,-6.6177069033004,-9.63866729442458));
#2782=CARTESIAN_POINT('',(-0.462,-0.449088705073669,3.40605253018907));
#2783=CARTESIAN_POINT('Origin',(-0.282,-0.449088705073669,3.40605253018907));
#2784=CARTESIAN_POINT('Origin',(-0.282,-6.6177069033004,-0.988518319733932));
#2785=CARTESIAN_POINT('Origin',(-0.462,-6.6177069033004,-0.988518319733932));
#2786=CARTESIAN_POINT('Ctrl Pts',(-0.282,-1.33526968357529,3.82473041383586));
#2787=CARTESIAN_POINT('Ctrl Pts',(-0.282,-2.17526968357529,3.82473041383586));
#2788=CARTESIAN_POINT('Ctrl Pts',(-0.282,-2.17526968357529,2.77473041383586));
#2789=CARTESIAN_POINT('Ctrl Pts',(-0.282,-2.17526968357529,1.72473041383586));
#2790=CARTESIAN_POINT('Ctrl Pts',(-0.282,-1.33526968357529,1.72473041383586));
#2791=CARTESIAN_POINT('Ctrl Pts',(-0.282,-0.495269683575293,1.72473041383586));
#2792=CARTESIAN_POINT('Ctrl Pts',(-0.282,-0.495269683575293,2.77473041383586));
#2793=CARTESIAN_POINT('Ctrl Pts',(-0.282,-0.495269683575293,3.82473041383586));
#2794=CARTESIAN_POINT('Ctrl Pts',(-0.282,-1.33526968357529,3.82473041383586));
#2795=CARTESIAN_POINT('Ctrl Pts',(-0.462,-1.33526968357529,3.82473041383586));
#2796=CARTESIAN_POINT('Ctrl Pts',(-0.462,-2.17526968357529,3.82473041383586));
#2797=CARTESIAN_POINT('Ctrl Pts',(-0.462,-2.17526968357529,2.77473041383586));
#2798=CARTESIAN_POINT('Ctrl Pts',(-0.462,-2.17526968357529,1.72473041383586));
#2799=CARTESIAN_POINT('Ctrl Pts',(-0.462,-1.33526968357529,1.72473041383586));
#2800=CARTESIAN_POINT('Ctrl Pts',(-0.462,-0.495269683575293,1.72473041383586));
#2801=CARTESIAN_POINT('Ctrl Pts',(-0.462,-0.495269683575293,2.77473041383586));
#2802=CARTESIAN_POINT('Ctrl Pts',(-0.462,-0.495269683575293,3.82473041383586));
#2803=CARTESIAN_POINT('Ctrl Pts',(-0.462,-1.33526968357529,3.82473041383586));
#2804=CARTESIAN_POINT('Ctrl Pts',(-0.462,-1.33526968357529,4.04973041383586));
#2805=CARTESIAN_POINT('Ctrl Pts',(-0.462,-2.35526968357529,4.04973041383586));
#2806=CARTESIAN_POINT('Ctrl Pts',(-0.462,-2.35526968357529,2.77473041383586));
#2807=CARTESIAN_POINT('Ctrl Pts',(-0.462,-2.35526968357529,1.49973041383586));
#2808=CARTESIAN_POINT('Ctrl Pts',(-0.462,-1.33526968357529,1.49973041383586));
#2809=CARTESIAN_POINT('Ctrl Pts',(-0.462,-0.315269683575293,1.49973041383586));
#2810=CARTESIAN_POINT('Ctrl Pts',(-0.462,-0.315269683575293,2.77473041383586));
#2811=CARTESIAN_POINT('Ctrl Pts',(-0.462,-0.315269683575293,4.04973041383586));
#2812=CARTESIAN_POINT('Ctrl Pts',(-0.462,-1.33526968357529,4.04973041383586));
#2813=CARTESIAN_POINT('Ctrl Pts',(-0.462,-1.33526968357529,4.27473041383587));
#2814=CARTESIAN_POINT('Ctrl Pts',(-0.462,-2.53526968357529,4.27473041383587));
#2815=CARTESIAN_POINT('Ctrl Pts',(-0.462,-2.53526968357529,2.77473041383586));
#2816=CARTESIAN_POINT('Ctrl Pts',(-0.462,-2.53526968357529,1.27473041383586));
#2817=CARTESIAN_POINT('Ctrl Pts',(-0.462,-1.33526968357529,1.27473041383586));
#2818=CARTESIAN_POINT('Ctrl Pts',(-0.462,-0.135269683575293,1.27473041383586));
#2819=CARTESIAN_POINT('Ctrl Pts',(-0.462,-0.135269683575293,2.77473041383586));
#2820=CARTESIAN_POINT('Ctrl Pts',(-0.462,-0.135269683575293,4.27473041383587));
#2821=CARTESIAN_POINT('Ctrl Pts',(-0.462,-1.33526968357529,4.27473041383587));
#2822=CARTESIAN_POINT('Ctrl Pts',(-0.282,-1.33526968357529,4.27473041383587));
#2823=CARTESIAN_POINT('Ctrl Pts',(-0.282,-2.53526968357529,4.27473041383587));
#2824=CARTESIAN_POINT('Ctrl Pts',(-0.282,-2.53526968357529,2.77473041383586));
#2825=CARTESIAN_POINT('Ctrl Pts',(-0.282,-2.53526968357529,1.27473041383586));
#2826=CARTESIAN_POINT('Ctrl Pts',(-0.282,-1.33526968357529,1.27473041383586));
#2827=CARTESIAN_POINT('Ctrl Pts',(-0.282,-0.135269683575293,1.27473041383586));
#2828=CARTESIAN_POINT('Ctrl Pts',(-0.282,-0.135269683575293,2.77473041383586));
#2829=CARTESIAN_POINT('Ctrl Pts',(-0.282,-0.135269683575293,4.27473041383587));
#2830=CARTESIAN_POINT('Ctrl Pts',(-0.282,-1.33526968357529,4.27473041383587));
#2831=CARTESIAN_POINT('Ctrl Pts',(-0.102,-1.33526968357529,4.27473041383587));
#2832=CARTESIAN_POINT('Ctrl Pts',(-0.102,-2.53526968357529,4.27473041383587));
#2833=CARTESIAN_POINT('Ctrl Pts',(-0.102,-2.53526968357529,2.77473041383586));
#2834=CARTESIAN_POINT('Ctrl Pts',(-0.102,-2.53526968357529,1.27473041383586));
#2835=CARTESIAN_POINT('Ctrl Pts',(-0.102,-1.33526968357529,1.27473041383586));
#2836=CARTESIAN_POINT('Ctrl Pts',(-0.102,-0.135269683575293,1.27473041383586));
#2837=CARTESIAN_POINT('Ctrl Pts',(-0.102,-0.135269683575293,2.77473041383586));
#2838=CARTESIAN_POINT('Ctrl Pts',(-0.102,-0.135269683575293,4.27473041383587));
#2839=CARTESIAN_POINT('Ctrl Pts',(-0.102,-1.33526968357529,4.27473041383587));
#2840=CARTESIAN_POINT('Ctrl Pts',(-0.102,-1.33526968357529,4.04973041383586));
#2841=CARTESIAN_POINT('Ctrl Pts',(-0.102,-2.35526968357529,4.04973041383586));
#2842=CARTESIAN_POINT('Ctrl Pts',(-0.102,-2.35526968357529,2.77473041383586));
#2843=CARTESIAN_POINT('Ctrl Pts',(-0.102,-2.35526968357529,1.49973041383586));
#2844=CARTESIAN_POINT('Ctrl Pts',(-0.102,-1.33526968357529,1.49973041383586));
#2845=CARTESIAN_POINT('Ctrl Pts',(-0.102,-0.315269683575293,1.49973041383586));
#2846=CARTESIAN_POINT('Ctrl Pts',(-0.102,-0.315269683575293,2.77473041383586));
#2847=CARTESIAN_POINT('Ctrl Pts',(-0.102,-0.315269683575293,4.04973041383586));
#2848=CARTESIAN_POINT('Ctrl Pts',(-0.102,-1.33526968357529,4.04973041383586));
#2849=CARTESIAN_POINT('Ctrl Pts',(-0.102,-1.33526968357529,3.82473041383586));
#2850=CARTESIAN_POINT('Ctrl Pts',(-0.102,-2.17526968357529,3.82473041383586));
#2851=CARTESIAN_POINT('Ctrl Pts',(-0.102,-2.17526968357529,2.77473041383586));
#2852=CARTESIAN_POINT('Ctrl Pts',(-0.102,-2.17526968357529,1.72473041383586));
#2853=CARTESIAN_POINT('Ctrl Pts',(-0.102,-1.33526968357529,1.72473041383586));
#2854=CARTESIAN_POINT('Ctrl Pts',(-0.102,-0.495269683575293,1.72473041383586));
#2855=CARTESIAN_POINT('Ctrl Pts',(-0.102,-0.495269683575293,2.77473041383586));
#2856=CARTESIAN_POINT('Ctrl Pts',(-0.102,-0.495269683575293,3.82473041383586));
#2857=CARTESIAN_POINT('Ctrl Pts',(-0.102,-1.33526968357529,3.82473041383586));
#2858=CARTESIAN_POINT('Ctrl Pts',(-0.282,-1.33526968357529,3.82473041383586));
#2859=CARTESIAN_POINT('Ctrl Pts',(-0.282,-2.17526968357529,3.82473041383586));
#2860=CARTESIAN_POINT('Ctrl Pts',(-0.282,-2.17526968357529,2.77473041383586));
#2861=CARTESIAN_POINT('Ctrl Pts',(-0.282,-2.17526968357529,1.72473041383586));
#2862=CARTESIAN_POINT('Ctrl Pts',(-0.282,-1.33526968357529,1.72473041383586));
#2863=CARTESIAN_POINT('Ctrl Pts',(-0.282,-0.495269683575293,1.72473041383586));
#2864=CARTESIAN_POINT('Ctrl Pts',(-0.282,-0.495269683575293,2.77473041383586));
#2865=CARTESIAN_POINT('Ctrl Pts',(-0.282,-0.495269683575293,3.82473041383586));
#2866=CARTESIAN_POINT('Ctrl Pts',(-0.282,-1.33526968357529,3.82473041383586));
#2867=CARTESIAN_POINT('Origin',(-0.462,-1.33526968357529,2.77473041383586));
#2868=CARTESIAN_POINT('Ctrl Pts',(-0.282,-1.12232882916479,3.81018537614042));
#2869=CARTESIAN_POINT('Ctrl Pts',(-0.282,-1.23401360624282,3.5738298456575));
#2870=CARTESIAN_POINT('Ctrl Pts',(-0.282,-1.27149617218013,3.30335148981353));
#2871=CARTESIAN_POINT('Ctrl Pts',(0.15,-1.12232882916479,3.81018537614042));
#2872=CARTESIAN_POINT('Ctrl Pts',(0.15,-1.23401360624282,3.5738298456575));
#2873=CARTESIAN_POINT('Ctrl Pts',(0.15,-1.27149617218013,3.30335148981353));
#2874=CARTESIAN_POINT('',(-0.462,-1.12232882916479,3.81018537614042));
#2875=CARTESIAN_POINT('',(-0.066,-1.27149617218013,3.30335148981353));
#2876=CARTESIAN_POINT('Ctrl Pts',(-0.282,-1.27149617218013,3.30335148981353));
#2877=CARTESIAN_POINT('Ctrl Pts',(-0.282,-1.60120222861704,0.924155993806407));
#2878=CARTESIAN_POINT('Ctrl Pts',(-0.282,-0.943902013334102,-1.34638499483394));
#2879=CARTESIAN_POINT('Ctrl Pts',(0.15,-1.27149617218013,3.30335148981353));
#2880=CARTESIAN_POINT('Ctrl Pts',(0.15,-1.60120222861704,0.924155993806407));
#2881=CARTESIAN_POINT('Ctrl Pts',(0.15,-0.943902013334102,-1.34638499483394));
#2882=CARTESIAN_POINT('',(-0.066,-0.943902013334099,-1.34638499483394));
#2883=CARTESIAN_POINT('Ctrl Pts',(-0.282,-0.943902013334099,-1.34638499483394));
#2884=CARTESIAN_POINT('Ctrl Pts',(-0.282,-0.857018724493933,-1.64650975358601));
#2885=CARTESIAN_POINT('Ctrl Pts',(-0.282,-0.623759767314633,-1.77633464826114));
#2886=CARTESIAN_POINT('Ctrl Pts',(0.15,-0.943902013334099,-1.34638499483394));
#2887=CARTESIAN_POINT('Ctrl Pts',(0.15,-0.857018724493933,-1.64650975358601));
#2888=CARTESIAN_POINT('Ctrl Pts',(0.15,-0.623759767314633,-1.77633464826114));
#2889=CARTESIAN_POINT('',(-0.066,-0.623759767314633,-1.77633464826114));
#2890=CARTESIAN_POINT('Ctrl Pts',(-0.282,-0.623759767314633,-1.77633464826114));
#2891=CARTESIAN_POINT('Ctrl Pts',(-0.282,-0.379768183753599,-1.91213299881743));
#2892=CARTESIAN_POINT('Ctrl Pts',(-0.282,-0.116957051737917,-1.85264869644888));
#2893=CARTESIAN_POINT('Ctrl Pts',(0.15,-0.623759767314633,-1.77633464826114));
#2894=CARTESIAN_POINT('Ctrl Pts',(0.15,-0.379768183753599,-1.91213299881743));
#2895=CARTESIAN_POINT('Ctrl Pts',(0.15,-0.116957051737917,-1.85264869644888));
#2896=CARTESIAN_POINT('',(-0.066,-0.116957051737917,-1.85264869644888));
#2897=CARTESIAN_POINT('Ctrl Pts',(-0.282,0.0221523940067874,-1.82221850519225));
#2898=CARTESIAN_POINT('Ctrl Pts',(-0.282,-0.0474739544052292,-1.83692198982297));
#2899=CARTESIAN_POINT('Ctrl Pts',(-0.282,-0.116957051737915,-1.8526486964489));
#2900=CARTESIAN_POINT('Ctrl Pts',(0.15,0.0221523940067874,-1.82221850519225));
#2901=CARTESIAN_POINT('Ctrl Pts',(0.15,-0.0474739544052292,-1.83692198982297));
#2902=CARTESIAN_POINT('Ctrl Pts',(0.15,-0.116957051737915,-1.8526486964489));
#2903=CARTESIAN_POINT('',(-0.066,0.0221523940067816,-1.82221850519223));
#2904=CARTESIAN_POINT('Ctrl Pts',(-0.282,0.0221523940067812,-1.82221850519223));
#2905=CARTESIAN_POINT('Ctrl Pts',(-0.282,0.285505355327239,-1.7666044121435));
#2906=CARTESIAN_POINT('Ctrl Pts',(-0.282,0.478102859908165,-1.53530219855615));
#2907=CARTESIAN_POINT('Ctrl Pts',(0.15,0.0221523940067812,-1.82221850519223));
#2908=CARTESIAN_POINT('Ctrl Pts',(0.15,0.285505355327239,-1.7666044121435));
#2909=CARTESIAN_POINT('Ctrl Pts',(0.15,0.478102859908165,-1.53530219855615));
#2910=CARTESIAN_POINT('',(-0.066,0.478102859908165,-1.53530219855615));
#2911=CARTESIAN_POINT('Ctrl Pts',(-0.282,0.478102859908164,-1.53530219855615));
#2912=CARTESIAN_POINT('Ctrl Pts',(-0.282,0.662228444972225,-1.31417443526529));
#2913=CARTESIAN_POINT('Ctrl Pts',(-0.282,0.662410427428362,-0.995004148417151));
#2914=CARTESIAN_POINT('Ctrl Pts',(0.15,0.478102859908164,-1.53530219855615));
#2915=CARTESIAN_POINT('Ctrl Pts',(0.15,0.662228444972225,-1.31417443526529));
#2916=CARTESIAN_POINT('Ctrl Pts',(0.15,0.662410427428362,-0.995004148417151));
#2917=CARTESIAN_POINT('',(-0.066,0.662410427428363,-0.995004148417151));
#2918=CARTESIAN_POINT('Ctrl Pts',(-0.282,0.662410427428366,-0.995004148417152));
#2919=CARTESIAN_POINT('Ctrl Pts',(-0.282,0.663787183639988,1.41962242773764));
#2920=CARTESIAN_POINT('Ctrl Pts',(-0.282,-0.292703826514558,3.51746231542789));
#2921=CARTESIAN_POINT('Ctrl Pts',(0.15,0.662410427428366,-0.995004148417152));
#2922=CARTESIAN_POINT('Ctrl Pts',(0.15,0.663787183639988,1.41962242773764));
#2923=CARTESIAN_POINT('Ctrl Pts',(0.15,-0.292703826514558,3.51746231542789));
#2924=CARTESIAN_POINT('Ctrl Pts',(-0.462,-0.814399492410551,2.81023799873014));
#2925=CARTESIAN_POINT('Ctrl Pts',(-0.462,-0.774830221847323,2.78977998364017));
#2926=CARTESIAN_POINT('Ctrl Pts',(-0.462,-0.733162168067589,2.7774460928798));
#2927=CARTESIAN_POINT('Ctrl Pts',(0.33,-0.814399492410551,2.81023799873014));
#2928=CARTESIAN_POINT('Ctrl Pts',(0.33,-0.774830221847323,2.78977998364017));
#2929=CARTESIAN_POINT('Ctrl Pts',(0.33,-0.733162168067589,2.7774460928798));
#2930=CARTESIAN_POINT('',(-0.462,-0.733162168067592,2.77744609287979));
#2931=CARTESIAN_POINT('',(-0.462,-0.733162168067592,2.77744609287979));
#2932=CARTESIAN_POINT('',(-0.462,-0.814399492410552,2.81023799873014));
#2933=CARTESIAN_POINT('Origin',(-0.462,-0.609829210143611,3.428478026891));
#2934=CARTESIAN_POINT('',(-0.462,-0.814399492410552,2.81023799873014));
#2935=CARTESIAN_POINT('Ctrl Pts',(-0.462,-0.960144834476373,3.06674272679839));
#2936=CARTESIAN_POINT('Ctrl Pts',(-0.462,-0.907848199878092,2.92022278118845));
#2937=CARTESIAN_POINT('Ctrl Pts',(-0.462,-0.814399492410553,2.81023799873014));
#2938=CARTESIAN_POINT('Ctrl Pts',(0.33,-0.960144834476373,3.06674272679839));
#2939=CARTESIAN_POINT('Ctrl Pts',(0.33,-0.907848199878092,2.92022278118845));
#2940=CARTESIAN_POINT('Ctrl Pts',(0.33,-0.814399492410553,2.81023799873014));
#2941=CARTESIAN_POINT('',(-0.462,-0.960144834476374,3.06674272679839));
#2942=CARTESIAN_POINT('Origin',(-0.462,-0.375650398150404,3.39271255289039));
#2943=CARTESIAN_POINT('',(-0.462,-0.960144834476374,3.06674272679839));
#2944=CARTESIAN_POINT('Ctrl Pts',(-0.462,-1.12232882916479,3.81018537614042));
#2945=CARTESIAN_POINT('Ctrl Pts',(-0.462,-1.06978719855545,3.42873227245504));
#2946=CARTESIAN_POINT('Ctrl Pts',(-0.462,-0.960144834476373,3.06674272679839));
#2947=CARTESIAN_POINT('Ctrl Pts',(0.33,-1.12232882916479,3.81018537614042));
#2948=CARTESIAN_POINT('Ctrl Pts',(0.33,-1.06978719855545,3.42873227245504));
#2949=CARTESIAN_POINT('Ctrl Pts',(0.33,-0.960144834476373,3.06674272679839));
#2950=CARTESIAN_POINT('Origin',(-0.462,2.05620554007483,4.49426921687912));
#2951=CARTESIAN_POINT('Ctrl Pts',(-0.462,-0.661840428615,2.836088416613));
#2952=CARTESIAN_POINT('Ctrl Pts',(-0.462,-0.595188253478738,2.97320154278132));
#2953=CARTESIAN_POINT('Ctrl Pts',(-0.462,-0.575984190261122,3.13183694630947));
#2954=CARTESIAN_POINT('Ctrl Pts',(0.33,-0.661840428615,2.836088416613));
#2955=CARTESIAN_POINT('Ctrl Pts',(0.33,-0.595188253478738,2.97320154278132));
#2956=CARTESIAN_POINT('Ctrl Pts',(0.33,-0.575984190261122,3.13183694630947));
#2957=CARTESIAN_POINT('',(-0.462,-0.661840428615004,2.836088416613));
#2958=CARTESIAN_POINT('Origin',(-0.462,-1.20880936898027,3.25153767266389));
#2959=CARTESIAN_POINT('',(-0.462,-0.661840428615004,2.836088416613));
#2960=CARTESIAN_POINT('Ctrl Pts',(-0.462,-0.733162168067592,2.77744609287979));
#2961=CARTESIAN_POINT('Ctrl Pts',(-0.462,-0.695624653455361,2.8032009957429));
#2962=CARTESIAN_POINT('Ctrl Pts',(-0.462,-0.661840428614998,2.836088416613));
#2963=CARTESIAN_POINT('Ctrl Pts',(0.33,-0.733162168067592,2.77744609287979));
#2964=CARTESIAN_POINT('Ctrl Pts',(0.33,-0.695624653455361,2.8032009957429));
#2965=CARTESIAN_POINT('Ctrl Pts',(0.33,-0.661840428614998,2.836088416613));
#2966=CARTESIAN_POINT('Origin',(-0.462,-0.990698772928473,3.36394146569365));
#2967=CARTESIAN_POINT('Origin',(-0.462,-0.357955359254111,1.14832524225295));
#2968=CARTESIAN_POINT('Ctrl Pts',(0.149999999999998,-0.80746200747664,3.59156410354431));
#2969=CARTESIAN_POINT('Ctrl Pts',(0.149999999999998,-0.807462007476645,
3.59156410354431));
#2970=CARTESIAN_POINT('Ctrl Pts',(0.149999999999998,-0.807462007476651,
3.59156410354431));
#2971=CARTESIAN_POINT('Ctrl Pts',(0.149999999999998,-0.807462007476667,
3.59156410354431));
#2972=CARTESIAN_POINT('Ctrl Pts',(0.149999999999998,-0.807462007476667,
3.59156410354429));
#2973=CARTESIAN_POINT('Ctrl Pts',(0.149999999999998,-0.807462007476667,
3.59156410354427));
#2974=CARTESIAN_POINT('Ctrl Pts',(0.149999999999998,-0.807462007476651,
3.59156410354427));
#2975=CARTESIAN_POINT('Ctrl Pts',(0.149999999999998,-0.807462007476634,
3.59156410354427));
#2976=CARTESIAN_POINT('Ctrl Pts',(0.149999999999998,-0.807462007476634,
3.59156410354429));
#2977=CARTESIAN_POINT('Ctrl Pts',(0.149999999999998,-0.807462007476634,
3.5915641035443));
#2978=CARTESIAN_POINT('Ctrl Pts',(0.149999999999998,-0.80746200747664,3.59156410354431));
#2979=CARTESIAN_POINT('Ctrl Pts',(-0.0300000000000016,-0.807462007476638,
3.59156410354431));
#2980=CARTESIAN_POINT('Ctrl Pts',(-0.0300000000000016,-0.807462007476643,
3.59156410354431));
#2981=CARTESIAN_POINT('Ctrl Pts',(-0.0300000000000016,-0.807462007476648,
3.59156410354431));
#2982=CARTESIAN_POINT('Ctrl Pts',(-0.0300000000000016,-0.807462007476665,
3.59156410354431));
#2983=CARTESIAN_POINT('Ctrl Pts',(-0.0300000000000016,-0.807462007476665,
3.59156410354429));
#2984=CARTESIAN_POINT('Ctrl Pts',(-0.0300000000000015,-0.807462007476665,
3.59156410354427));
#2985=CARTESIAN_POINT('Ctrl Pts',(-0.0300000000000015,-0.807462007476648,
3.59156410354427));
#2986=CARTESIAN_POINT('Ctrl Pts',(-0.0300000000000015,-0.807462007476632,
3.59156410354427));
#2987=CARTESIAN_POINT('Ctrl Pts',(-0.0300000000000016,-0.807462007476632,
3.59156410354429));
#2988=CARTESIAN_POINT('Ctrl Pts',(-0.0300000000000016,-0.807462007476632,
3.5915641035443));
#2989=CARTESIAN_POINT('Ctrl Pts',(-0.0300000000000016,-0.807462007476638,
3.59156410354431));
#2990=CARTESIAN_POINT('Ctrl Pts',(-0.0299999999999982,-0.694360361125499,
3.76659989270908));
#2991=CARTESIAN_POINT('Ctrl Pts',(-0.0299999999999982,-0.743848023132545,
3.81656410354431));
#2992=CARTESIAN_POINT('Ctrl Pts',(-0.029999999999999,-0.807462007476648,
3.81656410354431));
#2993=CARTESIAN_POINT('Ctrl Pts',(-0.0300000000000012,-0.987462007476664,
3.81656410354431));
#2994=CARTESIAN_POINT('Ctrl Pts',(-0.0300000000000037,-0.987462007476664,
3.59156410354429));
#2995=CARTESIAN_POINT('Ctrl Pts',(-0.0300000000000063,-0.987462007476664,
3.36656410354427));
#2996=CARTESIAN_POINT('Ctrl Pts',(-0.0300000000000041,-0.807462007476648,
3.36656410354427));
#2997=CARTESIAN_POINT('Ctrl Pts',(-0.0300000000000019,-0.627462007476632,
3.36656410354427));
#2998=CARTESIAN_POINT('Ctrl Pts',(-0.0299999999999994,-0.627462007476632,
3.59156410354429));
#2999=CARTESIAN_POINT('Ctrl Pts',(-0.0299999999999982,-0.627462007476632,
3.69905733137801));
#3000=CARTESIAN_POINT('Ctrl Pts',(-0.0299999999999982,-0.694360361125499,
3.76659989270908));
#3001=CARTESIAN_POINT('Ctrl Pts',(-0.0299999999999949,-0.581258714774361,
3.94163568187385));
#3002=CARTESIAN_POINT('Ctrl Pts',(-0.0299999999999949,-0.680234038788449,
4.04156410354431));
#3003=CARTESIAN_POINT('Ctrl Pts',(-0.0299999999999965,-0.807462007476648,
4.04156410354431));
#3004=CARTESIAN_POINT('Ctrl Pts',(-0.0300000000000008,-1.16746200747666,
4.04156410354431));
#3005=CARTESIAN_POINT('Ctrl Pts',(-0.0300000000000059,-1.16746200747666,
3.59156410354429));
#3006=CARTESIAN_POINT('Ctrl Pts',(-0.030000000000011,-1.16746200747666,
3.14156410354427));
#3007=CARTESIAN_POINT('Ctrl Pts',(-0.0300000000000067,-0.807462007476648,
3.14156410354427));
#3008=CARTESIAN_POINT('Ctrl Pts',(-0.0300000000000024,-0.447462007476633,
3.14156410354427));
#3009=CARTESIAN_POINT('Ctrl Pts',(-0.0299999999999973,-0.447462007476633,
3.59156410354429));
#3010=CARTESIAN_POINT('Ctrl Pts',(-0.0299999999999948,-0.447462007476633,
3.80655055921172));
#3011=CARTESIAN_POINT('Ctrl Pts',(-0.0299999999999949,-0.581258714774361,
3.94163568187385));
#3012=CARTESIAN_POINT('Ctrl Pts',(0.150000000000004,-0.581258714774363,
3.94163568187385));
#3013=CARTESIAN_POINT('Ctrl Pts',(0.150000000000004,-0.680234038788451,
4.04156410354431));
#3014=CARTESIAN_POINT('Ctrl Pts',(0.150000000000003,-0.807462007476651,
4.04156410354431));
#3015=CARTESIAN_POINT('Ctrl Pts',(0.149999999999998,-1.16746200747667,4.04156410354431));
#3016=CARTESIAN_POINT('Ctrl Pts',(0.149999999999993,-1.16746200747667,3.59156410354429));
#3017=CARTESIAN_POINT('Ctrl Pts',(0.149999999999988,-1.16746200747667,3.14156410354427));
#3018=CARTESIAN_POINT('Ctrl Pts',(0.149999999999993,-0.807462007476651,
3.14156410354427));
#3019=CARTESIAN_POINT('Ctrl Pts',(0.149999999999997,-0.447462007476635,
3.14156410354427));
#3020=CARTESIAN_POINT('Ctrl Pts',(0.150000000000002,-0.447462007476635,
3.59156410354429));
#3021=CARTESIAN_POINT('Ctrl Pts',(0.150000000000004,-0.447462007476635,
3.80655055921172));
#3022=CARTESIAN_POINT('Ctrl Pts',(0.150000000000004,-0.581258714774363,
3.94163568187385));
#3023=CARTESIAN_POINT('Ctrl Pts',(0.330000000000004,-0.581258714774365,
3.94163568187384));
#3024=CARTESIAN_POINT('Ctrl Pts',(0.330000000000004,-0.680234038788453,
4.04156410354431));
#3025=CARTESIAN_POINT('Ctrl Pts',(0.330000000000002,-0.807462007476653,
4.04156410354431));
#3026=CARTESIAN_POINT('Ctrl Pts',(0.329999999999998,-1.16746200747667,4.04156410354431));
#3027=CARTESIAN_POINT('Ctrl Pts',(0.329999999999993,-1.16746200747667,3.59156410354429));
#3028=CARTESIAN_POINT('Ctrl Pts',(0.329999999999987,-1.16746200747667,3.14156410354427));
#3029=CARTESIAN_POINT('Ctrl Pts',(0.329999999999992,-0.807462007476653,
3.14156410354427));
#3030=CARTESIAN_POINT('Ctrl Pts',(0.329999999999996,-0.447462007476637,
3.14156410354427));
#3031=CARTESIAN_POINT('Ctrl Pts',(0.330000000000001,-0.447462007476637,
3.59156410354429));
#3032=CARTESIAN_POINT('Ctrl Pts',(0.330000000000004,-0.447462007476637,
3.80655055921172));
#3033=CARTESIAN_POINT('Ctrl Pts',(0.330000000000004,-0.581258714774365,
3.94163568187384));
#3034=CARTESIAN_POINT('Ctrl Pts',(0.33,-0.694360361125503,3.76659989270907));
#3035=CARTESIAN_POINT('Ctrl Pts',(0.33,-0.74384802313255,3.81656410354431));
#3036=CARTESIAN_POINT('Ctrl Pts',(0.329999999999999,-0.807462007476653,
3.81656410354431));
#3037=CARTESIAN_POINT('Ctrl Pts',(0.329999999999997,-0.987462007476669,
3.81656410354431));
#3038=CARTESIAN_POINT('Ctrl Pts',(0.329999999999995,-0.987462007476669,
3.59156410354429));
#3039=CARTESIAN_POINT('Ctrl Pts',(0.329999999999992,-0.987462007476669,
3.36656410354427));
#3040=CARTESIAN_POINT('Ctrl Pts',(0.329999999999994,-0.807462007476653,
3.36656410354427));
#3041=CARTESIAN_POINT('Ctrl Pts',(0.329999999999997,-0.627462007476636,
3.36656410354427));
#3042=CARTESIAN_POINT('Ctrl Pts',(0.329999999999999,-0.627462007476636,
3.59156410354429));
#3043=CARTESIAN_POINT('Ctrl Pts',(0.33,-0.627462007476636,3.69905733137801));
#3044=CARTESIAN_POINT('Ctrl Pts',(0.33,-0.694360361125503,3.76659989270907));
#3045=CARTESIAN_POINT('Ctrl Pts',(0.329999999999997,-0.807462007476642,
3.5915641035443));
#3046=CARTESIAN_POINT('Ctrl Pts',(0.329999999999997,-0.807462007476647,
3.59156410354431));
#3047=CARTESIAN_POINT('Ctrl Pts',(0.329999999999997,-0.807462007476653,
3.59156410354431));
#3048=CARTESIAN_POINT('Ctrl Pts',(0.329999999999997,-0.807462007476669,
3.59156410354431));
#3049=CARTESIAN_POINT('Ctrl Pts',(0.329999999999997,-0.807462007476669,
3.59156410354429));
#3050=CARTESIAN_POINT('Ctrl Pts',(0.329999999999997,-0.807462007476669,
3.59156410354427));
#3051=CARTESIAN_POINT('Ctrl Pts',(0.329999999999997,-0.807462007476653,
3.59156410354427));
#3052=CARTESIAN_POINT('Ctrl Pts',(0.329999999999997,-0.807462007476636,
3.59156410354427));
#3053=CARTESIAN_POINT('Ctrl Pts',(0.329999999999997,-0.807462007476636,
3.59156410354429));
#3054=CARTESIAN_POINT('Ctrl Pts',(0.329999999999997,-0.807462007476636,
3.5915641035443));
#3055=CARTESIAN_POINT('Ctrl Pts',(0.329999999999997,-0.807462007476642,
3.5915641035443));
#3056=CARTESIAN_POINT('Ctrl Pts',(0.149999999999998,-0.80746200747664,3.59156410354431));
#3057=CARTESIAN_POINT('Ctrl Pts',(0.149999999999998,-0.807462007476645,
3.59156410354431));
#3058=CARTESIAN_POINT('Ctrl Pts',(0.149999999999998,-0.807462007476651,
3.59156410354431));
#3059=CARTESIAN_POINT('Ctrl Pts',(0.149999999999998,-0.807462007476667,
3.59156410354431));
#3060=CARTESIAN_POINT('Ctrl Pts',(0.149999999999998,-0.807462007476667,
3.59156410354429));
#3061=CARTESIAN_POINT('Ctrl Pts',(0.149999999999998,-0.807462007476667,
3.59156410354427));
#3062=CARTESIAN_POINT('Ctrl Pts',(0.149999999999998,-0.807462007476651,
3.59156410354427));
#3063=CARTESIAN_POINT('Ctrl Pts',(0.149999999999998,-0.807462007476634,
3.59156410354427));
#3064=CARTESIAN_POINT('Ctrl Pts',(0.149999999999998,-0.807462007476634,
3.59156410354429));
#3065=CARTESIAN_POINT('Ctrl Pts',(0.149999999999998,-0.807462007476634,
3.5915641035443));
#3066=CARTESIAN_POINT('Ctrl Pts',(0.149999999999998,-0.80746200747664,3.59156410354431));
#3067=CARTESIAN_POINT('',(0.33,-0.694360362598365,3.76659989419612));
#3068=CARTESIAN_POINT('',(0.15,-0.581258717720084,3.94163568484793));
#3069=CARTESIAN_POINT('Origin',(0.15,-0.694360362598365,3.76659989419612));
#3070=CARTESIAN_POINT('',(0.15,-1.11532942460003,3.82480771771795));
#3071=CARTESIAN_POINT('Origin',(0.15,-0.807462007476647,3.5915641035443));
#3072=CARTESIAN_POINT('',(0.33,-0.961395716038338,3.70818591063112));
#3073=CARTESIAN_POINT('Origin',(0.15,-0.961395716038338,3.70818591063112));
#3074=CARTESIAN_POINT('Origin',(0.33,-0.807462007476647,3.5915641035443));
#3075=CARTESIAN_POINT('Ctrl Pts',(0.15,-0.089104700855433,4.09732900380582));
#3076=CARTESIAN_POINT('Ctrl Pts',(0.15,-0.929104700855428,4.09732900380582));
#3077=CARTESIAN_POINT('Ctrl Pts',(0.15,-0.929104700855428,3.04732900380583));
#3078=CARTESIAN_POINT('Ctrl Pts',(0.15,-0.929104700855427,1.99732900380584));
#3079=CARTESIAN_POINT('Ctrl Pts',(0.15,-0.0891047008554327,1.99732900380584));
#3080=CARTESIAN_POINT('Ctrl Pts',(0.15,0.750895299144562,1.99732900380584));
#3081=CARTESIAN_POINT('Ctrl Pts',(0.15,0.750895299144562,3.04732900380583));
#3082=CARTESIAN_POINT('Ctrl Pts',(0.15,0.750895299144562,4.09732900380582));
#3083=CARTESIAN_POINT('Ctrl Pts',(0.15,-0.089104700855433,4.09732900380582));
#3084=CARTESIAN_POINT('Ctrl Pts',(-0.0300000000000001,-0.089104700855433,
4.09732900380582));
#3085=CARTESIAN_POINT('Ctrl Pts',(-0.0300000000000001,-0.929104700855428,
4.09732900380582));
#3086=CARTESIAN_POINT('Ctrl Pts',(-0.0300000000000001,-0.929104700855428,
3.04732900380583));
#3087=CARTESIAN_POINT('Ctrl Pts',(-0.0300000000000001,-0.929104700855427,
1.99732900380584));
#3088=CARTESIAN_POINT('Ctrl Pts',(-0.0300000000000001,-0.0891047008554327,
1.99732900380584));
#3089=CARTESIAN_POINT('Ctrl Pts',(-0.0300000000000001,0.750895299144562,
1.99732900380584));
#3090=CARTESIAN_POINT('Ctrl Pts',(-0.0300000000000001,0.750895299144562,
3.04732900380583));
#3091=CARTESIAN_POINT('Ctrl Pts',(-0.0300000000000001,0.750895299144562,
4.09732900380582));
#3092=CARTESIAN_POINT('Ctrl Pts',(-0.0300000000000001,-0.089104700855433,
4.09732900380582));
#3093=CARTESIAN_POINT('Ctrl Pts',(-0.0300000000000001,-0.089104700855433,
4.32232900380582));
#3094=CARTESIAN_POINT('Ctrl Pts',(-0.0300000000000001,-1.10910470085543,
4.32232900380582));
#3095=CARTESIAN_POINT('Ctrl Pts',(-0.0300000000000001,-1.10910470085543,
3.04732900380583));
#3096=CARTESIAN_POINT('Ctrl Pts',(-0.0300000000000001,-1.10910470085543,
1.77232900380584));
#3097=CARTESIAN_POINT('Ctrl Pts',(-0.0300000000000001,-0.0891047008554327,
1.77232900380584));
#3098=CARTESIAN_POINT('Ctrl Pts',(-0.0300000000000001,0.930895299144562,
1.77232900380584));
#3099=CARTESIAN_POINT('Ctrl Pts',(-0.0300000000000001,0.930895299144562,
3.04732900380583));
#3100=CARTESIAN_POINT('Ctrl Pts',(-0.0300000000000001,0.930895299144562,
4.32232900380582));
#3101=CARTESIAN_POINT('Ctrl Pts',(-0.0300000000000001,-0.089104700855433,
4.32232900380582));
#3102=CARTESIAN_POINT('Ctrl Pts',(-0.0300000000000001,-0.089104700855433,
4.54732900380582));
#3103=CARTESIAN_POINT('Ctrl Pts',(-0.0300000000000001,-1.28910470085543,
4.54732900380582));
#3104=CARTESIAN_POINT('Ctrl Pts',(-0.0300000000000001,-1.28910470085543,
3.04732900380583));
#3105=CARTESIAN_POINT('Ctrl Pts',(-0.0300000000000001,-1.28910470085543,
1.54732900380583));
#3106=CARTESIAN_POINT('Ctrl Pts',(-0.0300000000000001,-0.0891047008554327,
1.54732900380583));
#3107=CARTESIAN_POINT('Ctrl Pts',(-0.0300000000000001,1.11089529914456,
1.54732900380583));
#3108=CARTESIAN_POINT('Ctrl Pts',(-0.0300000000000001,1.11089529914456,
3.04732900380583));
#3109=CARTESIAN_POINT('Ctrl Pts',(-0.0300000000000001,1.11089529914456,
4.54732900380582));
#3110=CARTESIAN_POINT('Ctrl Pts',(-0.0300000000000001,-0.089104700855433,
4.54732900380582));
#3111=CARTESIAN_POINT('Ctrl Pts',(0.15,-0.089104700855433,4.54732900380582));
#3112=CARTESIAN_POINT('Ctrl Pts',(0.15,-1.28910470085543,4.54732900380582));
#3113=CARTESIAN_POINT('Ctrl Pts',(0.15,-1.28910470085543,3.04732900380583));
#3114=CARTESIAN_POINT('Ctrl Pts',(0.15,-1.28910470085543,1.54732900380583));
#3115=CARTESIAN_POINT('Ctrl Pts',(0.15,-0.0891047008554327,1.54732900380583));
#3116=CARTESIAN_POINT('Ctrl Pts',(0.15,1.11089529914456,1.54732900380583));
#3117=CARTESIAN_POINT('Ctrl Pts',(0.15,1.11089529914456,3.04732900380583));
#3118=CARTESIAN_POINT('Ctrl Pts',(0.15,1.11089529914456,4.54732900380582));
#3119=CARTESIAN_POINT('Ctrl Pts',(0.15,-0.089104700855433,4.54732900380582));
#3120=CARTESIAN_POINT('Ctrl Pts',(0.33,-0.089104700855433,4.54732900380582));
#3121=CARTESIAN_POINT('Ctrl Pts',(0.33,-1.28910470085543,4.54732900380582));
#3122=CARTESIAN_POINT('Ctrl Pts',(0.33,-1.28910470085543,3.04732900380583));
#3123=CARTESIAN_POINT('Ctrl Pts',(0.33,-1.28910470085543,1.54732900380583));
#3124=CARTESIAN_POINT('Ctrl Pts',(0.33,-0.0891047008554327,1.54732900380583));
#3125=CARTESIAN_POINT('Ctrl Pts',(0.33,1.11089529914456,1.54732900380583));
#3126=CARTESIAN_POINT('Ctrl Pts',(0.33,1.11089529914456,3.04732900380583));
#3127=CARTESIAN_POINT('Ctrl Pts',(0.33,1.11089529914456,4.54732900380582));
#3128=CARTESIAN_POINT('Ctrl Pts',(0.33,-0.089104700855433,4.54732900380582));
#3129=CARTESIAN_POINT('Ctrl Pts',(0.33,-0.089104700855433,4.32232900380582));
#3130=CARTESIAN_POINT('Ctrl Pts',(0.33,-1.10910470085543,4.32232900380582));
#3131=CARTESIAN_POINT('Ctrl Pts',(0.33,-1.10910470085543,3.04732900380583));
#3132=CARTESIAN_POINT('Ctrl Pts',(0.33,-1.10910470085543,1.77232900380584));
#3133=CARTESIAN_POINT('Ctrl Pts',(0.33,-0.0891047008554327,1.77232900380584));
#3134=CARTESIAN_POINT('Ctrl Pts',(0.33,0.930895299144562,1.77232900380584));
#3135=CARTESIAN_POINT('Ctrl Pts',(0.33,0.930895299144562,3.04732900380583));
#3136=CARTESIAN_POINT('Ctrl Pts',(0.33,0.930895299144562,4.32232900380582));
#3137=CARTESIAN_POINT('Ctrl Pts',(0.33,-0.089104700855433,4.32232900380582));
#3138=CARTESIAN_POINT('Ctrl Pts',(0.33,-0.089104700855433,4.09732900380582));
#3139=CARTESIAN_POINT('Ctrl Pts',(0.33,-0.929104700855428,4.09732900380582));
#3140=CARTESIAN_POINT('Ctrl Pts',(0.33,-0.929104700855428,3.04732900380583));
#3141=CARTESIAN_POINT('Ctrl Pts',(0.33,-0.929104700855427,1.99732900380584));
#3142=CARTESIAN_POINT('Ctrl Pts',(0.33,-0.0891047008554327,1.99732900380584));
#3143=CARTESIAN_POINT('Ctrl Pts',(0.33,0.750895299144562,1.99732900380584));
#3144=CARTESIAN_POINT('Ctrl Pts',(0.33,0.750895299144562,3.04732900380583));
#3145=CARTESIAN_POINT('Ctrl Pts',(0.33,0.750895299144562,4.09732900380582));
#3146=CARTESIAN_POINT('Ctrl Pts',(0.33,-0.089104700855433,4.09732900380582));
#3147=CARTESIAN_POINT('Ctrl Pts',(0.15,-0.089104700855433,4.09732900380582));
#3148=CARTESIAN_POINT('Ctrl Pts',(0.15,-0.929104700855428,4.09732900380582));
#3149=CARTESIAN_POINT('Ctrl Pts',(0.15,-0.929104700855428,3.04732900380583));
#3150=CARTESIAN_POINT('Ctrl Pts',(0.15,-0.929104700855427,1.99732900380584));
#3151=CARTESIAN_POINT('Ctrl Pts',(0.15,-0.0891047008554327,1.99732900380584));
#3152=CARTESIAN_POINT('Ctrl Pts',(0.15,0.750895299144562,1.99732900380584));
#3153=CARTESIAN_POINT('Ctrl Pts',(0.15,0.750895299144562,3.04732900380583));
#3154=CARTESIAN_POINT('Ctrl Pts',(0.15,0.750895299144562,4.09732900380582));
#3155=CARTESIAN_POINT('Ctrl Pts',(0.15,-0.089104700855433,4.09732900380582));
#3156=CARTESIAN_POINT('',(0.15,-1.12232882916479,3.81018537614042));
#3157=CARTESIAN_POINT('',(0.33,-1.05807263530951,3.4455695521867));
#3158=CARTESIAN_POINT('Ctrl Pts',(0.15,-1.12232882916479,3.81018537614042));
#3159=CARTESIAN_POINT('Ctrl Pts',(0.190176721798141,-1.12232882916479,3.81018537614042));
#3160=CARTESIAN_POINT('Ctrl Pts',(0.227662996284686,-1.11867432083227,3.78314546348775));
#3161=CARTESIAN_POINT('Ctrl Pts',(0.25465073666628,-1.11302402302233,3.7457644974856));
#3162=CARTESIAN_POINT('Ctrl Pts',(0.284858755025166,-1.10669951057473,3.70392309500805));
#3163=CARTESIAN_POINT('Ctrl Pts',(0.304337885893552,-1.09841061445831,3.65227284591462));
#3164=CARTESIAN_POINT('Ctrl Pts',(0.316918776806001,-1.08661821598599,3.58835046403795));
#3165=CARTESIAN_POINT('Ctrl Pts',(0.325530574413385,-1.07854615259589,3.54459469037021));
#3166=CARTESIAN_POINT('Ctrl Pts',(0.33,-1.06888606090439,3.49574480800751));
#3167=CARTESIAN_POINT('Ctrl Pts',(0.33,-1.0580726353095,3.4455695521867));
#3168=CARTESIAN_POINT('Origin',(0.33,-0.0891047008554328,3.04732900380583));
#3169=CARTESIAN_POINT('Origin',(0.15,-0.0891047008554328,3.04732900380583));
#3170=CARTESIAN_POINT('Ctrl Pts',(0.149999999999991,-0.581258717720091,
3.94163568484789));
#3171=CARTESIAN_POINT('Ctrl Pts',(0.149999999999991,-0.581258717720073,
3.94163568484789));
#3172=CARTESIAN_POINT('Ctrl Pts',(0.149999999999991,-0.581258717720073,
3.94163568484791));
#3173=CARTESIAN_POINT('Ctrl Pts',(0.149999999999991,-0.581258717720073,
3.94163568484794));
#3174=CARTESIAN_POINT('Ctrl Pts',(0.149999999999991,-0.581258717720091,
3.94163568484794));
#3175=CARTESIAN_POINT('Ctrl Pts',(0.149999999999991,-0.581258717720109,
3.94163568484794));
#3176=CARTESIAN_POINT('Ctrl Pts',(0.149999999999991,-0.581258717720109,
3.94163568484791));
#3177=CARTESIAN_POINT('Ctrl Pts',(0.149999999999991,-0.581258717720109,
3.94163568484789));
#3178=CARTESIAN_POINT('Ctrl Pts',(0.149999999999991,-0.581258717720091,
3.94163568484789));
#3179=CARTESIAN_POINT('Ctrl Pts',(-0.0300000000000099,-0.581258717720096,
3.94163568484788));
#3180=CARTESIAN_POINT('Ctrl Pts',(-0.0300000000000099,-0.581258717720078,
3.94163568484788));
#3181=CARTESIAN_POINT('Ctrl Pts',(-0.0300000000000099,-0.581258717720078,
3.9416356848479));
#3182=CARTESIAN_POINT('Ctrl Pts',(-0.0300000000000099,-0.581258717720078,
3.94163568484793));
#3183=CARTESIAN_POINT('Ctrl Pts',(-0.0300000000000099,-0.581258717720096,
3.94163568484793));
#3184=CARTESIAN_POINT('Ctrl Pts',(-0.0300000000000099,-0.581258717720113,
3.94163568484793));
#3185=CARTESIAN_POINT('Ctrl Pts',(-0.0300000000000099,-0.581258717720113,
3.9416356848479));
#3186=CARTESIAN_POINT('Ctrl Pts',(-0.0300000000000099,-0.581258717720113,
3.94163568484788));
#3187=CARTESIAN_POINT('Ctrl Pts',(-0.0300000000000099,-0.581258717720096,
3.94163568484788));
#3188=CARTESIAN_POINT('Ctrl Pts',(-0.0300000000000166,-0.581258717720096,
4.16663568484788));
#3189=CARTESIAN_POINT('Ctrl Pts',(-0.030000000000012,-0.761258717720079,
4.16663568484788));
#3190=CARTESIAN_POINT('Ctrl Pts',(-0.0300000000000053,-0.761258717720079,
3.9416356848479));
#3191=CARTESIAN_POINT('Ctrl Pts',(-0.0299999999999986,-0.761258717720079,
3.71663568484793));
#3192=CARTESIAN_POINT('Ctrl Pts',(-0.0300000000000032,-0.581258717720096,
3.71663568484793));
#3193=CARTESIAN_POINT('Ctrl Pts',(-0.0300000000000079,-0.401258717720112,
3.71663568484793));
#3194=CARTESIAN_POINT('Ctrl Pts',(-0.0300000000000145,-0.401258717720112,
3.9416356848479));
#3195=CARTESIAN_POINT('Ctrl Pts',(-0.0300000000000212,-0.401258717720112,
4.16663568484788));
#3196=CARTESIAN_POINT('Ctrl Pts',(-0.0300000000000166,-0.581258717720096,
4.16663568484788));
#3197=CARTESIAN_POINT('Ctrl Pts',(-0.0300000000000233,-0.581258717720096,
4.39163568484789));
#3198=CARTESIAN_POINT('Ctrl Pts',(-0.0300000000000141,-0.94125871772008,
4.39163568484789));
#3199=CARTESIAN_POINT('Ctrl Pts',(-0.0300000000000007,-0.94125871772008,
3.9416356848479));
#3200=CARTESIAN_POINT('Ctrl Pts',(-0.0299999999999873,-0.94125871772008,
3.49163568484792));
#3201=CARTESIAN_POINT('Ctrl Pts',(-0.0299999999999966,-0.581258717720096,
3.49163568484792));
#3202=CARTESIAN_POINT('Ctrl Pts',(-0.0300000000000058,-0.221258717720111,
3.49163568484792));
#3203=CARTESIAN_POINT('Ctrl Pts',(-0.0300000000000192,-0.221258717720111,
3.9416356848479));
#3204=CARTESIAN_POINT('Ctrl Pts',(-0.0300000000000325,-0.221258717720111,
4.39163568484789));
#3205=CARTESIAN_POINT('Ctrl Pts',(-0.0300000000000233,-0.581258717720096,
4.39163568484789));
#3206=CARTESIAN_POINT('Ctrl Pts',(0.149999999999978,-0.581258717720091,
4.39163568484789));
#3207=CARTESIAN_POINT('Ctrl Pts',(0.149999999999987,-0.941258717720075,
4.39163568484789));
#3208=CARTESIAN_POINT('Ctrl Pts',(0.15,-0.941258717720075,3.94163568484791));
#3209=CARTESIAN_POINT('Ctrl Pts',(0.150000000000014,-0.941258717720075,
3.49163568484793));
#3210=CARTESIAN_POINT('Ctrl Pts',(0.150000000000004,-0.581258717720091,
3.49163568484793));
#3211=CARTESIAN_POINT('Ctrl Pts',(0.149999999999995,-0.221258717720107,
3.49163568484793));
#3212=CARTESIAN_POINT('Ctrl Pts',(0.149999999999982,-0.221258717720107,
3.94163568484791));
#3213=CARTESIAN_POINT('Ctrl Pts',(0.149999999999968,-0.221258717720107,
4.39163568484789));
#3214=CARTESIAN_POINT('Ctrl Pts',(0.149999999999978,-0.581258717720091,
4.39163568484789));
#3215=CARTESIAN_POINT('Ctrl Pts',(0.329999999999979,-0.581258717720086,
4.3916356848479));
#3216=CARTESIAN_POINT('Ctrl Pts',(0.329999999999988,-0.94125871772007,4.3916356848479));
#3217=CARTESIAN_POINT('Ctrl Pts',(0.330000000000001,-0.941258717720071,
3.94163568484792));
#3218=CARTESIAN_POINT('Ctrl Pts',(0.330000000000015,-0.94125871772007,3.49163568484794));
#3219=CARTESIAN_POINT('Ctrl Pts',(0.330000000000005,-0.581258717720086,
3.49163568484794));
#3220=CARTESIAN_POINT('Ctrl Pts',(0.329999999999996,-0.221258717720102,
3.49163568484794));
#3221=CARTESIAN_POINT('Ctrl Pts',(0.329999999999983,-0.221258717720102,
3.94163568484792));
#3222=CARTESIAN_POINT('Ctrl Pts',(0.329999999999969,-0.221258717720102,
4.3916356848479));
#3223=CARTESIAN_POINT('Ctrl Pts',(0.329999999999979,-0.581258717720086,
4.3916356848479));
#3224=CARTESIAN_POINT('Ctrl Pts',(0.329999999999985,-0.581258717720086,
4.1666356848479));
#3225=CARTESIAN_POINT('Ctrl Pts',(0.32999999999999,-0.76125871772007,4.1666356848479));
#3226=CARTESIAN_POINT('Ctrl Pts',(0.329999999999997,-0.76125871772007,3.94163568484792));
#3227=CARTESIAN_POINT('Ctrl Pts',(0.330000000000003,-0.76125871772007,3.71663568484794));
#3228=CARTESIAN_POINT('Ctrl Pts',(0.329999999999999,-0.581258717720086,
3.71663568484794));
#3229=CARTESIAN_POINT('Ctrl Pts',(0.329999999999994,-0.401258717720103,
3.71663568484794));
#3230=CARTESIAN_POINT('Ctrl Pts',(0.329999999999987,-0.401258717720103,
3.94163568484792));
#3231=CARTESIAN_POINT('Ctrl Pts',(0.329999999999981,-0.401258717720103,
4.1666356848479));
#3232=CARTESIAN_POINT('Ctrl Pts',(0.329999999999985,-0.581258717720086,
4.1666356848479));
#3233=CARTESIAN_POINT('Ctrl Pts',(0.329999999999992,-0.581258717720086,
3.9416356848479));
#3234=CARTESIAN_POINT('Ctrl Pts',(0.329999999999992,-0.581258717720069,
3.9416356848479));
#3235=CARTESIAN_POINT('Ctrl Pts',(0.329999999999992,-0.581258717720069,
3.94163568484792));
#3236=CARTESIAN_POINT('Ctrl Pts',(0.329999999999992,-0.581258717720069,
3.94163568484794));
#3237=CARTESIAN_POINT('Ctrl Pts',(0.329999999999992,-0.581258717720086,
3.94163568484794));
#3238=CARTESIAN_POINT('Ctrl Pts',(0.329999999999992,-0.581258717720104,
3.94163568484794));
#3239=CARTESIAN_POINT('Ctrl Pts',(0.329999999999992,-0.581258717720104,
3.94163568484792));
#3240=CARTESIAN_POINT('Ctrl Pts',(0.329999999999992,-0.581258717720104,
3.9416356848479));
#3241=CARTESIAN_POINT('Ctrl Pts',(0.329999999999992,-0.581258717720086,
3.9416356848479));
#3242=CARTESIAN_POINT('Ctrl Pts',(0.149999999999991,-0.581258717720091,
3.94163568484789));
#3243=CARTESIAN_POINT('Ctrl Pts',(0.149999999999991,-0.581258717720073,
3.94163568484789));
#3244=CARTESIAN_POINT('Ctrl Pts',(0.149999999999991,-0.581258717720073,
3.94163568484791));
#3245=CARTESIAN_POINT('Ctrl Pts',(0.149999999999991,-0.581258717720073,
3.94163568484794));
#3246=CARTESIAN_POINT('Ctrl Pts',(0.149999999999991,-0.581258717720091,
3.94163568484794));
#3247=CARTESIAN_POINT('Ctrl Pts',(0.149999999999991,-0.581258717720109,
3.94163568484794));
#3248=CARTESIAN_POINT('Ctrl Pts',(0.149999999999991,-0.581258717720109,
3.94163568484791));
#3249=CARTESIAN_POINT('Ctrl Pts',(0.149999999999991,-0.581258717720109,
3.94163568484789));
#3250=CARTESIAN_POINT('Ctrl Pts',(0.149999999999991,-0.581258717720091,
3.94163568484789));
#3251=CARTESIAN_POINT('',(0.33,-0.566723859668673,3.71737043348032));
#3252=CARTESIAN_POINT('Ctrl Pts',(0.33,-0.566723859668668,3.71737043348032));
#3253=CARTESIAN_POINT('Ctrl Pts',(0.33,-0.567962782739162,3.74660204755036));
#3254=CARTESIAN_POINT('Ctrl Pts',(0.325434002444773,-0.569453379781704,
3.7755338900707));
#3255=CARTESIAN_POINT('Ctrl Pts',(0.316554419706654,-0.571057562691261,
3.80254578333192));
#3256=CARTESIAN_POINT('Ctrl Pts',(0.307676679319108,-0.572661412762283,
3.82955207212067));
#3257=CARTESIAN_POINT('Ctrl Pts',(0.294658077532448,-0.574343410224064,
3.85411846429845));
#3258=CARTESIAN_POINT('Ctrl Pts',(0.278227367587832,-0.5758774096152,3.87487867354424));
#3259=CARTESIAN_POINT('Ctrl Pts',(0.261786160713625,-0.577412389017768,
3.89565214566518));
#3260=CARTESIAN_POINT('Ctrl Pts',(0.242244065721401,-0.578763363095599,
3.91221639383894));
#3261=CARTESIAN_POINT('Ctrl Pts',(0.220698887851915,-0.57972101276599,3.92365624981666));
#3262=CARTESIAN_POINT('Ctrl Pts',(0.19875768125423,-0.580696265297835,3.93530638540502));
#3263=CARTESIAN_POINT('Ctrl Pts',(0.175170650394713,-0.581239319469821,
3.94141358323244));
#3264=CARTESIAN_POINT('Ctrl Pts',(0.151312360642637,-0.58125819848921,3.94162973991776));
#3265=CARTESIAN_POINT('Ctrl Pts',(0.150874912908688,-0.581258544640772,
3.94163370320486));
#3266=CARTESIAN_POINT('Ctrl Pts',(0.150437456454322,-0.581258717720079,
3.94163568484793));
#3267=CARTESIAN_POINT('Ctrl Pts',(0.15,-0.581258717720079,3.94163568484793));
#3268=CARTESIAN_POINT('Origin',(0.33,-0.581258717720084,3.94163568484793));
#3269=CARTESIAN_POINT('Ctrl Pts',(-0.282,-0.581258717720085,3.94163568484793));
#3270=CARTESIAN_POINT('Ctrl Pts',(-0.282,-0.70845803474949,4.07005988392393));
#3271=CARTESIAN_POINT('Ctrl Pts',(-0.282,-0.869518926907457,4.03482781376437));
#3272=CARTESIAN_POINT('Ctrl Pts',(-0.282,-1.03057981906542,3.99959574360482));
#3273=CARTESIAN_POINT('Ctrl Pts',(-0.282,-1.11532942460003,3.82480771771794));
#3274=CARTESIAN_POINT('Ctrl Pts',(0.15,-0.581258717720085,3.94163568484793));
#3275=CARTESIAN_POINT('Ctrl Pts',(0.15,-0.70845803474949,4.07005988392393));
#3276=CARTESIAN_POINT('Ctrl Pts',(0.15,-0.869518926907457,4.03482781376437));
#3277=CARTESIAN_POINT('Ctrl Pts',(0.15,-1.03057981906542,3.99959574360482));
#3278=CARTESIAN_POINT('Ctrl Pts',(0.15,-1.11532942460003,3.82480771771794));
#3279=CARTESIAN_POINT('',(-0.282,-0.581258717720084,3.94163568484793));
#3280=CARTESIAN_POINT('',(-0.462,-0.581258717720084,3.94163568484793));
#3281=CARTESIAN_POINT('',(-0.282,-1.11532942460003,3.82480771771795));
#3282=CARTESIAN_POINT('Origin',(-0.282,-0.807462007476647,3.5915641035443));
#3283=CARTESIAN_POINT('',(-0.462,-1.11532942460003,3.82480771771795));
#3284=CARTESIAN_POINT('Ctrl Pts',(-0.462,-0.575984190261118,3.13183694630947));
#3285=CARTESIAN_POINT('Ctrl Pts',(-0.462,-0.545923582721219,3.53706908695844));
#3286=CARTESIAN_POINT('Ctrl Pts',(-0.462,-0.58125871772008,3.94163568484793));
#3287=CARTESIAN_POINT('Ctrl Pts',(0.33,-0.575984190261118,3.13183694630947));
#3288=CARTESIAN_POINT('Ctrl Pts',(0.33,-0.545923582721219,3.53706908695844));
#3289=CARTESIAN_POINT('Ctrl Pts',(0.33,-0.58125871772008,3.94163568484793));
#3290=CARTESIAN_POINT('',(0.33,-0.575984190261123,3.13183694630947));
#3291=CARTESIAN_POINT('Origin',(0.33,-3.78751045614447,3.50407894740124));
#3292=CARTESIAN_POINT('',(-0.462,-0.575984190261123,3.13183694630947));
#3293=CARTESIAN_POINT('',(-0.462,-0.575984190261123,3.13183694630947));
#3294=CARTESIAN_POINT('',(-0.462,-0.566723859668673,3.71737043348032));
#3295=CARTESIAN_POINT('Origin',(-0.462,-3.78751045614447,3.50407894740124));
#3296=CARTESIAN_POINT('Ctrl Pts',(-0.282,-0.581258717720079,3.94163568484793));
#3297=CARTESIAN_POINT('Ctrl Pts',(-0.282437456454322,-0.581258717720079,
3.94163568484793));
#3298=CARTESIAN_POINT('Ctrl Pts',(-0.282874912908688,-0.581258544640772,
3.94163370320486));
#3299=CARTESIAN_POINT('Ctrl Pts',(-0.283312360642636,-0.58125819848921,
3.94162973991776));
#3300=CARTESIAN_POINT('Ctrl Pts',(-0.307170650394713,-0.581239319469821,
3.94141358323244));
#3301=CARTESIAN_POINT('Ctrl Pts',(-0.33075768125423,-0.580696265297835,
3.93530638540502));
#3302=CARTESIAN_POINT('Ctrl Pts',(-0.352698887851915,-0.57972101276599,
3.92365624981666));
#3303=CARTESIAN_POINT('Ctrl Pts',(-0.374244065721401,-0.578763363095599,
3.91221639383894));
#3304=CARTESIAN_POINT('Ctrl Pts',(-0.393786160713625,-0.577412389017768,
3.89565214566518));
#3305=CARTESIAN_POINT('Ctrl Pts',(-0.410227367587832,-0.5758774096152,3.87487867354424));
#3306=CARTESIAN_POINT('Ctrl Pts',(-0.426658077532448,-0.574343410224064,
3.85411846429845));
#3307=CARTESIAN_POINT('Ctrl Pts',(-0.439676679319108,-0.572661412762283,
3.82955207212067));
#3308=CARTESIAN_POINT('Ctrl Pts',(-0.448554419706654,-0.571057562691261,
3.80254578333192));
#3309=CARTESIAN_POINT('Ctrl Pts',(-0.457434002444773,-0.569453379781704,
3.7755338900707));
#3310=CARTESIAN_POINT('Ctrl Pts',(-0.462,-0.567962782739162,3.74660204755036));
#3311=CARTESIAN_POINT('Ctrl Pts',(-0.462,-0.566723859668668,3.71737043348032));
#3312=CARTESIAN_POINT('Origin',(0.33,-0.842267945512638,3.40950509821205));
#3313=CARTESIAN_POINT('',(0.33,-0.960144834476374,3.06674272679839));
#3314=CARTESIAN_POINT('Origin',(0.33,2.05620554007483,4.49426921687912));
#3315=CARTESIAN_POINT('',(0.33,-0.814399492410552,2.81023799873014));
#3316=CARTESIAN_POINT('Origin',(0.33,-0.375650398150404,3.39271255289039));
#3317=CARTESIAN_POINT('',(0.33,-0.733162168067592,2.77744609287979));
#3318=CARTESIAN_POINT('Origin',(0.33,-0.609829210143611,3.428478026891));
#3319=CARTESIAN_POINT('',(0.33,-0.661840428615004,2.836088416613));
#3320=CARTESIAN_POINT('Origin',(0.33,-0.990698772928473,3.36394146569365));
#3321=CARTESIAN_POINT('Origin',(0.33,-1.20880936898027,3.25153767266389));
#3322=CARTESIAN_POINT('Ctrl Pts',(-0.282,-0.089104700855433,1.99732900380584));
#3323=CARTESIAN_POINT('Ctrl Pts',(-0.282,-0.929104700855428,1.99732900380584));
#3324=CARTESIAN_POINT('Ctrl Pts',(-0.282,-0.929104700855428,3.04732900380583));
#3325=CARTESIAN_POINT('Ctrl Pts',(-0.282,-0.929104700855427,4.09732900380582));
#3326=CARTESIAN_POINT('Ctrl Pts',(-0.282,-0.0891047008554327,4.09732900380582));
#3327=CARTESIAN_POINT('Ctrl Pts',(-0.282,0.750895299144562,4.09732900380582));
#3328=CARTESIAN_POINT('Ctrl Pts',(-0.282,0.750895299144562,3.04732900380583));
#3329=CARTESIAN_POINT('Ctrl Pts',(-0.282,0.750895299144562,1.99732900380584));
#3330=CARTESIAN_POINT('Ctrl Pts',(-0.282,-0.089104700855433,1.99732900380584));
#3331=CARTESIAN_POINT('Ctrl Pts',(-0.102,-0.089104700855433,1.99732900380584));
#3332=CARTESIAN_POINT('Ctrl Pts',(-0.102,-0.929104700855428,1.99732900380584));
#3333=CARTESIAN_POINT('Ctrl Pts',(-0.102,-0.929104700855428,3.04732900380583));
#3334=CARTESIAN_POINT('Ctrl Pts',(-0.102,-0.929104700855427,4.09732900380582));
#3335=CARTESIAN_POINT('Ctrl Pts',(-0.102,-0.0891047008554327,4.09732900380582));
#3336=CARTESIAN_POINT('Ctrl Pts',(-0.102,0.750895299144562,4.09732900380582));
#3337=CARTESIAN_POINT('Ctrl Pts',(-0.102,0.750895299144562,3.04732900380583));
#3338=CARTESIAN_POINT('Ctrl Pts',(-0.102,0.750895299144562,1.99732900380584));
#3339=CARTESIAN_POINT('Ctrl Pts',(-0.102,-0.089104700855433,1.99732900380584));
#3340=CARTESIAN_POINT('Ctrl Pts',(-0.102,-0.089104700855433,1.77232900380584));
#3341=CARTESIAN_POINT('Ctrl Pts',(-0.102,-1.10910470085543,1.77232900380584));
#3342=CARTESIAN_POINT('Ctrl Pts',(-0.102,-1.10910470085543,3.04732900380583));
#3343=CARTESIAN_POINT('Ctrl Pts',(-0.102,-1.10910470085543,4.32232900380582));
#3344=CARTESIAN_POINT('Ctrl Pts',(-0.102,-0.0891047008554327,4.32232900380582));
#3345=CARTESIAN_POINT('Ctrl Pts',(-0.102,0.930895299144562,4.32232900380582));
#3346=CARTESIAN_POINT('Ctrl Pts',(-0.102,0.930895299144562,3.04732900380583));
#3347=CARTESIAN_POINT('Ctrl Pts',(-0.102,0.930895299144562,1.77232900380584));
#3348=CARTESIAN_POINT('Ctrl Pts',(-0.102,-0.089104700855433,1.77232900380584));
#3349=CARTESIAN_POINT('Ctrl Pts',(-0.102,-0.089104700855433,1.54732900380583));
#3350=CARTESIAN_POINT('Ctrl Pts',(-0.102,-1.28910470085543,1.54732900380583));
#3351=CARTESIAN_POINT('Ctrl Pts',(-0.102,-1.28910470085543,3.04732900380583));
#3352=CARTESIAN_POINT('Ctrl Pts',(-0.102,-1.28910470085543,4.54732900380582));
#3353=CARTESIAN_POINT('Ctrl Pts',(-0.102,-0.0891047008554327,4.54732900380582));
#3354=CARTESIAN_POINT('Ctrl Pts',(-0.102,1.11089529914456,4.54732900380582));
#3355=CARTESIAN_POINT('Ctrl Pts',(-0.102,1.11089529914456,3.04732900380583));
#3356=CARTESIAN_POINT('Ctrl Pts',(-0.102,1.11089529914456,1.54732900380583));
#3357=CARTESIAN_POINT('Ctrl Pts',(-0.102,-0.089104700855433,1.54732900380583));
#3358=CARTESIAN_POINT('Ctrl Pts',(-0.282,-0.089104700855433,1.54732900380583));
#3359=CARTESIAN_POINT('Ctrl Pts',(-0.282,-1.28910470085543,1.54732900380583));
#3360=CARTESIAN_POINT('Ctrl Pts',(-0.282,-1.28910470085543,3.04732900380583));
#3361=CARTESIAN_POINT('Ctrl Pts',(-0.282,-1.28910470085543,4.54732900380582));
#3362=CARTESIAN_POINT('Ctrl Pts',(-0.282,-0.0891047008554327,4.54732900380582));
#3363=CARTESIAN_POINT('Ctrl Pts',(-0.282,1.11089529914456,4.54732900380582));
#3364=CARTESIAN_POINT('Ctrl Pts',(-0.282,1.11089529914456,3.04732900380583));
#3365=CARTESIAN_POINT('Ctrl Pts',(-0.282,1.11089529914456,1.54732900380583));
#3366=CARTESIAN_POINT('Ctrl Pts',(-0.282,-0.089104700855433,1.54732900380583));
#3367=CARTESIAN_POINT('Ctrl Pts',(-0.462,-0.089104700855433,1.54732900380583));
#3368=CARTESIAN_POINT('Ctrl Pts',(-0.462,-1.28910470085543,1.54732900380583));
#3369=CARTESIAN_POINT('Ctrl Pts',(-0.462,-1.28910470085543,3.04732900380583));
#3370=CARTESIAN_POINT('Ctrl Pts',(-0.462,-1.28910470085543,4.54732900380582));
#3371=CARTESIAN_POINT('Ctrl Pts',(-0.462,-0.0891047008554327,4.54732900380582));
#3372=CARTESIAN_POINT('Ctrl Pts',(-0.462,1.11089529914456,4.54732900380582));
#3373=CARTESIAN_POINT('Ctrl Pts',(-0.462,1.11089529914456,3.04732900380583));
#3374=CARTESIAN_POINT('Ctrl Pts',(-0.462,1.11089529914456,1.54732900380583));
#3375=CARTESIAN_POINT('Ctrl Pts',(-0.462,-0.089104700855433,1.54732900380583));
#3376=CARTESIAN_POINT('Ctrl Pts',(-0.462,-0.089104700855433,1.77232900380584));
#3377=CARTESIAN_POINT('Ctrl Pts',(-0.462,-1.10910470085543,1.77232900380584));
#3378=CARTESIAN_POINT('Ctrl Pts',(-0.462,-1.10910470085543,3.04732900380583));
#3379=CARTESIAN_POINT('Ctrl Pts',(-0.462,-1.10910470085543,4.32232900380582));
#3380=CARTESIAN_POINT('Ctrl Pts',(-0.462,-0.0891047008554327,4.32232900380582));
#3381=CARTESIAN_POINT('Ctrl Pts',(-0.462,0.930895299144562,4.32232900380582));
#3382=CARTESIAN_POINT('Ctrl Pts',(-0.462,0.930895299144562,3.04732900380583));
#3383=CARTESIAN_POINT('Ctrl Pts',(-0.462,0.930895299144562,1.77232900380584));
#3384=CARTESIAN_POINT('Ctrl Pts',(-0.462,-0.089104700855433,1.77232900380584));
#3385=CARTESIAN_POINT('Ctrl Pts',(-0.462,-0.089104700855433,1.99732900380584));
#3386=CARTESIAN_POINT('Ctrl Pts',(-0.462,-0.929104700855428,1.99732900380584));
#3387=CARTESIAN_POINT('Ctrl Pts',(-0.462,-0.929104700855428,3.04732900380583));
#3388=CARTESIAN_POINT('Ctrl Pts',(-0.462,-0.929104700855427,4.09732900380582));
#3389=CARTESIAN_POINT('Ctrl Pts',(-0.462,-0.0891047008554327,4.09732900380582));
#3390=CARTESIAN_POINT('Ctrl Pts',(-0.462,0.750895299144562,4.09732900380582));
#3391=CARTESIAN_POINT('Ctrl Pts',(-0.462,0.750895299144562,3.04732900380583));
#3392=CARTESIAN_POINT('Ctrl Pts',(-0.462,0.750895299144562,1.99732900380584));
#3393=CARTESIAN_POINT('Ctrl Pts',(-0.462,-0.089104700855433,1.99732900380584));
#3394=CARTESIAN_POINT('Ctrl Pts',(-0.282,-0.089104700855433,1.99732900380584));
#3395=CARTESIAN_POINT('Ctrl Pts',(-0.282,-0.929104700855428,1.99732900380584));
#3396=CARTESIAN_POINT('Ctrl Pts',(-0.282,-0.929104700855428,3.04732900380583));
#3397=CARTESIAN_POINT('Ctrl Pts',(-0.282,-0.929104700855427,4.09732900380582));
#3398=CARTESIAN_POINT('Ctrl Pts',(-0.282,-0.0891047008554327,4.09732900380582));
#3399=CARTESIAN_POINT('Ctrl Pts',(-0.282,0.750895299144562,4.09732900380582));
#3400=CARTESIAN_POINT('Ctrl Pts',(-0.282,0.750895299144562,3.04732900380583));
#3401=CARTESIAN_POINT('Ctrl Pts',(-0.282,0.750895299144562,1.99732900380584));
#3402=CARTESIAN_POINT('Ctrl Pts',(-0.282,-0.089104700855433,1.99732900380584));
#3403=CARTESIAN_POINT('',(-0.462,-1.05807263530951,3.4455695521867));
#3404=CARTESIAN_POINT('',(-0.282,-1.12232882916479,3.81018537614042));
#3405=CARTESIAN_POINT('Ctrl Pts',(-0.462,-1.0580726353095,3.4455695521867));
#3406=CARTESIAN_POINT('Ctrl Pts',(-0.462,-1.07015405989845,3.50162843603541));
#3407=CARTESIAN_POINT('Ctrl Pts',(-0.456409694041972,-1.08062807428621,
3.55524982858395));
#3408=CARTESIAN_POINT('Ctrl Pts',(-0.446077211207453,-1.08910783695433,
3.60195328219952));
#3409=CARTESIAN_POINT('Ctrl Pts',(-0.43199649733723,-1.10066373438281,3.66559896907307));
#3410=CARTESIAN_POINT('Ctrl Pts',(-0.409011874392674,-1.10883597269283,
3.7177132353103));
#3411=CARTESIAN_POINT('Ctrl Pts',(-0.380777661736715,-1.11419521328384,
3.75355477261501));
#3412=CARTESIAN_POINT('Ctrl Pts',(-0.362052719032881,-1.11774946408678,
3.77732489649364));
#3413=CARTESIAN_POINT('Ctrl Pts',(-0.33919920255988,-1.12039508141911,3.796235668457));
#3414=CARTESIAN_POINT('Ctrl Pts',(-0.313340216996016,-1.12160477356819,
3.80494935770193));
#3415=CARTESIAN_POINT('Ctrl Pts',(-0.303143200325942,-1.12208179347987,
3.80838544123541));
#3416=CARTESIAN_POINT('Ctrl Pts',(-0.292598320318653,-1.12232882916479,
3.81018537614042));
#3417=CARTESIAN_POINT('Ctrl Pts',(-0.282,-1.12232882916479,3.81018537614042));
#3418=CARTESIAN_POINT('Origin',(-0.282,-0.0891047008554328,3.04732900380583));
#3419=CARTESIAN_POINT('',(-0.462,-0.961395716038338,3.70818591063113));
#3420=CARTESIAN_POINT('Origin',(-0.282,-0.961395716038338,3.70818591063113));
#3421=CARTESIAN_POINT('Origin',(-0.462,-0.0891047008554328,3.04732900380583));
#3422=CARTESIAN_POINT('Ctrl Pts',(-0.282000000000009,-0.807462007476649,
3.59156410354429));
#3423=CARTESIAN_POINT('Ctrl Pts',(-0.282000000000009,-0.807462007476657,
3.59156410354429));
#3424=CARTESIAN_POINT('Ctrl Pts',(-0.282000000000009,-0.807462007476657,
3.5915641035443));
#3425=CARTESIAN_POINT('Ctrl Pts',(-0.282000000000009,-0.807462007476657,
3.59156410354431));
#3426=CARTESIAN_POINT('Ctrl Pts',(-0.282000000000009,-0.807462007476649,
3.59156410354431));
#3427=CARTESIAN_POINT('Ctrl Pts',(-0.282000000000009,-0.807462007476642,
3.59156410354431));
#3428=CARTESIAN_POINT('Ctrl Pts',(-0.282000000000009,-0.807462007476642,
3.5915641035443));
#3429=CARTESIAN_POINT('Ctrl Pts',(-0.282000000000009,-0.807462007476642,
3.59156410354429));
#3430=CARTESIAN_POINT('Ctrl Pts',(-0.282000000000009,-0.807462007476649,
3.59156410354429));
#3431=CARTESIAN_POINT('Ctrl Pts',(-0.102000000000008,-0.807462007476645,
3.59156410354428));
#3432=CARTESIAN_POINT('Ctrl Pts',(-0.102000000000008,-0.807462007476653,
3.59156410354428));
#3433=CARTESIAN_POINT('Ctrl Pts',(-0.102000000000008,-0.807462007476653,
3.59156410354429));
#3434=CARTESIAN_POINT('Ctrl Pts',(-0.102000000000008,-0.807462007476653,
3.5915641035443));
#3435=CARTESIAN_POINT('Ctrl Pts',(-0.102000000000008,-0.807462007476645,
3.5915641035443));
#3436=CARTESIAN_POINT('Ctrl Pts',(-0.102000000000008,-0.807462007476638,
3.5915641035443));
#3437=CARTESIAN_POINT('Ctrl Pts',(-0.102000000000008,-0.807462007476638,
3.59156410354429));
#3438=CARTESIAN_POINT('Ctrl Pts',(-0.102000000000008,-0.807462007476638,
3.59156410354428));
#3439=CARTESIAN_POINT('Ctrl Pts',(-0.102000000000008,-0.807462007476645,
3.59156410354428));
#3440=CARTESIAN_POINT('Ctrl Pts',(-0.102000000000018,-0.807462007476645,
3.36656410354428));
#3441=CARTESIAN_POINT('Ctrl Pts',(-0.102000000000014,-0.987462007476654,
3.36656410354428));
#3442=CARTESIAN_POINT('Ctrl Pts',(-0.102000000000004,-0.987462007476654,
3.59156410354429));
#3443=CARTESIAN_POINT('Ctrl Pts',(-0.101999999999993,-0.987462007476654,
3.8165641035443));
#3444=CARTESIAN_POINT('Ctrl Pts',(-0.101999999999997,-0.807462007476645,
3.8165641035443));
#3445=CARTESIAN_POINT('Ctrl Pts',(-0.102000000000002,-0.627462007476637,
3.8165641035443));
#3446=CARTESIAN_POINT('Ctrl Pts',(-0.102000000000012,-0.627462007476637,
3.59156410354429));
#3447=CARTESIAN_POINT('Ctrl Pts',(-0.102000000000022,-0.627462007476637,
3.36656410354428));
#3448=CARTESIAN_POINT('Ctrl Pts',(-0.102000000000018,-0.807462007476645,
3.36656410354428));
#3449=CARTESIAN_POINT('Ctrl Pts',(-0.102000000000028,-0.807462007476645,
3.14156410354427));
#3450=CARTESIAN_POINT('Ctrl Pts',(-0.10200000000002,-1.16746200747665,3.14156410354427));
#3451=CARTESIAN_POINT('Ctrl Pts',(-0.102,-1.16746200747665,3.59156410354429));
#3452=CARTESIAN_POINT('Ctrl Pts',(-0.101999999999979,-1.16746200747665,
4.0415641035443));
#3453=CARTESIAN_POINT('Ctrl Pts',(-0.101999999999987,-0.807462007476645,
4.0415641035443));
#3454=CARTESIAN_POINT('Ctrl Pts',(-0.101999999999996,-0.447462007476636,
4.0415641035443));
#3455=CARTESIAN_POINT('Ctrl Pts',(-0.102000000000016,-0.447462007476636,
3.59156410354429));
#3456=CARTESIAN_POINT('Ctrl Pts',(-0.102000000000036,-0.447462007476636,
3.14156410354427));
#3457=CARTESIAN_POINT('Ctrl Pts',(-0.102000000000028,-0.807462007476645,
3.14156410354427));
#3458=CARTESIAN_POINT('Ctrl Pts',(-0.282000000000029,-0.807462007476649,
3.14156410354429));
#3459=CARTESIAN_POINT('Ctrl Pts',(-0.282000000000021,-1.16746200747666,
3.14156410354429));
#3460=CARTESIAN_POINT('Ctrl Pts',(-0.282,-1.16746200747666,3.5915641035443));
#3461=CARTESIAN_POINT('Ctrl Pts',(-0.28199999999998,-1.16746200747666,4.04156410354431));
#3462=CARTESIAN_POINT('Ctrl Pts',(-0.281999999999988,-0.807462007476649,
4.04156410354431));
#3463=CARTESIAN_POINT('Ctrl Pts',(-0.281999999999996,-0.44746200747664,
4.04156410354431));
#3464=CARTESIAN_POINT('Ctrl Pts',(-0.282000000000017,-0.44746200747664,
3.5915641035443));
#3465=CARTESIAN_POINT('Ctrl Pts',(-0.282000000000037,-0.44746200747664,
3.14156410354429));
#3466=CARTESIAN_POINT('Ctrl Pts',(-0.282000000000029,-0.807462007476649,
3.14156410354429));
#3467=CARTESIAN_POINT('Ctrl Pts',(-0.46200000000003,-0.807462007476653,
3.1415641035443));
#3468=CARTESIAN_POINT('Ctrl Pts',(-0.462000000000022,-1.16746200747666,
3.1415641035443));
#3469=CARTESIAN_POINT('Ctrl Pts',(-0.462000000000001,-1.16746200747666,
3.59156410354431));
#3470=CARTESIAN_POINT('Ctrl Pts',(-0.461999999999981,-1.16746200747666,
4.04156410354432));
#3471=CARTESIAN_POINT('Ctrl Pts',(-0.461999999999989,-0.807462007476653,
4.04156410354432));
#3472=CARTESIAN_POINT('Ctrl Pts',(-0.461999999999997,-0.447462007476644,
4.04156410354432));
#3473=CARTESIAN_POINT('Ctrl Pts',(-0.462000000000017,-0.447462007476644,
3.59156410354431));
#3474=CARTESIAN_POINT('Ctrl Pts',(-0.462000000000038,-0.447462007476644,
3.1415641035443));
#3475=CARTESIAN_POINT('Ctrl Pts',(-0.46200000000003,-0.807462007476653,
3.1415641035443));
#3476=CARTESIAN_POINT('Ctrl Pts',(-0.46200000000002,-0.807462007476653,
3.3665641035443));
#3477=CARTESIAN_POINT('Ctrl Pts',(-0.462000000000015,-0.987462007476662,
3.3665641035443));
#3478=CARTESIAN_POINT('Ctrl Pts',(-0.462000000000005,-0.987462007476662,
3.59156410354431));
#3479=CARTESIAN_POINT('Ctrl Pts',(-0.461999999999995,-0.987462007476662,
3.81656410354432));
#3480=CARTESIAN_POINT('Ctrl Pts',(-0.461999999999999,-0.807462007476653,
3.81656410354432));
#3481=CARTESIAN_POINT('Ctrl Pts',(-0.462000000000003,-0.627462007476645,
3.81656410354432));
#3482=CARTESIAN_POINT('Ctrl Pts',(-0.462000000000013,-0.627462007476645,
3.59156410354431));
#3483=CARTESIAN_POINT('Ctrl Pts',(-0.462000000000024,-0.627462007476645,
3.3665641035443));
#3484=CARTESIAN_POINT('Ctrl Pts',(-0.46200000000002,-0.807462007476653,
3.3665641035443));
#3485=CARTESIAN_POINT('Ctrl Pts',(-0.462000000000009,-0.807462007476653,
3.5915641035443));
#3486=CARTESIAN_POINT('Ctrl Pts',(-0.462000000000009,-0.807462007476661,
3.5915641035443));
#3487=CARTESIAN_POINT('Ctrl Pts',(-0.462000000000009,-0.807462007476661,
3.59156410354431));
#3488=CARTESIAN_POINT('Ctrl Pts',(-0.462000000000009,-0.807462007476661,
3.59156410354432));
#3489=CARTESIAN_POINT('Ctrl Pts',(-0.462000000000009,-0.807462007476653,
3.59156410354432));
#3490=CARTESIAN_POINT('Ctrl Pts',(-0.462000000000009,-0.807462007476646,
3.59156410354432));
#3491=CARTESIAN_POINT('Ctrl Pts',(-0.462000000000009,-0.807462007476646,
3.59156410354431));
#3492=CARTESIAN_POINT('Ctrl Pts',(-0.462000000000009,-0.807462007476646,
3.5915641035443));
#3493=CARTESIAN_POINT('Ctrl Pts',(-0.462000000000009,-0.807462007476653,
3.5915641035443));
#3494=CARTESIAN_POINT('Ctrl Pts',(-0.282000000000009,-0.807462007476649,
3.59156410354429));
#3495=CARTESIAN_POINT('Ctrl Pts',(-0.282000000000009,-0.807462007476657,
3.59156410354429));
#3496=CARTESIAN_POINT('Ctrl Pts',(-0.282000000000009,-0.807462007476657,
3.5915641035443));
#3497=CARTESIAN_POINT('Ctrl Pts',(-0.282000000000009,-0.807462007476657,
3.59156410354431));
#3498=CARTESIAN_POINT('Ctrl Pts',(-0.282000000000009,-0.807462007476649,
3.59156410354431));
#3499=CARTESIAN_POINT('Ctrl Pts',(-0.282000000000009,-0.807462007476642,
3.59156410354431));
#3500=CARTESIAN_POINT('Ctrl Pts',(-0.282000000000009,-0.807462007476642,
3.5915641035443));
#3501=CARTESIAN_POINT('Ctrl Pts',(-0.282000000000009,-0.807462007476642,
3.59156410354429));
#3502=CARTESIAN_POINT('Ctrl Pts',(-0.282000000000009,-0.807462007476649,
3.59156410354429));
#3503=CARTESIAN_POINT('',(-0.462,-0.694360362598365,3.76659989419612));
#3504=CARTESIAN_POINT('Origin',(-0.282,-0.694360362598365,3.76659989419612));
#3505=CARTESIAN_POINT('Origin',(-0.462,-0.807462007476647,3.5915641035443));
#3506=CARTESIAN_POINT('Ctrl Pts',(-0.282000000000045,-0.581258717720105,
3.94163568484793));
#3507=CARTESIAN_POINT('Ctrl Pts',(-0.282000000000045,-0.581258717720102,
3.94163568484793));
#3508=CARTESIAN_POINT('Ctrl Pts',(-0.282000000000045,-0.581258717720099,
3.94163568484793));
#3509=CARTESIAN_POINT('Ctrl Pts',(-0.282000000000045,-0.581258717720041,
3.94163568484793));
#3510=CARTESIAN_POINT('Ctrl Pts',(-0.282000000000045,-0.581258717720041,
3.94163568484786));
#3511=CARTESIAN_POINT('Ctrl Pts',(-0.282000000000045,-0.581258717720041,
3.94163568484779));
#3512=CARTESIAN_POINT('Ctrl Pts',(-0.282000000000045,-0.581258717720099,
3.94163568484779));
#3513=CARTESIAN_POINT('Ctrl Pts',(-0.282000000000045,-0.581258717720155,
3.94163568484779));
#3514=CARTESIAN_POINT('Ctrl Pts',(-0.282000000000045,-0.581258717720155,
3.94163568484786));
#3515=CARTESIAN_POINT('Ctrl Pts',(-0.282000000000045,-0.581258717720155,
3.94163568484793));
#3516=CARTESIAN_POINT('Ctrl Pts',(-0.282000000000045,-0.581258717720105,
3.94163568484793));
#3517=CARTESIAN_POINT('Ctrl Pts',(-0.102000000000045,-0.581258717720092,
3.94163568484799));
#3518=CARTESIAN_POINT('Ctrl Pts',(-0.102000000000045,-0.581258717720089,
3.94163568484799));
#3519=CARTESIAN_POINT('Ctrl Pts',(-0.102000000000045,-0.581258717720086,
3.94163568484799));
#3520=CARTESIAN_POINT('Ctrl Pts',(-0.102000000000045,-0.581258717720029,
3.94163568484799));
#3521=CARTESIAN_POINT('Ctrl Pts',(-0.102000000000045,-0.581258717720029,
3.94163568484792));
#3522=CARTESIAN_POINT('Ctrl Pts',(-0.102000000000045,-0.581258717720029,
3.94163568484785));
#3523=CARTESIAN_POINT('Ctrl Pts',(-0.102000000000045,-0.581258717720086,
3.94163568484785));
#3524=CARTESIAN_POINT('Ctrl Pts',(-0.102000000000045,-0.581258717720143,
3.94163568484785));
#3525=CARTESIAN_POINT('Ctrl Pts',(-0.102000000000045,-0.581258717720143,
3.94163568484792));
#3526=CARTESIAN_POINT('Ctrl Pts',(-0.102000000000045,-0.581258717720143,
3.94163568484798));
#3527=CARTESIAN_POINT('Ctrl Pts',(-0.102000000000045,-0.581258717720092,
3.94163568484799));
#3528=CARTESIAN_POINT('Ctrl Pts',(-0.102000000000001,-0.561723008516963,
3.71796476283751));
#3529=CARTESIAN_POINT('Ctrl Pts',(-0.102,-0.571461928235699,3.71663568484799));
#3530=CARTESIAN_POINT('Ctrl Pts',(-0.101999999999999,-0.581258717720086,
3.71663568484799));
#3531=CARTESIAN_POINT('Ctrl Pts',(-0.101999999999987,-0.761258717720029,
3.71663568484799));
#3532=CARTESIAN_POINT('Ctrl Pts',(-0.102000000000033,-0.76125871772003,
3.94163568484792));
#3533=CARTESIAN_POINT('Ctrl Pts',(-0.102000000000078,-0.761258717720029,
4.16663568484785));
#3534=CARTESIAN_POINT('Ctrl Pts',(-0.10200000000009,-0.581258717720086,
4.16663568484785));
#3535=CARTESIAN_POINT('Ctrl Pts',(-0.102000000000102,-0.401258717720144,
4.16663568484785));
#3536=CARTESIAN_POINT('Ctrl Pts',(-0.102000000000057,-0.401258717720143,
3.94163568484792));
#3537=CARTESIAN_POINT('Ctrl Pts',(-0.102000000000016,-0.401258717720144,
3.73986345008022));
#3538=CARTESIAN_POINT('Ctrl Pts',(-0.102000000000001,-0.561723008516963,
3.71796476283751));
#3539=CARTESIAN_POINT('Ctrl Pts',(-0.101999999999957,-0.542187299313832,
3.49429384082703));
#3540=CARTESIAN_POINT('Ctrl Pts',(-0.101999999999955,-0.561665138751307,
3.49163568484799));
#3541=CARTESIAN_POINT('Ctrl Pts',(-0.101999999999954,-0.581258717720086,
3.49163568484799));
#3542=CARTESIAN_POINT('Ctrl Pts',(-0.101999999999929,-0.941258717720029,
3.49163568484799));
#3543=CARTESIAN_POINT('Ctrl Pts',(-0.102000000000021,-0.94125871772003,
3.94163568484792));
#3544=CARTESIAN_POINT('Ctrl Pts',(-0.102000000000112,-0.941258717720029,
4.39163568484785));
#3545=CARTESIAN_POINT('Ctrl Pts',(-0.102000000000136,-0.581258717720086,
4.39163568484785));
#3546=CARTESIAN_POINT('Ctrl Pts',(-0.10200000000016,-0.221258717720143,
4.39163568484785));
#3547=CARTESIAN_POINT('Ctrl Pts',(-0.102000000000069,-0.221258717720143,
3.94163568484792));
#3548=CARTESIAN_POINT('Ctrl Pts',(-0.101999999999987,-0.221258717720143,
3.53809121531246));
#3549=CARTESIAN_POINT('Ctrl Pts',(-0.101999999999957,-0.542187299313832,
3.49429384082703));
#3550=CARTESIAN_POINT('Ctrl Pts',(-0.281999999999957,-0.542187299313844,
3.49429384082698));
#3551=CARTESIAN_POINT('Ctrl Pts',(-0.281999999999955,-0.56166513875132,
3.49163568484793));
#3552=CARTESIAN_POINT('Ctrl Pts',(-0.281999999999954,-0.581258717720099,
3.49163568484793));
#3553=CARTESIAN_POINT('Ctrl Pts',(-0.281999999999929,-0.941258717720041,
3.49163568484793));
#3554=CARTESIAN_POINT('Ctrl Pts',(-0.282000000000021,-0.941258717720042,
3.94163568484786));
#3555=CARTESIAN_POINT('Ctrl Pts',(-0.282000000000112,-0.941258717720041,
4.39163568484779));
#3556=CARTESIAN_POINT('Ctrl Pts',(-0.282000000000136,-0.581258717720099,
4.39163568484779));
#3557=CARTESIAN_POINT('Ctrl Pts',(-0.28200000000016,-0.221258717720155,
4.39163568484779));
#3558=CARTESIAN_POINT('Ctrl Pts',(-0.282000000000069,-0.221258717720155,
3.94163568484786));
#3559=CARTESIAN_POINT('Ctrl Pts',(-0.281999999999987,-0.221258717720155,
3.5380912153124));
#3560=CARTESIAN_POINT('Ctrl Pts',(-0.281999999999957,-0.542187299313844,
3.49429384082698));
#3561=CARTESIAN_POINT('Ctrl Pts',(-0.461999999999957,-0.542187299313856,
3.49429384082692));
#3562=CARTESIAN_POINT('Ctrl Pts',(-0.461999999999955,-0.561665138751332,
3.49163568484788));
#3563=CARTESIAN_POINT('Ctrl Pts',(-0.461999999999954,-0.581258717720111,
3.49163568484788));
#3564=CARTESIAN_POINT('Ctrl Pts',(-0.461999999999929,-0.941258717720054,
3.49163568484788));
#3565=CARTESIAN_POINT('Ctrl Pts',(-0.462000000000021,-0.941258717720054,
3.9416356848478));
#3566=CARTESIAN_POINT('Ctrl Pts',(-0.462000000000112,-0.941258717720054,
4.39163568484773));
#3567=CARTESIAN_POINT('Ctrl Pts',(-0.462000000000136,-0.581258717720111,
4.39163568484773));
#3568=CARTESIAN_POINT('Ctrl Pts',(-0.46200000000016,-0.221258717720168,
4.39163568484773));
#3569=CARTESIAN_POINT('Ctrl Pts',(-0.462000000000069,-0.221258717720167,
3.9416356848478));
#3570=CARTESIAN_POINT('Ctrl Pts',(-0.461999999999987,-0.221258717720168,
3.53809121531234));
#3571=CARTESIAN_POINT('Ctrl Pts',(-0.461999999999957,-0.542187299313856,
3.49429384082692));
#3572=CARTESIAN_POINT('Ctrl Pts',(-0.462000000000001,-0.561723008516987,
3.7179647628374));
#3573=CARTESIAN_POINT('Ctrl Pts',(-0.462,-0.571461928235723,3.71663568484788));
#3574=CARTESIAN_POINT('Ctrl Pts',(-0.461999999999999,-0.581258717720111,
3.71663568484788));
#3575=CARTESIAN_POINT('Ctrl Pts',(-0.461999999999987,-0.761258717720053,
3.71663568484788));
#3576=CARTESIAN_POINT('Ctrl Pts',(-0.462000000000033,-0.761258717720053,
3.9416356848478));
#3577=CARTESIAN_POINT('Ctrl Pts',(-0.462000000000078,-0.761258717720053,
4.16663568484773));
#3578=CARTESIAN_POINT('Ctrl Pts',(-0.46200000000009,-0.581258717720111,
4.16663568484773));
#3579=CARTESIAN_POINT('Ctrl Pts',(-0.462000000000102,-0.401258717720168,
4.16663568484773));
#3580=CARTESIAN_POINT('Ctrl Pts',(-0.462000000000057,-0.401258717720168,
3.9416356848478));
#3581=CARTESIAN_POINT('Ctrl Pts',(-0.462000000000016,-0.401258717720168,
3.73986345008011));
#3582=CARTESIAN_POINT('Ctrl Pts',(-0.462000000000001,-0.561723008516987,
3.7179647628374));
#3583=CARTESIAN_POINT('Ctrl Pts',(-0.462000000000045,-0.581258717720117,
3.94163568484788));
#3584=CARTESIAN_POINT('Ctrl Pts',(-0.462000000000045,-0.581258717720114,
3.94163568484788));
#3585=CARTESIAN_POINT('Ctrl Pts',(-0.462000000000045,-0.581258717720111,
3.94163568484788));
#3586=CARTESIAN_POINT('Ctrl Pts',(-0.462000000000045,-0.581258717720053,
3.94163568484788));
#3587=CARTESIAN_POINT('Ctrl Pts',(-0.462000000000045,-0.581258717720053,
3.9416356848478));
#3588=CARTESIAN_POINT('Ctrl Pts',(-0.462000000000045,-0.581258717720053,
3.94163568484773));
#3589=CARTESIAN_POINT('Ctrl Pts',(-0.462000000000045,-0.581258717720111,
3.94163568484773));
#3590=CARTESIAN_POINT('Ctrl Pts',(-0.462000000000045,-0.581258717720168,
3.94163568484773));
#3591=CARTESIAN_POINT('Ctrl Pts',(-0.462000000000045,-0.581258717720168,
3.9416356848478));
#3592=CARTESIAN_POINT('Ctrl Pts',(-0.462000000000045,-0.581258717720168,
3.94163568484787));
#3593=CARTESIAN_POINT('Ctrl Pts',(-0.462000000000045,-0.581258717720117,
3.94163568484788));
#3594=CARTESIAN_POINT('Ctrl Pts',(-0.282000000000045,-0.581258717720105,
3.94163568484793));
#3595=CARTESIAN_POINT('Ctrl Pts',(-0.282000000000045,-0.581258717720102,
3.94163568484793));
#3596=CARTESIAN_POINT('Ctrl Pts',(-0.282000000000045,-0.581258717720099,
3.94163568484793));
#3597=CARTESIAN_POINT('Ctrl Pts',(-0.282000000000045,-0.581258717720041,
3.94163568484793));
#3598=CARTESIAN_POINT('Ctrl Pts',(-0.282000000000045,-0.581258717720041,
3.94163568484786));
#3599=CARTESIAN_POINT('Ctrl Pts',(-0.282000000000045,-0.581258717720041,
3.94163568484779));
#3600=CARTESIAN_POINT('Ctrl Pts',(-0.282000000000045,-0.581258717720099,
3.94163568484779));
#3601=CARTESIAN_POINT('Ctrl Pts',(-0.282000000000045,-0.581258717720155,
3.94163568484779));
#3602=CARTESIAN_POINT('Ctrl Pts',(-0.282000000000045,-0.581258717720155,
3.94163568484786));
#3603=CARTESIAN_POINT('Ctrl Pts',(-0.282000000000045,-0.581258717720155,
3.94163568484793));
#3604=CARTESIAN_POINT('Ctrl Pts',(-0.282000000000045,-0.581258717720105,
3.94163568484793));
#3605=CARTESIAN_POINT('Origin',(-0.462,-0.581258717720084,3.94163568484793));
#3606=CARTESIAN_POINT('Ctrl Pts',(-0.282,-1.11532942460003,3.82480771771794));
#3607=CARTESIAN_POINT('Ctrl Pts',(-0.282,-1.11886234942122,3.81752139524826));
#3608=CARTESIAN_POINT('Ctrl Pts',(-0.282,-1.12232882916479,3.81018537614042));
#3609=CARTESIAN_POINT('Ctrl Pts',(0.15,-1.11532942460003,3.82480771771794));
#3610=CARTESIAN_POINT('Ctrl Pts',(0.15,-1.11886234942122,3.81752139524826));
#3611=CARTESIAN_POINT('Ctrl Pts',(0.15,-1.12232882916479,3.81018537614042));
#3612=CARTESIAN_POINT('',(-0.462,-1.12232882916479,3.81018537614042));
#3613=CARTESIAN_POINT('Ctrl Pts',(-0.462,-0.661840428615,2.836088416613));
#3614=CARTESIAN_POINT('Ctrl Pts',(-0.462,-0.595188253478738,2.97320154278132));
#3615=CARTESIAN_POINT('Ctrl Pts',(-0.462,-0.575984190261122,3.13183694630947));
#3616=CARTESIAN_POINT('Ctrl Pts',(0.33,-0.661840428615,2.836088416613));
#3617=CARTESIAN_POINT('Ctrl Pts',(0.33,-0.595188253478738,2.97320154278132));
#3618=CARTESIAN_POINT('Ctrl Pts',(0.33,-0.575984190261122,3.13183694630947));
#3619=CARTESIAN_POINT('',(-0.462,-0.661840428615004,2.836088416613));
#3620=CARTESIAN_POINT('Origin',(-0.462,-1.20880936898027,3.25153767266389));
#3621=CARTESIAN_POINT('',(-0.462,-0.661840428615004,2.836088416613));
#3622=CARTESIAN_POINT('Ctrl Pts',(-0.462,-0.733162168067592,2.77744609287979));
#3623=CARTESIAN_POINT('Ctrl Pts',(-0.462,-0.695624653455361,2.8032009957429));
#3624=CARTESIAN_POINT('Ctrl Pts',(-0.462,-0.661840428614998,2.836088416613));
#3625=CARTESIAN_POINT('Ctrl Pts',(0.33,-0.733162168067592,2.77744609287979));
#3626=CARTESIAN_POINT('Ctrl Pts',(0.33,-0.695624653455361,2.8032009957429));
#3627=CARTESIAN_POINT('Ctrl Pts',(0.33,-0.661840428614998,2.836088416613));
#3628=CARTESIAN_POINT('',(-0.462,-0.733162168067592,2.77744609287979));
#3629=CARTESIAN_POINT('Origin',(-0.462,-0.990698772928473,3.36394146569365));
#3630=CARTESIAN_POINT('',(-0.462,-0.733162168067592,2.77744609287979));
#3631=CARTESIAN_POINT('Ctrl Pts',(-0.462,-0.814399492410551,2.81023799873014));
#3632=CARTESIAN_POINT('Ctrl Pts',(-0.462,-0.774830221847323,2.78977998364017));
#3633=CARTESIAN_POINT('Ctrl Pts',(-0.462,-0.733162168067589,2.7774460928798));
#3634=CARTESIAN_POINT('Ctrl Pts',(0.33,-0.814399492410551,2.81023799873014));
#3635=CARTESIAN_POINT('Ctrl Pts',(0.33,-0.774830221847323,2.78977998364017));
#3636=CARTESIAN_POINT('Ctrl Pts',(0.33,-0.733162168067589,2.7774460928798));
#3637=CARTESIAN_POINT('',(-0.462,-0.814399492410552,2.81023799873014));
#3638=CARTESIAN_POINT('Origin',(-0.462,-0.609829210143611,3.428478026891));
#3639=CARTESIAN_POINT('',(-0.462,-0.814399492410552,2.81023799873014));
#3640=CARTESIAN_POINT('Ctrl Pts',(-0.462,-0.960144834476373,3.06674272679839));
#3641=CARTESIAN_POINT('Ctrl Pts',(-0.462,-0.907848199878092,2.92022278118845));
#3642=CARTESIAN_POINT('Ctrl Pts',(-0.462,-0.814399492410553,2.81023799873014));
#3643=CARTESIAN_POINT('Ctrl Pts',(0.33,-0.960144834476373,3.06674272679839));
#3644=CARTESIAN_POINT('Ctrl Pts',(0.33,-0.907848199878092,2.92022278118845));
#3645=CARTESIAN_POINT('Ctrl Pts',(0.33,-0.814399492410553,2.81023799873014));
#3646=CARTESIAN_POINT('',(-0.462,-0.960144834476374,3.06674272679839));
#3647=CARTESIAN_POINT('Origin',(-0.462,-0.375650398150404,3.39271255289039));
#3648=CARTESIAN_POINT('',(-0.462,-0.960144834476374,3.06674272679839));
#3649=CARTESIAN_POINT('Ctrl Pts',(-0.462,-1.12232882916479,3.81018537614042));
#3650=CARTESIAN_POINT('Ctrl Pts',(-0.462,-1.06978719855545,3.42873227245504));
#3651=CARTESIAN_POINT('Ctrl Pts',(-0.462,-0.960144834476373,3.06674272679839));
#3652=CARTESIAN_POINT('Ctrl Pts',(0.33,-1.12232882916479,3.81018537614042));
#3653=CARTESIAN_POINT('Ctrl Pts',(0.33,-1.06978719855545,3.42873227245504));
#3654=CARTESIAN_POINT('Ctrl Pts',(0.33,-0.960144834476373,3.06674272679839));
#3655=CARTESIAN_POINT('Origin',(-0.462,2.05620554007483,4.49426921687912));
#3656=CARTESIAN_POINT('Origin',(-0.462,-0.842267945512638,3.40950509821205));
#3657=UNCERTAINTY_MEASURE_WITH_UNIT(LENGTH_MEASURE(0.000393700787401575),
#3662,'DISTANCE_ACCURACY_VALUE',
'Maximum model space distance between geometric entities at asserted c
onnectivities');
#3658=UNCERTAINTY_MEASURE_WITH_UNIT(LENGTH_MEASURE(0.000393700787401575),
#3662,'DISTANCE_ACCURACY_VALUE',
'Maximum model space distance between geometric entities at asserted c
onnectivities');
#3659=(
GEOMETRIC_REPRESENTATION_CONTEXT(3)
GLOBAL_UNCERTAINTY_ASSIGNED_CONTEXT((#3657))
GLOBAL_UNIT_ASSIGNED_CONTEXT((#3662,#3666,#3667))
REPRESENTATION_CONTEXT('','3D')
);
#3660=(
GEOMETRIC_REPRESENTATION_CONTEXT(3)
GLOBAL_UNCERTAINTY_ASSIGNED_CONTEXT((#3658))
GLOBAL_UNIT_ASSIGNED_CONTEXT((#3662,#3666,#3667))
REPRESENTATION_CONTEXT('','3D')
);
#3661=DIMENSIONAL_EXPONENTS(1.,0.,0.,0.,0.,0.,0.);
#3662=(
CONVERSION_BASED_UNIT('inch',#3665)
LENGTH_UNIT()
NAMED_UNIT(#3661)
);
#3663=(
LENGTH_UNIT()
NAMED_UNIT(*)
SI_UNIT(.MILLI.,.METRE.)
);
#3664=(
LENGTH_UNIT()
NAMED_UNIT(*)
SI_UNIT($,.METRE.)
);
#3665=LENGTH_MEASURE_WITH_UNIT(LENGTH_MEASURE(25.4),#3663);
#3666=(
NAMED_UNIT(*)
PLANE_ANGLE_UNIT()
SI_UNIT($,.RADIAN.)
);
#3667=(
NAMED_UNIT(*)
SI_UNIT($,.STERADIAN.)
SOLID_ANGLE_UNIT()
);
#3668=SHAPE_DEFINITION_REPRESENTATION(#3669,#3670);
#3669=PRODUCT_DEFINITION_SHAPE('',$,#3672);
#3670=SHAPE_REPRESENTATION('',(#897),#3659);
#3671=PRODUCT_DEFINITION_CONTEXT('part definition',#3676,'design');
#3672=PRODUCT_DEFINITION('2026-08-20-20-47-53-280','MO Arms v12',#3673,
#3671);
#3673=PRODUCT_DEFINITION_FORMATION('',$,#3678);
#3674=PRODUCT_RELATED_PRODUCT_CATEGORY('MO Arms v12','MO Arms v12',(#3678));
#3675=APPLICATION_PROTOCOL_DEFINITION('international standard',
'automotive_design',2009,#3676);
#3676=APPLICATION_CONTEXT(
'Core Data for Automotive Mechanical Design Process');
#3677=PRODUCT_CONTEXT('part definition',#3676,'mechanical');
#3678=PRODUCT('2026-08-20-20-47-53-280','MO Arms v12',$,(#3677));
#3679=PRESENTATION_STYLE_ASSIGNMENT((#3684));
#3680=PRESENTATION_STYLE_ASSIGNMENT((#3685));
#3681=PRESENTATION_STYLE_ASSIGNMENT((#3686));
#3682=PRESENTATION_STYLE_ASSIGNMENT((#3687));
#3683=PRESENTATION_STYLE_ASSIGNMENT((#3688));
#3684=SURFACE_STYLE_USAGE(.BOTH.,#3689);
#3685=SURFACE_STYLE_USAGE(.BOTH.,#3690);
#3686=SURFACE_STYLE_USAGE(.BOTH.,#3691);
#3687=SURFACE_STYLE_USAGE(.BOTH.,#3692);
#3688=SURFACE_STYLE_USAGE(.BOTH.,#3693);
#3689=SURFACE_SIDE_STYLE('',(#3694));
#3690=SURFACE_SIDE_STYLE('',(#3695));
#3691=SURFACE_SIDE_STYLE('',(#3696));
#3692=SURFACE_SIDE_STYLE('',(#3697));
#3693=SURFACE_SIDE_STYLE('',(#3698));
#3694=SURFACE_STYLE_FILL_AREA(#3699);
#3695=SURFACE_STYLE_FILL_AREA(#3700);
#3696=SURFACE_STYLE_FILL_AREA(#3701);
#3697=SURFACE_STYLE_FILL_AREA(#3702);
#3698=SURFACE_STYLE_FILL_AREA(#3703);
#3699=FILL_AREA_STYLE('Plate',(#3704));
#3700=FILL_AREA_STYLE('Opaque(246,246,243)',(#3705));
#3701=FILL_AREA_STYLE('Plastic - Matte (White)',(#3706));
#3702=FILL_AREA_STYLE('Plastic - Matte (Black)',(#3707));
#3703=FILL_AREA_STYLE('Opaque(25,25,25)',(#3708));
#3704=FILL_AREA_STYLE_COLOUR('Plate',#3709);
#3705=FILL_AREA_STYLE_COLOUR('Opaque(246,246,243)',#3710);
#3706=FILL_AREA_STYLE_COLOUR('Plastic - Matte (White)',#3711);
#3707=FILL_AREA_STYLE_COLOUR('Plastic - Matte (Black)',#3712);
#3708=FILL_AREA_STYLE_COLOUR('Opaque(25,25,25)',#3713);
#3709=COLOUR_RGB('Plate',0.6,0.6,0.6);
#3710=COLOUR_RGB('Opaque(246,246,243)',0.964705882352941,0.964705882352941,
0.952941176470588);
#3711=COLOUR_RGB('Plastic - Matte (White)',0.964705882352941,0.964705882352941,
0.952941176470588);
#3712=COLOUR_RGB('Plastic - Matte (Black)',0.0980392156862745,0.0980392156862745,
0.0980392156862745);
#3713=COLOUR_RGB('Opaque(25,25,25)',0.0980392156862745,0.0980392156862745,
0.0980392156862745);
ENDSEC;
END-ISO-10303-21;
