ISO-10303-21;
HEADER;
/* Generated by software containing ST-Developer
 * from STEP Tools, Inc. (www.steptools.com) 
 */

FILE_DESCRIPTION(
/* description */ (''),
/* implementation_level */ '2;1');

FILE_NAME(
/* name */ 'Main_body.step',
/* time_stamp */ '2026-08-30T11:47:34+03:00',
/* author */ (''),
/* organization */ (''),
/* preprocessor_version */ 'ST-DEVELOPER v20.1',
/* originating_system */ 'Autodesk Translation Framework v15.8.0.0',
/* authorisation */ '');

FILE_SCHEMA (('AUTOMOTIVE_DESIGN { 1 0 10303 214 3 1 1 }'));
ENDSEC;

DATA;
#10=MECHANICAL_DESIGN_GEOMETRIC_PRESENTATION_REPRESENTATION('',(#187,#188,
#189),#5140);
#11=ITEM_DEFINED_TRANSFORMATION($,$,#1904,#2057);
#12=ITEM_DEFINED_TRANSFORMATION($,$,#1903,#2068);
#13=(
REPRESENTATION_RELATIONSHIP($,$,#5155,#5154)
REPRESENTATION_RELATIONSHIP_WITH_TRANSFORMATION(#11)
SHAPE_REPRESENTATION_RELATIONSHIP()
);
#14=(
REPRESENTATION_RELATIONSHIP($,$,#5154,#5153)
REPRESENTATION_RELATIONSHIP_WITH_TRANSFORMATION(#12)
SHAPE_REPRESENTATION_RELATIONSHIP()
);
#15=CONTEXT_DEPENDENT_SHAPE_REPRESENTATION(#13,#5151);
#16=CONTEXT_DEPENDENT_SHAPE_REPRESENTATION(#14,#5152);
#17=NEXT_ASSEMBLY_USAGE_OCCURRENCE('Component2:1','Component2:1',
'Component2:1',#5158,#5159,'Component2:1');
#18=NEXT_ASSEMBLY_USAGE_OCCURRENCE('Base:1','Base:1','Base:1',#5157,#5158,
'Base:1');
#19=CONICAL_SURFACE('',#2006,17.5,0.785398163397448);
#20=CONICAL_SURFACE('',#2010,17.5,0.785398163397449);
#21=CONICAL_SURFACE('',#2014,17.5,0.785398163397448);
#22=CONICAL_SURFACE('',#2018,17.5,0.785398163397448);
#23=CONICAL_SURFACE('',#2031,16.5,0.785398163397448);
#24=CONICAL_SURFACE('',#2034,16.5,0.785398163397448);
#25=CONICAL_SURFACE('',#2038,16.5,0.785398163397449);
#26=CONICAL_SURFACE('',#2042,16.5,0.785398163397448);
#27=SPHERICAL_SURFACE('',#1989,10.);
#28=SPHERICAL_SURFACE('',#1994,10.);
#29=SPHERICAL_SURFACE('',#1996,10.);
#30=SPHERICAL_SURFACE('',#1998,10.);
#31=ELLIPSE('',#1982,25.,12.4576371576401);
#32=(
BOUNDED_SURFACE()
B_SPLINE_SURFACE(1,2,((#4059,#4060,#4061,#4062,#4063,#4064,#4065,#4066,
#4067),(#4068,#4069,#4070,#4071,#4072,#4073,#4074,#4075,#4076)),
 .UNSPECIFIED.,.F.,.T.,.F.)
B_SPLINE_SURFACE_WITH_KNOTS((2,2),(3,2,2,2,3),(0.0800000000000001,0.6),
(-3.14159265358979,-1.5707963267949,0.,1.5707963267949,3.14159265358979),
 .UNSPECIFIED.)
GEOMETRIC_REPRESENTATION_ITEM()
RATIONAL_B_SPLINE_SURFACE(((1.,0.707106781186548,1.,0.707106781186548,1.,
0.707106781186548,1.,0.707106781186548,1.),(1.,0.707106781186548,1.,0.707106781186548,
1.,0.707106781186548,1.,0.707106781186548,1.)))
REPRESENTATION_ITEM('')
SURFACE()
);
#33=(
BOUNDED_SURFACE()
B_SPLINE_SURFACE(1,2,((#4477,#4478,#4479,#4480,#4481,#4482,#4483,#4484,
#4485),(#4486,#4487,#4488,#4489,#4490,#4491,#4492,#4493,#4494)),
 .UNSPECIFIED.,.F.,.T.,.F.)
B_SPLINE_SURFACE_WITH_KNOTS((2,2),(3,2,2,2,3),(0.0399999999999999,0.16),
(-3.14159265358979,-1.5707963267949,0.,1.5707963267949,3.14159265358979),
 .UNSPECIFIED.)
GEOMETRIC_REPRESENTATION_ITEM()
RATIONAL_B_SPLINE_SURFACE(((1.,0.707106781186548,1.,0.707106781186548,1.,
0.707106781186548,1.,0.707106781186548,1.),(1.,0.707106781186548,1.,0.707106781186548,
1.,0.707106781186548,1.,0.707106781186548,1.)))
REPRESENTATION_ITEM('')
SURFACE()
);
#34=FACE_BOUND('',#335,.T.);
#35=FACE_BOUND('',#336,.T.);
#36=FACE_BOUND('',#347,.T.);
#37=FACE_BOUND('',#358,.T.);
#38=FACE_BOUND('',#372,.T.);
#39=FACE_BOUND('',#374,.T.);
#40=FACE_BOUND('',#385,.T.);
#41=FACE_BOUND('',#387,.T.);
#42=FACE_BOUND('',#391,.T.);
#43=FACE_BOUND('',#394,.T.);
#44=FACE_BOUND('',#395,.T.);
#45=FACE_BOUND('',#396,.T.);
#46=FACE_BOUND('',#397,.T.);
#47=FACE_BOUND('',#398,.T.);
#48=FACE_BOUND('',#401,.T.);
#49=FACE_BOUND('',#405,.T.);
#50=CYLINDRICAL_SURFACE('',#1917,1.5);
#51=CYLINDRICAL_SURFACE('',#1921,1.5);
#52=CYLINDRICAL_SURFACE('',#1924,2.25);
#53=CYLINDRICAL_SURFACE('',#1928,2.25);
#54=CYLINDRICAL_SURFACE('',#1934,1.5);
#55=CYLINDRICAL_SURFACE('',#1938,1.5);
#56=CYLINDRICAL_SURFACE('',#1941,1.5);
#57=CYLINDRICAL_SURFACE('',#1947,1.5);
#58=CYLINDRICAL_SURFACE('',#1950,10.);
#59=CYLINDRICAL_SURFACE('',#1953,20.7920285609061);
#60=CYLINDRICAL_SURFACE('',#1957,20.7920285609061);
#61=CYLINDRICAL_SURFACE('',#1966,11.3995385284482);
#62=CYLINDRICAL_SURFACE('',#1969,11.3995385284482);
#63=CYLINDRICAL_SURFACE('',#1972,11.3995385284477);
#64=CYLINDRICAL_SURFACE('',#1977,11.3995385284477);
#65=CYLINDRICAL_SURFACE('',#1983,10.);
#66=CYLINDRICAL_SURFACE('',#1986,10.);
#67=CYLINDRICAL_SURFACE('',#1991,10.);
#68=CYLINDRICAL_SURFACE('',#2000,10.);
#69=CYLINDRICAL_SURFACE('',#2003,10.);
#70=CYLINDRICAL_SURFACE('',#2021,20.);
#71=CYLINDRICAL_SURFACE('',#2024,20.);
#72=CYLINDRICAL_SURFACE('',#2044,20.);
#73=CYLINDRICAL_SURFACE('',#2048,10.);
#74=CYLINDRICAL_SURFACE('',#2051,10.);
#75=CYLINDRICAL_SURFACE('',#2053,20.);
#76=CIRCLE('',#1915,2.50000000000007);
#77=CIRCLE('',#1918,1.5);
#78=CIRCLE('',#1919,1.5);
#79=CIRCLE('',#1922,1.5);
#80=CIRCLE('',#1923,1.5);
#81=CIRCLE('',#1925,2.25);
#82=CIRCLE('',#1927,10.);
#83=CIRCLE('',#1929,2.25);
#84=CIRCLE('',#1930,2.25);
#85=CIRCLE('',#1932,10.);
#86=CIRCLE('',#1935,1.5);
#87=CIRCLE('',#1936,1.5);
#88=CIRCLE('',#1939,1.5);
#89=CIRCLE('',#1940,1.5);
#90=CIRCLE('',#1942,1.5);
#91=CIRCLE('',#1944,10.);
#92=CIRCLE('',#1946,10.);
#93=CIRCLE('',#1948,1.5);
#94=CIRCLE('',#1949,1.5);
#95=CIRCLE('',#1951,10.);
#96=CIRCLE('',#1952,10.);
#97=CIRCLE('',#1954,20.7920285609061);
#98=CIRCLE('',#1955,20.7920285609061);
#99=CIRCLE('',#1958,20.7920285609061);
#100=CIRCLE('',#1959,20.7920285609061);
#101=CIRCLE('',#1960,20.7920285609061);
#102=CIRCLE('',#1967,11.3995385284482);
#103=CIRCLE('',#1968,11.3995385284482);
#104=CIRCLE('',#1970,11.3995385284482);
#105=CIRCLE('',#1971,11.3995385284482);
#106=CIRCLE('',#1973,11.3995385284477);
#107=CIRCLE('',#1974,11.3995385284477);
#108=CIRCLE('',#1978,11.3995385284477);
#109=CIRCLE('',#1979,11.3995385284477);
#110=CIRCLE('',#1980,2.);
#111=CIRCLE('',#1984,10.);
#112=CIRCLE('',#1985,10.);
#113=CIRCLE('',#1987,10.);
#114=CIRCLE('',#1988,10.);
#115=CIRCLE('',#1990,10.);
#116=CIRCLE('',#1992,10.);
#117=CIRCLE('',#1993,10.);
#118=CIRCLE('',#1995,10.);
#119=CIRCLE('',#1997,10.);
#120=CIRCLE('',#1999,10.);
#121=CIRCLE('',#2001,10.);
#122=CIRCLE('',#2004,10.);
#123=CIRCLE('',#2007,15.);
#124=CIRCLE('',#2008,20.);
#125=CIRCLE('',#2011,15.);
#126=CIRCLE('',#2012,20.);
#127=CIRCLE('',#2015,15.);
#128=CIRCLE('',#2016,20.);
#129=CIRCLE('',#2019,15.);
#130=CIRCLE('',#2020,20.);
#131=CIRCLE('',#2022,20.);
#132=CIRCLE('',#2025,20.);
#133=CIRCLE('',#2028,10.);
#134=CIRCLE('',#2029,10.);
#135=CIRCLE('',#2032,13.);
#136=CIRCLE('',#2035,20.);
#137=CIRCLE('',#2036,13.);
#138=CIRCLE('',#2039,20.);
#139=CIRCLE('',#2040,13.);
#140=CIRCLE('',#2043,13.);
#141=CIRCLE('',#2046,40.);
#142=CIRCLE('',#2055,0.999999999999996);
#143=B_SPLINE_CURVE_WITH_KNOTS('',3,(#2808,#2809,#2810,#2811,#2812),
 .UNSPECIFIED.,.F.,.F.,(4,1,4),(-1.,-0.571428571428571,0.),
 .UNSPECIFIED.);
#144=B_SPLINE_CURVE_WITH_KNOTS('',3,(#2814,#2815,#2816,#2817,#2818,#2819,
#2820,#2821,#2822,#2823,#2824,#2825,#2826,#2827,#2828,#2829,#2830,#2831,
#2832,#2833,#2834,#2835,#2836,#2837,#2838,#2839,#2840,#2841,#2842,#2843,
#2844,#2845,#2846,#2847,#2848,#2849,#2850,#2851,#2852,#2853,#2854,#2855,
#2856,#2857,#2858,#2859,#2860,#2861,#2862,#2863,#2864,#2865,#2866,#2867,
#2868,#2869,#2870,#2871,#2872,#2873,#2874,#2875,#2876,#2877,#2878,#2879,
#2880,#2881,#2882,#2883,#2884,#2885,#2886,#2887,#2888,#2889,#2890,#2891,
#2892,#2893,#2894,#2895,#2896,#2897,#2898,#2899,#2900,#2901,#2902,#2903,
#2904,#2905,#2906,#2907,#2908,#2909,#2910,#2911,#2912,#2913,#2914,#2915,
#2916,#2917,#2918,#2919,#2920,#2921,#2922,#2923,#2924,#2925,#2926,#2927,
#2928,#2929,#2930,#2931,#2932,#2933,#2934,#2935,#2936,#2937,#2938,#2939,
#2940,#2941,#2942,#2943,#2944,#2945,#2946,#2947,#2948,#2949,#2950,#2951,
#2952,#2953,#2954,#2955,#2956,#2957,#2958,#2959,#2960,#2961,#2962,#2963,
#2964,#2965,#2966,#2967,#2968,#2969,#2970,#2971,#2972,#2973,#2974,#2975,
#2976,#2977,#2978,#2979,#2980,#2981,#2982,#2983,#2984,#2985,#2986,#2987,
#2988,#2989,#2990,#2991,#2992,#2993,#2994,#2995,#2996,#2997,#2998,#2999,
#3000,#3001,#3002,#3003,#3004,#3005,#3006,#3007,#3008,#3009,#3010,#3011,
#3012,#3013,#3014,#3015,#3016,#3017,#3018,#3019,#3020,#3021,#3022,#3023,
#3024,#3025,#3026,#3027,#3028,#3029,#3030,#3031,#3032,#3033,#3034,#3035,
#3036,#3037,#3038,#3039,#3040,#3041,#3042,#3043,#3044,#3045,#3046,#3047,
#3048,#3049,#3050,#3051,#3052,#3053,#3054,#3055,#3056,#3057,#3058,#3059,
#3060,#3061,#3062,#3063,#3064,#3065,#3066,#3067,#3068,#3069,#3070,#3071,
#3072,#3073,#3074,#3075,#3076,#3077,#3078,#3079,#3080,#3081,#3082,#3083,
#3084,#3085,#3086,#3087,#3088,#3089,#3090,#3091,#3092,#3093,#3094,#3095,
#3096,#3097,#3098,#3099,#3100,#3101,#3102,#3103,#3104,#3105,#3106,#3107,
#3108,#3109,#3110,#3111,#3112,#3113,#3114),.UNSPECIFIED.,.F.,.F.,(4,3,3,
3,3,3,3,3,3,3,3,3,3,3,3,3,3,3,3,3,3,3,3,3,3,3,3,3,3,3,3,3,3,3,3,3,3,3,3,
3,3,3,3,3,3,3,3,3,3,3,3,3,3,3,3,3,3,3,3,3,3,3,3,3,3,3,3,3,3,3,3,3,3,3,3,
3,3,3,3,3,3,3,3,3,3,3,3,3,3,3,3,3,3,3,3,3,3,3,3,3,4),(-67.288819278575,
-66.7628319832618,-66.249234269034,-65.7170521831781,-65.1848700973222,
-64.7305391436345,-64.4046175417865,-64.0789155314167,-63.8758823803326,
-63.4251253346891,-63.0791908538451,-62.6306595434496,-62.1798693744222,
-61.7296222941326,-61.2826904876508,-60.9760849558741,-60.5259369615005,
-60.4702568688082,-60.1249251453217,-59.7793558046122,-59.4338154556494,
-59.0885278371194,-58.8714325680455,-58.5246631025682,-58.3806124150564,
-57.9999541593092,-57.6182448874722,-57.2358296284308,-56.8535201203745,
-56.4720265326869,-56.2914296178171,-55.9174023372088,-55.5439318366411,
-55.1712407925108,-54.8002105910827,-54.6624950043674,-54.2889301876471,
-54.2034082683364,-53.8229832212428,-53.4403838109519,-53.0570034356726,
-52.6731810110579,-52.5581446929387,-52.1743468497883,-52.1169547057771,
-51.7581670868193,-51.3997485562531,-51.0729522200783,-50.7158668319616,
-50.4533987052769,-50.4532280429855,-50.0854161950043,-49.716567620093,
-49.3466181105555,-48.9868824944451,-48.6076249481958,-48.2278337646924,
-47.9421941564745,-47.5682184469907,-47.1941037978341,-46.8203711922722,
-46.4478001348091,-46.2524322671005,-45.8785014272533,-45.8539457693887,
-45.4937785261419,-45.1330675482266,-44.7720739059854,-44.4112395486118,
-44.051082803319,-43.7646807254917,-43.2795417965919,-43.0997422474693,
-42.6145922199024,-42.1298386757174,-42.0495713944088,-41.5665365722029,
-41.0843621340664,-41.0004618322791,-40.513272649138,-40.0221515799098,
-39.9506302874418,-39.6059664770758,-39.100511220401,-38.8996157404007,
-38.405298363606,-37.9055467096736,-37.8499665177164,-37.3248289589313,
-36.8245613847846,-36.3255356637786,-35.8300119673892,-35.7494162825761,
-35.4522930217176,-35.1214850649544,-34.7903611760805,-34.4588468375091,
-34.1271747162515,-33.7953386157921,-33.6489445417932,-33.6483921930546),
 .UNSPECIFIED.);
#145=B_SPLINE_CURVE_WITH_KNOTS('',3,(#3116,#3117,#3118,#3119,#3120,#3121,
#3122,#3123,#3124,#3125,#3126,#3127,#3128,#3129,#3130,#3131,#3132,#3133,
#3134,#3135,#3136,#3137,#3138,#3139,#3140,#3141,#3142,#3143,#3144,#3145,
#3146,#3147,#3148,#3149,#3150,#3151,#3152,#3153,#3154,#3155,#3156,#3157,
#3158,#3159,#3160,#3161,#3162,#3163,#3164,#3165,#3166,#3167,#3168,#3169,
#3170,#3171,#3172,#3173,#3174,#3175,#3176,#3177,#3178,#3179,#3180,#3181,
#3182,#3183,#3184,#3185,#3186,#3187,#3188,#3189,#3190,#3191,#3192,#3193,
#3194,#3195,#3196,#3197,#3198,#3199,#3200,#3201,#3202,#3203,#3204,#3205,
#3206,#3207,#3208,#3209,#3210,#3211,#3212,#3213,#3214,#3215,#3216,#3217,
#3218,#3219,#3220,#3221,#3222,#3223,#3224,#3225,#3226,#3227,#3228,#3229,
#3230,#3231,#3232,#3233,#3234,#3235,#3236,#3237,#3238,#3239,#3240,#3241,
#3242,#3243,#3244,#3245,#3246,#3247,#3248,#3249,#3250,#3251,#3252,#3253,
#3254,#3255,#3256,#3257,#3258,#3259,#3260,#3261,#3262,#3263,#3264,#3265,
#3266,#3267,#3268,#3269,#3270,#3271,#3272,#3273,#3274,#3275,#3276,#3277,
#3278,#3279,#3280,#3281,#3282,#3283,#3284,#3285,#3286,#3287,#3288,#3289,
#3290,#3291,#3292,#3293,#3294,#3295,#3296,#3297,#3298,#3299,#3300,#3301,
#3302,#3303,#3304,#3305,#3306,#3307,#3308,#3309,#3310,#3311,#3312,#3313,
#3314,#3315,#3316,#3317,#3318,#3319,#3320,#3321,#3322,#3323,#3324,#3325,
#3326,#3327,#3328,#3329,#3330,#3331,#3332,#3333,#3334,#3335,#3336,#3337,
#3338,#3339,#3340,#3341,#3342,#3343,#3344,#3345,#3346,#3347,#3348,#3349,
#3350,#3351,#3352,#3353,#3354,#3355,#3356,#3357,#3358,#3359,#3360,#3361,
#3362,#3363,#3364,#3365,#3366,#3367,#3368,#3369,#3370,#3371,#3372,#3373,
#3374,#3375,#3376,#3377,#3378,#3379,#3380,#3381,#3382,#3383,#3384,#3385,
#3386,#3387,#3388,#3389,#3390,#3391,#3392,#3393,#3394,#3395,#3396,#3397,
#3398,#3399,#3400,#3401,#3402,#3403,#3404,#3405,#3406,#3407,#3408,#3409,
#3410,#3411,#3412,#3413,#3414,#3415,#3416,#3417,#3418,#3419,#3420,#3421,
#3422,#3423,#3424,#3425),.UNSPECIFIED.,.F.,.F.,(4,3,3,3,3,3,3,3,3,3,3,3,
3,3,3,3,3,3,3,3,3,3,3,3,3,3,3,3,3,3,3,3,3,3,3,3,3,3,3,3,3,3,3,3,3,3,3,3,
3,3,3,3,3,3,3,3,3,3,3,3,3,3,3,3,3,3,3,3,3,3,3,3,3,3,3,3,3,3,3,3,3,3,3,3,
3,3,3,3,3,3,3,3,3,3,3,3,3,3,3,3,3,3,3,4),(-33.6483921930546,-33.3669997830447,
-32.9706064303316,-32.5734190975551,-32.17658337783,-31.7813509434894,-31.5479152685473,
-31.2802662025892,-30.8064258166127,-30.4971407412224,-30.019416936224,
-29.5438643046088,-29.4478436696284,-28.9720646947064,-28.4957744243504,
-28.3983256758663,-27.9223794862288,-27.4473097529893,-27.1219587992395,
-26.6813784046381,-26.24079827526,-25.8004410181679,-25.3606684400701,-25.2446739438422,
-24.8056002703634,-24.3685543285131,-24.1962617215881,-23.7535497087264,
-23.3073757339026,-23.146148867774,-22.9631551750386,-22.601740098391,-22.240141032396,
-21.8788221404925,-21.5179797683431,-21.1581798230447,-21.0454400613582,
-20.874945165011,-20.497393298339,-20.1186299479471,-19.7388624750553,-19.359011527342,
-18.979687851083,-18.7882679521793,-18.4144578734526,-18.0219090957897,
-17.6492979624856,-17.2777236405026,-16.9080287313242,-16.8442627628008,
-16.8440255494858,-16.7030585702592,-16.3250750156248,-15.9285935511384,
-15.5492049742603,-15.1700152038245,-14.7916537720359,-14.7391491576793,
-14.6164298452751,-14.2428268029406,-13.8688734560136,-13.495187178133,
-13.1220953092822,-12.7503607256375,-12.6341252456952,-12.5283544553474,
-12.1540265199853,-11.7783531041395,-11.4014007991625,-11.0241829357132,
-10.6472013512839,-10.4391952642313,-10.0646218788508,-9.6900084542769,
-9.31614925454173,-8.94316305650736,-8.57194752610519,-8.42413686059325,
-8.34955555832103,-7.97604102726032,-7.60103897444743,-7.22451750810779,
-6.84758820582625,-6.4706817356327,-6.26021576744926,-5.88262349689159,
-5.50479381703927,-5.12747648847867,-4.75092482419832,-4.37604964592239,
-4.21410277961645,-4.17191482302851,-3.8077491872865,-3.44267209632381,
-3.0768237966331,-2.7109070269835,-2.34538199278316,-2.10917303955802,-2.08512693608074,
-1.66546144220124,-1.2434725532275,-0.821212560257195,-0.400099116825671,
-0.00398255376708789),.UNSPECIFIED.);
#146=B_SPLINE_CURVE_WITH_KNOTS('',3,(#3429,#3430,#3431,#3432,#3433,#3434,
#3435,#3436,#3437,#3438,#3439,#3440,#3441,#3442,#3443,#3444,#3445,#3446,
#3447,#3448,#3449,#3450,#3451,#3452,#3453,#3454,#3455,#3456,#3457,#3458,
#3459,#3460,#3461,#3462,#3463,#3464,#3465,#3466,#3467,#3468,#3469,#3470,
#3471,#3472,#3473,#3474),.UNSPECIFIED.,.F.,.F.,(4,3,3,3,3,3,3,3,3,3,3,3,
3,3,3,4),(-3.14159265358979,-2.94547447056854,-2.84741537905791,-2.74935628754729,
-2.65129719603666,-2.35711992150478,-2.25906082999416,-2.16100173848353,
-1.96488355546228,-1.57264718941977,-1.3761126395393,-1.17957808965884,
-0.786508989897901,-0.393439890136967,-0.1969053402565,-0.00037079037603327),
 .UNSPECIFIED.);
#147=B_SPLINE_CURVE_WITH_KNOTS('',3,(#3475,#3476,#3477,#3478,#3479,#3480,
#3481,#3482,#3483,#3484,#3485,#3486,#3487,#3488,#3489,#3490,#3491,#3492,
#3493,#3494,#3495,#3496,#3497,#3498,#3499,#3500,#3501,#3502,#3503,#3504,
#3505,#3506,#3507,#3508,#3509,#3510,#3511,#3512,#3513,#3514,#3515,#3516,
#3517,#3518,#3519,#3520,#3521,#3522,#3523),.UNSPECIFIED.,.F.,.F.,(4,3,3,
3,3,3,3,3,3,3,3,3,3,3,3,3,4),(-3.35161667811368E-16,0.196527059015597,0.393054118031195,
0.589581177046792,0.78610823606239,1.17916235409358,1.37568941310918,1.57221647212478,
1.96456051749103,2.25881855151572,2.35690456285729,2.45499057419885,2.55307658554041,
2.65116259688198,2.74924860822354,2.94542063090667,3.14159265358979),
 .UNSPECIFIED.);
#148=B_SPLINE_CURVE_WITH_KNOTS('',3,(#3551,#3552,#3553,#3554,#3555,#3556,
#3557,#3558,#3559,#3560,#3561,#3562,#3563,#3564,#3565,#3566,#3567,#3568,
#3569),.UNSPECIFIED.,.F.,.F.,(4,2,2,2,3,2,2,2,4),(-0.360893986772058,-0.265947935009289,
-0.17100188324652,-0.0855009416232602,0.,0.0883056683961632,0.176611336792326,
0.268781908397276,0.360952480002225),.UNSPECIFIED.);
#149=B_SPLINE_CURVE_WITH_KNOTS('',3,(#3584,#3585,#3586,#3587),
 .UNSPECIFIED.,.F.,.F.,(4,4),(0.968153288733913,1.02070014866538),
 .UNSPECIFIED.);
#150=B_SPLINE_CURVE_WITH_KNOTS('',3,(#3590,#3591,#3592,#3593),
 .UNSPECIFIED.,.F.,.F.,(4,4),(0.341453934239082,0.39399734203326),
 .UNSPECIFIED.);
#151=B_SPLINE_CURVE_WITH_KNOTS('',3,(#3627,#3628,#3629,#3630,#3631,#3632,
#3633,#3634,#3635,#3636,#3637,#3638,#3639,#3640,#3641,#3642,#3643,#3644,
#3645),.UNSPECIFIED.,.F.,.F.,(4,2,2,2,3,2,2,2,4),(-0.237866214475272,-0.175586799524118,
-0.113307384572964,-0.0566536922864819,0.,0.0582096719260064,0.116419343852013,
0.177153555260309,0.237887766668605),.UNSPECIFIED.);
#152=B_SPLINE_CURVE_WITH_KNOTS('',3,(#3665,#3666,#3667,#3668),
 .UNSPECIFIED.,.F.,.F.,(4,4),(0.626515164634945,0.679245792857207),
 .UNSPECIFIED.);
#153=B_SPLINE_CURVE_WITH_KNOTS('',3,(#3671,#3672,#3673,#3674),
 .UNSPECIFIED.,.F.,.F.,(4,4),(0.226944944263576,0.279675572485834),
 .UNSPECIFIED.);
#154=B_SPLINE_CURVE_WITH_KNOTS('',3,(#3717,#3718,#3719,#3720,#3721,#3722,
#3723,#3724,#3725,#3726),.UNSPECIFIED.,.F.,.F.,(4,3,3,4),(0.,0.282130615450341,
0.95031817785777,1.56758518819009),.UNSPECIFIED.);
#155=B_SPLINE_CURVE_WITH_KNOTS('',3,(#3728,#3729,#3730,#3731,#3732,#3733,
#3734,#3735),.UNSPECIFIED.,.F.,.F.,(4,2,2,4),(1.35978583948315E-9,0.616499025796849,
1.28385524841983,1.56563484505715),.UNSPECIFIED.);
#156=B_SPLINE_CURVE_WITH_KNOTS('',3,(#3764,#3765,#3766,#3767,#3768,#3769,
#3770,#3771,#3772,#3773,#3774,#3775,#3776),.UNSPECIFIED.,.F.,.F.,(4,3,3,
3,4),(0.,0.616841155532688,1.28456773286274,1.92736382563944,2.12789796409309),
 .UNSPECIFIED.);
#157=B_SPLINE_CURVE_WITH_KNOTS('',3,(#3777,#3778,#3779,#3780,#3781,#3782,
#3783,#3784,#3785,#3786),.UNSPECIFIED.,.F.,.F.,(4,3,3,4),(0.754921568737459,
1.28702935162708,1.95460711294692,2.5713107932872),.UNSPECIFIED.);
#158=B_SPLINE_CURVE_WITH_KNOTS('',3,(#3788,#3789,#3790,#3791,#3792,#3793,
#3794),.UNSPECIFIED.,.F.,.F.,(4,3,4),(-0.754921568737457,-0.644376518611415,
-0.443887073137533),.UNSPECIFIED.);
#159=B_SPLINE_CURVE_WITH_KNOTS('',3,(#3999,#4000,#4001,#4002,#4003,#4004,
#4005,#4006,#4007,#4008,#4009,#4010,#4011,#4012,#4013,#4014,#4015,#4016,
#4017,#4018,#4019,#4020,#4021,#4022,#4023,#4024,#4025),.UNSPECIFIED.,.T.,
 .F.,(4,1,1,1,1,1,1,1,1,1,1,1,1,1,1,1,1,1,1,1,1,1,1,1,4),(-3.14159265358979,
-2.91719317833338,-2.69279370307697,-2.46839422782055,-2.24399475256414,
-1.79519580205131,-1.34639685153848,-1.0471975511966,-0.747998250854713,
-0.448798950512828,-0.299199300341885,-0.149599650170943,2.77555756156289E-17,
0.149599650170943,0.299199300341885,0.448798950512828,0.747998250854713,
1.0471975511966,1.34639685153848,1.64559615188037,2.24399475256414,2.46839422782055,
2.69279370307697,2.91719317833338,3.14159265358979),.UNSPECIFIED.);
#160=B_SPLINE_CURVE_WITH_KNOTS('',3,(#4026,#4027,#4028,#4029,#4030,#4031,
#4032,#4033,#4034,#4035,#4036,#4037,#4038,#4039,#4040,#4041,#4042,#4043,
#4044,#4045,#4046,#4047,#4048,#4049,#4050,#4051,#4052),.UNSPECIFIED.,.T.,
 .F.,(4,1,1,1,1,1,1,1,1,1,1,1,1,1,1,1,1,1,1,1,1,1,1,1,4),(-3.14159265358979,
-2.91719317833338,-2.69279370307697,-2.46839422782055,-2.24399475256414,
-1.64559615188037,-1.34639685153848,-1.0471975511966,-0.747998250854713,
-0.448798950512828,-0.299199300341885,-0.149599650170943,-2.77555756156289E-17,
0.149599650170943,0.299199300341885,0.448798950512828,0.747998250854713,
1.0471975511966,1.34639685153848,1.79519580205131,2.24399475256414,2.46839422782055,
2.69279370307697,2.91719317833338,3.14159265358979),.UNSPECIFIED.);
#161=B_SPLINE_CURVE_WITH_KNOTS('',3,(#4238,#4239,#4240,#4241,#4242,#4243,
#4244,#4245,#4246,#4247,#4248,#4249,#4250,#4251,#4252,#4253,#4254,#4255,
#4256,#4257,#4258),.UNSPECIFIED.,.T.,.F.,(4,1,1,1,1,1,1,1,1,1,1,1,1,1,1,
1,1,1,4),(-3.14159265358979,-2.91719317833338,-2.69279370307697,-2.24399475256414,
-1.64559615188037,-1.34639685153848,-0.747998250854713,-0.448798950512828,
-0.149599650170943,0.149599650170943,0.448798950512828,0.59839860068377,
0.747998250854713,1.34639685153848,1.79519580205131,2.24399475256414,2.69279370307697,
2.91719317833338,3.14159265358979),.UNSPECIFIED.);
#162=B_SPLINE_CURVE_WITH_KNOTS('',3,(#4419,#4420,#4421,#4422,#4423,#4424,
#4425,#4426,#4427,#4428,#4429,#4430,#4431,#4432,#4433,#4434,#4435,#4436,
#4437,#4438,#4439,#4440,#4441,#4442,#4443,#4444,#4445,#4446,#4447),
 .UNSPECIFIED.,.T.,.F.,(4,1,1,1,1,1,1,1,1,1,1,1,1,1,1,1,1,1,1,1,1,1,1,1,
1,1,4),(-3.14159265358979,-3.02939291596159,-2.91719317833338,-2.69279370307697,
-2.46839422782055,-2.24399475256414,-1.79519580205131,-1.34639685153848,
-1.0471975511966,-0.747998250854713,-0.448798950512828,-0.299199300341885,
-0.149599650170943,2.77555756156289E-17,0.149599650170943,0.448798950512828,
0.673198425769241,0.897597901025655,1.34639685153848,1.5707963267949,1.79519580205131,
2.24399475256414,2.46839422782055,2.69279370307697,2.91719317833338,3.02939291596159,
3.14159265358979),.UNSPECIFIED.);
#163=B_SPLINE_CURVE_WITH_KNOTS('',3,(#4448,#4449,#4450,#4451,#4452,#4453,
#4454,#4455,#4456,#4457,#4458,#4459,#4460,#4461,#4462,#4463,#4464,#4465,
#4466,#4467,#4468,#4469,#4470,#4471,#4472,#4473,#4474,#4475,#4476),
 .UNSPECIFIED.,.T.,.F.,(4,1,1,1,1,1,1,1,1,1,1,1,1,1,1,1,1,1,1,1,1,1,1,1,
1,1,4),(-3.14159265358979,-3.02939291596159,-2.91719317833338,-2.69279370307697,
-2.46839422782055,-2.24399475256414,-1.79519580205131,-1.5707963267949,
-1.34639685153848,-0.897597901025655,-0.673198425769241,-0.448798950512828,
-0.149599650170943,-2.77555756156289E-17,0.149599650170943,0.299199300341885,
0.448798950512828,0.747998250854713,1.0471975511966,1.34639685153848,1.79519580205131,
2.24399475256414,2.46839422782055,2.69279370307697,2.91719317833338,3.02939291596159,
3.14159265358979),.UNSPECIFIED.);
#164=B_SPLINE_CURVE_WITH_KNOTS('',3,(#4496,#4497,#4498,#4499,#4500,#4501,
#4502,#4503,#4504,#4505,#4506,#4507,#4508,#4509,#4510,#4511,#4512,#4513,
#4514,#4515,#4516),.UNSPECIFIED.,.T.,.F.,(4,1,1,1,1,1,1,1,1,1,1,1,1,1,1,
1,1,1,4),(-3.14159265358979,-2.91719317833338,-2.69279370307697,-2.24399475256414,
-1.79519580205131,-1.34639685153848,-0.747998250854713,-0.59839860068377,
-0.448798950512828,-0.149599650170943,0.149599650170943,0.448798950512828,
0.747998250854713,1.34639685153848,1.64559615188037,2.24399475256414,2.69279370307697,
2.91719317833338,3.14159265358979),.UNSPECIFIED.);
#165=B_SPLINE_CURVE_WITH_KNOTS('',3,(#4520,#4521,#4522,#4523,#4524,#4525,
#4526,#4527,#4528,#4529,#4530,#4531,#4532,#4533,#4534,#4535,#4536,#4537,
#4538,#4539,#4540,#4541,#4542,#4543,#4544,#4545,#4546,#4547,#4548,#4549,
#4550,#4551,#4552,#4553,#4554,#4555,#4556,#4557,#4558),.UNSPECIFIED.,.T.,
 .F.,(4,2,2,2,2,2,2,2,2,2,2,2,2,2,2,2,3,2,4),(-23.1114227742856,-22.1182991510591,
-20.5822082281511,-19.0474828811927,-17.5363675501194,-16.0215321653572,
-14.484837190924,-12.948532111134,-11.4354711903512,-9.92046396993356,-8.38379827916078,
-6.84654860741074,-6.08519340844392,-4.5835985068614,-3.06152924592602,
-1.52444894536186,0.,1.22990151680159,1.46668205448758),.UNSPECIFIED.);
#166=B_SPLINE_CURVE_WITH_KNOTS('',3,(#4660,#4661,#4662,#4663),
 .UNSPECIFIED.,.F.,.F.,(4,4),(-0.000370790376033104,-3.35181101623894E-16),
 .UNSPECIFIED.);
#167=B_SPLINE_CURVE_WITH_KNOTS('',3,(#4664,#4665,#4666,#4667),
 .UNSPECIFIED.,.F.,.F.,(4,4),(-0.00398255376708799,8.90279934450895E-16),
 .UNSPECIFIED.);
#168=B_SPLINE_CURVE_WITH_KNOTS('',3,(#4778,#4779,#4780,#4781,#4782,#4783,
#4784,#4785,#4786,#4787,#4788,#4789,#4790,#4791,#4792,#4793,#4794,#4795,
#4796,#4797,#4798,#4799,#4800,#4801,#4802,#4803,#4804),.UNSPECIFIED.,.T.,
 .F.,(4,1,1,1,1,1,1,1,1,1,1,1,1,1,1,1,1,1,1,1,1,1,1,1,4),(-3.14159265358979,
-2.87979326579064,-2.61799387799149,-2.35619449019234,-2.0943951023932,
-1.83259571459405,-1.5707963267949,-1.30899693899575,-1.0471975511966,-0.785398163397448,
-0.523598775598299,-0.261799387799149,1.57357122259694E-16,0.26179938779915,
0.523598775598299,0.785398163397448,1.0471975511966,1.30899693899575,1.5707963267949,
1.83259571459405,2.0943951023932,2.35619449019234,2.61799387799149,2.87979326579064,
3.14159265358979),.UNSPECIFIED.);
#169=B_SPLINE_CURVE_WITH_KNOTS('',3,(#4893,#4894,#4895,#4896),
 .UNSPECIFIED.,.F.,.F.,(4,4),(0.0664671253369174,1.),.UNSPECIFIED.);
#170=B_SPLINE_CURVE_WITH_KNOTS('',3,(#5073,#5074,#5075,#5076,#5077,#5078,
#5079,#5080),.UNSPECIFIED.,.F.,.F.,(4,1,1,1,1,4),(0.0381203462101192,0.174545203304533,
0.31098439024591,0.447423577187287,0.72030195107004,0.993180324952794),
 .UNSPECIFIED.);
#171=B_SPLINE_SURFACE_WITH_KNOTS('',3,3,((#2626,#2627,#2628,#2629,#2630,
#2631,#2632,#2633,#2634,#2635,#2636,#2637,#2638,#2639,#2640,#2641,#2642,
#2643,#2644,#2645,#2646,#2647,#2648,#2649,#2650,#2651,#2652,#2653,#2654,
#2655,#2656,#2657,#2658,#2659,#2660,#2661),(#2662,#2663,#2664,#2665,#2666,
#2667,#2668,#2669,#2670,#2671,#2672,#2673,#2674,#2675,#2676,#2677,#2678,
#2679,#2680,#2681,#2682,#2683,#2684,#2685,#2686,#2687,#2688,#2689,#2690,
#2691,#2692,#2693,#2694,#2695,#2696,#2697),(#2698,#2699,#2700,#2701,#2702,
#2703,#2704,#2705,#2706,#2707,#2708,#2709,#2710,#2711,#2712,#2713,#2714,
#2715,#2716,#2717,#2718,#2719,#2720,#2721,#2722,#2723,#2724,#2725,#2726,
#2727,#2728,#2729,#2730,#2731,#2732,#2733),(#2734,#2735,#2736,#2737,#2738,
#2739,#2740,#2741,#2742,#2743,#2744,#2745,#2746,#2747,#2748,#2749,#2750,
#2751,#2752,#2753,#2754,#2755,#2756,#2757,#2758,#2759,#2760,#2761,#2762,
#2763,#2764,#2765,#2766,#2767,#2768,#2769),(#2770,#2771,#2772,#2773,#2774,
#2775,#2776,#2777,#2778,#2779,#2780,#2781,#2782,#2783,#2784,#2785,#2786,
#2787,#2788,#2789,#2790,#2791,#2792,#2793,#2794,#2795,#2796,#2797,#2798,
#2799,#2800,#2801,#2802,#2803,#2804,#2805)),.UNSPECIFIED.,.F.,.F.,.F.,(4,
1,4),(4,1,1,1,1,1,2,1,1,1,1,1,1,1,1,1,1,1,1,1,1,1,1,1,2,1,1,1,1,1,1,4),
(0.,0.571428571428571,1.),(-67.2848367248079,-65.1798313503431,-63.0748259758783,
-58.8648152269486,-54.6548044780189,-52.5497991035541,-50.4447937290892,
-46.243702068197,-44.1431562377509,-43.0928833225279,-42.0426104073048,
-38.8917916616357,-37.8415187464126,-36.7912458311896,-35.7409729159665,
-33.6404270855204,-31.5398012714926,-29.4391754574648,-28.388862550451,
-27.3385496434371,-26.2882367364232,-25.2379238294093,-24.1876109223954,
-21.0366722013537,-16.8354205732981,-14.7309930016359,-12.6265654299736,
-8.41771028664906,-6.31328271498679,-4.20885514332453,-2.10442757166226,
2.98792620219659E-15),.UNSPECIFIED.);
#172=B_SPLINE_SURFACE_WITH_KNOTS('',3,1,((#3700,#3701),(#3702,#3703),(#3704,
#3705),(#3706,#3707),(#3708,#3709),(#3710,#3711),(#3712,#3713),(#3714,#3715)),
 .UNSPECIFIED.,.F.,.F.,.F.,(4,2,2,4),(2,2),(1.35978583948315E-9,0.616499025796849,
1.28385524841983,1.56563484505715),(0.,6.5),.UNSPECIFIED.);
#173=B_SPLINE_SURFACE_WITH_KNOTS('',3,1,((#3743,#3744),(#3745,#3746),(#3747,
#3748),(#3749,#3750),(#3751,#3752),(#3753,#3754),(#3755,#3756),(#3757,#3758),
(#3759,#3760),(#3761,#3762)),.UNSPECIFIED.,.F.,.F.,.F.,(4,2,2,2,4),(2,2),
(0.443887073137533,0.644376518611443,1.28702935162709,1.95460711294693,
2.5713107932872),(0.,6.5),.UNSPECIFIED.);
#174=B_SPLINE_SURFACE_WITH_KNOTS('',3,3,((#3861,#3862,#3863,#3864,#3865,
#3866,#3867,#3868,#3869,#3870,#3871,#3872,#3873,#3874,#3875,#3876,#3877,
#3878,#3879,#3880,#3881,#3882,#3883,#3884,#3885,#3886,#3887),(#3888,#3889,
#3890,#3891,#3892,#3893,#3894,#3895,#3896,#3897,#3898,#3899,#3900,#3901,
#3902,#3903,#3904,#3905,#3906,#3907,#3908,#3909,#3910,#3911,#3912,#3913,
#3914),(#3915,#3916,#3917,#3918,#3919,#3920,#3921,#3922,#3923,#3924,#3925,
#3926,#3927,#3928,#3929,#3930,#3931,#3932,#3933,#3934,#3935,#3936,#3937,
#3938,#3939,#3940,#3941),(#3942,#3943,#3944,#3945,#3946,#3947,#3948,#3949,
#3950,#3951,#3952,#3953,#3954,#3955,#3956,#3957,#3958,#3959,#3960,#3961,
#3962,#3963,#3964,#3965,#3966,#3967,#3968),(#3969,#3970,#3971,#3972,#3973,
#3974,#3975,#3976,#3977,#3978,#3979,#3980,#3981,#3982,#3983,#3984,#3985,
#3986,#3987,#3988,#3989,#3990,#3991,#3992,#3993,#3994,#3995)),
 .UNSPECIFIED.,.F.,.T.,.F.,(4,1,4),(4,1,1,1,1,1,1,1,1,1,1,1,1,1,1,1,1,1,
1,1,1,1,1,1,4),(0.,0.571428571428571,1.),(-3.14159265358979,-2.91719317833338,
-2.69279370307697,-2.46839422782055,-2.24399475256414,-1.79519580205131,
-1.34639685153848,-1.0471975511966,-0.747998250854713,-0.448798950512828,
-0.299199300341885,-0.149599650170943,2.77555756156289E-17,0.149599650170943,
0.299199300341885,0.448798950512828,0.747998250854713,1.0471975511966,1.34639685153848,
1.64559615188037,2.24399475256414,2.46839422782055,2.69279370307697,2.91719317833338,
3.14159265358979),.UNSPECIFIED.);
#175=B_SPLINE_SURFACE_WITH_KNOTS('',3,3,((#4271,#4272,#4273,#4274,#4275,
#4276,#4277,#4278,#4279,#4280,#4281,#4282,#4283,#4284,#4285,#4286,#4287,
#4288,#4289,#4290,#4291,#4292,#4293,#4294,#4295,#4296,#4297,#4298,#4299),
(#4300,#4301,#4302,#4303,#4304,#4305,#4306,#4307,#4308,#4309,#4310,#4311,
#4312,#4313,#4314,#4315,#4316,#4317,#4318,#4319,#4320,#4321,#4322,#4323,
#4324,#4325,#4326,#4327,#4328),(#4329,#4330,#4331,#4332,#4333,#4334,#4335,
#4336,#4337,#4338,#4339,#4340,#4341,#4342,#4343,#4344,#4345,#4346,#4347,
#4348,#4349,#4350,#4351,#4352,#4353,#4354,#4355,#4356,#4357),(#4358,#4359,
#4360,#4361,#4362,#4363,#4364,#4365,#4366,#4367,#4368,#4369,#4370,#4371,
#4372,#4373,#4374,#4375,#4376,#4377,#4378,#4379,#4380,#4381,#4382,#4383,
#4384,#4385,#4386),(#4387,#4388,#4389,#4390,#4391,#4392,#4393,#4394,#4395,
#4396,#4397,#4398,#4399,#4400,#4401,#4402,#4403,#4404,#4405,#4406,#4407,
#4408,#4409,#4410,#4411,#4412,#4413,#4414,#4415)),.UNSPECIFIED.,.F.,.T.,
 .F.,(4,1,4),(4,1,1,1,1,1,1,1,1,1,1,1,1,1,1,1,1,1,1,1,1,1,1,1,1,1,4),(0.,
0.571428571428571,1.),(-3.14159265358979,-3.02939291596159,-2.91719317833338,
-2.69279370307697,-2.46839422782055,-2.24399475256414,-1.79519580205131,
-1.34639685153848,-1.0471975511966,-0.747998250854713,-0.448798950512828,
-0.299199300341885,-0.149599650170943,2.77555756156289E-17,0.149599650170943,
0.448798950512828,0.673198425769241,0.897597901025655,1.34639685153848,
1.5707963267949,1.79519580205131,2.24399475256414,2.46839422782055,2.69279370307697,
2.91719317833338,3.02939291596159,3.14159265358979),.UNSPECIFIED.);
#176=B_SPLINE_SURFACE_WITH_KNOTS('',3,3,((#4559,#4560,#4561,#4562,#4563,
#4564,#4565,#4566,#4567,#4568,#4569,#4570,#4571,#4572,#4573,#4574,#4575,
#4576,#4577,#4578,#4579),(#4580,#4581,#4582,#4583,#4584,#4585,#4586,#4587,
#4588,#4589,#4590,#4591,#4592,#4593,#4594,#4595,#4596,#4597,#4598,#4599,
#4600),(#4601,#4602,#4603,#4604,#4605,#4606,#4607,#4608,#4609,#4610,#4611,
#4612,#4613,#4614,#4615,#4616,#4617,#4618,#4619,#4620,#4621),(#4622,#4623,
#4624,#4625,#4626,#4627,#4628,#4629,#4630,#4631,#4632,#4633,#4634,#4635,
#4636,#4637,#4638,#4639,#4640,#4641,#4642)),.UNSPECIFIED.,.F.,.T.,.F.,(4,
4),(4,1,1,1,1,1,1,1,1,1,1,1,1,1,1,1,1,1,4),(0.,1.),(-3.14159265358979,-2.91719317833338,
-2.69279370307697,-2.24399475256414,-1.79519580205131,-1.34639685153848,
-0.747998250854713,-0.59839860068377,-0.448798950512828,-0.149599650170943,
0.149599650170943,0.448798950512828,0.747998250854713,1.34639685153848,
1.64559615188037,2.24399475256414,2.69279370307697,2.91719317833338,3.14159265358979),
 .UNSPECIFIED.);
#177=B_SPLINE_SURFACE_WITH_KNOTS('',3,3,((#4644,#4645,#4646,#4647),(#4648,
#4649,#4650,#4651),(#4652,#4653,#4654,#4655),(#4656,#4657,#4658,#4659)),
 .UNSPECIFIED.,.F.,.F.,.F.,(4,4),(4,4),(0.,1.),(-8.90279934450895E-16,0.00398255376708799),
 .UNSPECIFIED.);
#178=B_SPLINE_SURFACE_WITH_KNOTS('',3,3,((#4668,#4669,#4670,#4671,#4672,
#4673,#4674,#4675,#4676,#4677,#4678,#4679,#4680,#4681,#4682,#4683,#4684,
#4685,#4686,#4687,#4688,#4689,#4690,#4691,#4692,#4693,#4694),(#4695,#4696,
#4697,#4698,#4699,#4700,#4701,#4702,#4703,#4704,#4705,#4706,#4707,#4708,
#4709,#4710,#4711,#4712,#4713,#4714,#4715,#4716,#4717,#4718,#4719,#4720,
#4721),(#4722,#4723,#4724,#4725,#4726,#4727,#4728,#4729,#4730,#4731,#4732,
#4733,#4734,#4735,#4736,#4737,#4738,#4739,#4740,#4741,#4742,#4743,#4744,
#4745,#4746,#4747,#4748),(#4749,#4750,#4751,#4752,#4753,#4754,#4755,#4756,
#4757,#4758,#4759,#4760,#4761,#4762,#4763,#4764,#4765,#4766,#4767,#4768,
#4769,#4770,#4771,#4772,#4773,#4774,#4775)),.UNSPECIFIED.,.F.,.T.,.F.,(4,
4),(4,1,1,1,1,1,1,1,1,1,1,1,1,1,1,1,1,1,1,1,1,1,1,1,4),(0.,1.),(-3.14159265358979,
-2.87979326579064,-2.61799387799149,-2.35619449019234,-2.0943951023932,
-1.83259571459405,-1.5707963267949,-1.30899693899575,-1.0471975511966,-0.785398163397448,
-0.523598775598299,-0.26179938779915,-1.57357122259694E-16,0.261799387799149,
0.523598775598299,0.785398163397448,1.0471975511966,1.30899693899575,1.5707963267949,
1.83259571459405,2.0943951023932,2.35619449019234,2.61799387799149,2.87979326579064,
3.14159265358979),.UNSPECIFIED.);
#179=B_SPLINE_SURFACE_WITH_KNOTS('',3,3,((#4805,#4806,#4807,#4808),(#4809,
#4810,#4811,#4812),(#4813,#4814,#4815,#4816),(#4817,#4818,#4819,#4820),
(#4821,#4822,#4823,#4824),(#4825,#4826,#4827,#4828),(#4829,#4830,#4831,
#4832),(#4833,#4834,#4835,#4836),(#4837,#4838,#4839,#4840),(#4841,#4842,
#4843,#4844),(#4845,#4846,#4847,#4848),(#4849,#4850,#4851,#4852),(#4853,
#4854,#4855,#4856),(#4857,#4858,#4859,#4860),(#4861,#4862,#4863,#4864),
(#4865,#4866,#4867,#4868),(#4869,#4870,#4871,#4872),(#4873,#4874,#4875,
#4876),(#4877,#4878,#4879,#4880),(#4881,#4882,#4883,#4884),(#4885,#4886,
#4887,#4888),(#4889,#4890,#4891,#4892)),.UNSPECIFIED.,.T.,.F.,.F.,(4,1,
1,1,2,1,1,1,2,1,1,1,2,1,1,1,4),(4,4),(0.,0.0625,0.125,0.1875,0.25,0.3125,
0.375,0.4375,0.5,0.5625,0.625,0.6875,0.75,0.8125,0.875,0.9375,1.),(0.0664158735035943,
1.),.UNSPECIFIED.);
#180=B_SPLINE_SURFACE_WITH_KNOTS('',3,3,((#4897,#4898,#4899,#4900,#4901,
#4902,#4903,#4904),(#4905,#4906,#4907,#4908,#4909,#4910,#4911,#4912),(#4913,
#4914,#4915,#4916,#4917,#4918,#4919,#4920),(#4921,#4922,#4923,#4924,#4925,
#4926,#4927,#4928),(#4929,#4930,#4931,#4932,#4933,#4934,#4935,#4936),(#4937,
#4938,#4939,#4940,#4941,#4942,#4943,#4944),(#4945,#4946,#4947,#4948,#4949,
#4950,#4951,#4952),(#4953,#4954,#4955,#4956,#4957,#4958,#4959,#4960),(#4961,
#4962,#4963,#4964,#4965,#4966,#4967,#4968),(#4969,#4970,#4971,#4972,#4973,
#4974,#4975,#4976),(#4977,#4978,#4979,#4980,#4981,#4982,#4983,#4984),(#4985,
#4986,#4987,#4988,#4989,#4990,#4991,#4992),(#4993,#4994,#4995,#4996,#4997,
#4998,#4999,#5000),(#5001,#5002,#5003,#5004,#5005,#5006,#5007,#5008),(#5009,
#5010,#5011,#5012,#5013,#5014,#5015,#5016),(#5017,#5018,#5019,#5020,#5021,
#5022,#5023,#5024),(#5025,#5026,#5027,#5028,#5029,#5030,#5031,#5032),(#5033,
#5034,#5035,#5036,#5037,#5038,#5039,#5040),(#5041,#5042,#5043,#5044,#5045,
#5046,#5047,#5048),(#5049,#5050,#5051,#5052,#5053,#5054,#5055,#5056),(#5057,
#5058,#5059,#5060,#5061,#5062,#5063,#5064),(#5065,#5066,#5067,#5068,#5069,
#5070,#5071,#5072)),.UNSPECIFIED.,.T.,.F.,.F.,(4,1,1,1,2,1,1,1,2,1,1,1,
2,1,1,1,4),(4,1,1,1,1,4),(0.,0.0625,0.125,0.1875,0.25,0.3125,0.375,0.4375,
0.5,0.5625,0.625,0.6875,0.75,0.8125,0.875,0.9375,1.),(0.0381060163631562,
0.174545203304533,0.31098439024591,0.447423577187287,0.72030195107004,0.993180324952794),
 .UNSPECIFIED.);
#181=SHAPE_REPRESENTATION_RELATIONSHIP('SRR','None',#5155,#184);
#182=SHAPE_REPRESENTATION_RELATIONSHIP('SRR','None',#5154,#185);
#183=SHAPE_REPRESENTATION_RELATIONSHIP('SRR','None',#5153,#186);
#184=ADVANCED_BREP_SHAPE_REPRESENTATION('',(#190),#5139);
#185=ADVANCED_BREP_SHAPE_REPRESENTATION('',(#191),#5138);
#186=ADVANCED_BREP_SHAPE_REPRESENTATION('',(#192),#5137);
#187=STYLED_ITEM('',(#5172),#190);
#188=STYLED_ITEM('',(#5172),#191);
#189=STYLED_ITEM('',(#5172),#192);
#190=MANIFOLD_SOLID_BREP('Body1',#1887);
#191=MANIFOLD_SOLID_BREP('Body1',#1888);
#192=MANIFOLD_SOLID_BREP('Body1',#1889);
#193=FACE_OUTER_BOUND('',#299,.T.);
#194=FACE_OUTER_BOUND('',#300,.T.);
#195=FACE_OUTER_BOUND('',#301,.T.);
#196=FACE_OUTER_BOUND('',#302,.T.);
#197=FACE_OUTER_BOUND('',#303,.T.);
#198=FACE_OUTER_BOUND('',#304,.T.);
#199=FACE_OUTER_BOUND('',#305,.T.);
#200=FACE_OUTER_BOUND('',#306,.T.);
#201=FACE_OUTER_BOUND('',#307,.T.);
#202=FACE_OUTER_BOUND('',#308,.T.);
#203=FACE_OUTER_BOUND('',#309,.T.);
#204=FACE_OUTER_BOUND('',#310,.T.);
#205=FACE_OUTER_BOUND('',#311,.T.);
#206=FACE_OUTER_BOUND('',#312,.T.);
#207=FACE_OUTER_BOUND('',#313,.T.);
#208=FACE_OUTER_BOUND('',#314,.T.);
#209=FACE_OUTER_BOUND('',#315,.T.);
#210=FACE_OUTER_BOUND('',#316,.T.);
#211=FACE_OUTER_BOUND('',#317,.T.);
#212=FACE_OUTER_BOUND('',#318,.T.);
#213=FACE_OUTER_BOUND('',#319,.T.);
#214=FACE_OUTER_BOUND('',#320,.T.);
#215=FACE_OUTER_BOUND('',#321,.T.);
#216=FACE_OUTER_BOUND('',#322,.T.);
#217=FACE_OUTER_BOUND('',#323,.T.);
#218=FACE_OUTER_BOUND('',#324,.T.);
#219=FACE_OUTER_BOUND('',#325,.T.);
#220=FACE_OUTER_BOUND('',#326,.T.);
#221=FACE_OUTER_BOUND('',#327,.T.);
#222=FACE_OUTER_BOUND('',#328,.T.);
#223=FACE_OUTER_BOUND('',#329,.T.);
#224=FACE_OUTER_BOUND('',#330,.T.);
#225=FACE_OUTER_BOUND('',#331,.T.);
#226=FACE_OUTER_BOUND('',#332,.T.);
#227=FACE_OUTER_BOUND('',#333,.T.);
#228=FACE_OUTER_BOUND('',#334,.T.);
#229=FACE_OUTER_BOUND('',#337,.T.);
#230=FACE_OUTER_BOUND('',#338,.T.);
#231=FACE_OUTER_BOUND('',#339,.T.);
#232=FACE_OUTER_BOUND('',#340,.T.);
#233=FACE_OUTER_BOUND('',#341,.T.);
#234=FACE_OUTER_BOUND('',#342,.T.);
#235=FACE_OUTER_BOUND('',#343,.T.);
#236=FACE_OUTER_BOUND('',#344,.T.);
#237=FACE_OUTER_BOUND('',#345,.T.);
#238=FACE_OUTER_BOUND('',#346,.T.);
#239=FACE_OUTER_BOUND('',#348,.T.);
#240=FACE_OUTER_BOUND('',#349,.T.);
#241=FACE_OUTER_BOUND('',#350,.T.);
#242=FACE_OUTER_BOUND('',#351,.T.);
#243=FACE_OUTER_BOUND('',#352,.T.);
#244=FACE_OUTER_BOUND('',#353,.T.);
#245=FACE_OUTER_BOUND('',#354,.T.);
#246=FACE_OUTER_BOUND('',#355,.T.);
#247=FACE_OUTER_BOUND('',#356,.T.);
#248=FACE_OUTER_BOUND('',#357,.T.);
#249=FACE_OUTER_BOUND('',#359,.T.);
#250=FACE_OUTER_BOUND('',#360,.T.);
#251=FACE_OUTER_BOUND('',#361,.T.);
#252=FACE_OUTER_BOUND('',#362,.T.);
#253=FACE_OUTER_BOUND('',#363,.T.);
#254=FACE_OUTER_BOUND('',#364,.T.);
#255=FACE_OUTER_BOUND('',#365,.T.);
#256=FACE_OUTER_BOUND('',#366,.T.);
#257=FACE_OUTER_BOUND('',#367,.T.);
#258=FACE_OUTER_BOUND('',#368,.T.);
#259=FACE_OUTER_BOUND('',#369,.T.);
#260=FACE_OUTER_BOUND('',#370,.T.);
#261=FACE_OUTER_BOUND('',#371,.T.);
#262=FACE_OUTER_BOUND('',#373,.T.);
#263=FACE_OUTER_BOUND('',#375,.T.);
#264=FACE_OUTER_BOUND('',#376,.T.);
#265=FACE_OUTER_BOUND('',#377,.T.);
#266=FACE_OUTER_BOUND('',#378,.T.);
#267=FACE_OUTER_BOUND('',#379,.T.);
#268=FACE_OUTER_BOUND('',#380,.T.);
#269=FACE_OUTER_BOUND('',#381,.T.);
#270=FACE_OUTER_BOUND('',#382,.T.);
#271=FACE_OUTER_BOUND('',#383,.T.);
#272=FACE_OUTER_BOUND('',#384,.T.);
#273=FACE_OUTER_BOUND('',#386,.T.);
#274=FACE_OUTER_BOUND('',#388,.T.);
#275=FACE_OUTER_BOUND('',#389,.T.);
#276=FACE_OUTER_BOUND('',#390,.T.);
#277=FACE_OUTER_BOUND('',#392,.T.);
#278=FACE_OUTER_BOUND('',#393,.T.);
#279=FACE_OUTER_BOUND('',#399,.T.);
#280=FACE_OUTER_BOUND('',#400,.T.);
#281=FACE_OUTER_BOUND('',#402,.T.);
#282=FACE_OUTER_BOUND('',#403,.T.);
#283=FACE_OUTER_BOUND('',#404,.T.);
#284=FACE_OUTER_BOUND('',#406,.T.);
#285=FACE_OUTER_BOUND('',#407,.T.);
#286=FACE_OUTER_BOUND('',#408,.T.);
#287=FACE_OUTER_BOUND('',#409,.T.);
#288=FACE_OUTER_BOUND('',#410,.T.);
#289=FACE_OUTER_BOUND('',#411,.T.);
#290=FACE_OUTER_BOUND('',#412,.T.);
#291=FACE_OUTER_BOUND('',#413,.T.);
#292=FACE_OUTER_BOUND('',#414,.T.);
#293=FACE_OUTER_BOUND('',#415,.T.);
#294=FACE_OUTER_BOUND('',#416,.T.);
#295=FACE_OUTER_BOUND('',#417,.T.);
#296=FACE_OUTER_BOUND('',#418,.T.);
#297=FACE_OUTER_BOUND('',#419,.T.);
#298=FACE_OUTER_BOUND('',#420,.T.);
#299=EDGE_LOOP('',(#1193,#1194,#1195,#1196));
#300=EDGE_LOOP('',(#1197,#1198,#1199,#1200));
#301=EDGE_LOOP('',(#1201,#1202,#1203,#1204));
#302=EDGE_LOOP('',(#1205,#1206,#1207,#1208));
#303=EDGE_LOOP('',(#1209,#1210,#1211,#1212));
#304=EDGE_LOOP('',(#1213,#1214,#1215,#1216));
#305=EDGE_LOOP('',(#1217,#1218,#1219,#1220));
#306=EDGE_LOOP('',(#1221,#1222,#1223,#1224));
#307=EDGE_LOOP('',(#1225,#1226,#1227,#1228,#1229,#1230,#1231,#1232));
#308=EDGE_LOOP('',(#1233,#1234,#1235,#1236,#1237,#1238,#1239,#1240));
#309=EDGE_LOOP('',(#1241,#1242,#1243,#1244,#1245,#1246));
#310=EDGE_LOOP('',(#1247,#1248,#1249,#1250));
#311=EDGE_LOOP('',(#1251,#1252,#1253,#1254));
#312=EDGE_LOOP('',(#1255,#1256,#1257,#1258));
#313=EDGE_LOOP('',(#1259,#1260,#1261,#1262));
#314=EDGE_LOOP('',(#1263,#1264,#1265,#1266));
#315=EDGE_LOOP('',(#1267,#1268,#1269,#1270));
#316=EDGE_LOOP('',(#1271,#1272,#1273,#1274,#1275,#1276));
#317=EDGE_LOOP('',(#1277,#1278,#1279,#1280));
#318=EDGE_LOOP('',(#1281,#1282,#1283,#1284));
#319=EDGE_LOOP('',(#1285,#1286,#1287,#1288));
#320=EDGE_LOOP('',(#1289,#1290,#1291,#1292));
#321=EDGE_LOOP('',(#1293,#1294,#1295,#1296));
#322=EDGE_LOOP('',(#1297,#1298,#1299,#1300));
#323=EDGE_LOOP('',(#1301,#1302,#1303,#1304));
#324=EDGE_LOOP('',(#1305,#1306,#1307,#1308));
#325=EDGE_LOOP('',(#1309,#1310,#1311,#1312,#1313,#1314));
#326=EDGE_LOOP('',(#1315,#1316,#1317,#1318,#1319,#1320,#1321,#1322,#1323,
#1324,#1325,#1326,#1327,#1328,#1329,#1330,#1331,#1332));
#327=EDGE_LOOP('',(#1333,#1334,#1335,#1336));
#328=EDGE_LOOP('',(#1337,#1338,#1339,#1340));
#329=EDGE_LOOP('',(#1341,#1342,#1343,#1344));
#330=EDGE_LOOP('',(#1345,#1346,#1347,#1348,#1349));
#331=EDGE_LOOP('',(#1350,#1351,#1352,#1353,#1354));
#332=EDGE_LOOP('',(#1355,#1356,#1357,#1358));
#333=EDGE_LOOP('',(#1359,#1360,#1361));
#334=EDGE_LOOP('',(#1362,#1363,#1364,#1365,#1366,#1367,#1368,#1369,#1370,
#1371,#1372,#1373,#1374,#1375,#1376));
#335=EDGE_LOOP('',(#1377,#1378,#1379,#1380));
#336=EDGE_LOOP('',(#1381,#1382,#1383,#1384));
#337=EDGE_LOOP('',(#1385,#1386,#1387,#1388));
#338=EDGE_LOOP('',(#1389,#1390,#1391,#1392));
#339=EDGE_LOOP('',(#1393,#1394,#1395,#1396));
#340=EDGE_LOOP('',(#1397,#1398,#1399,#1400));
#341=EDGE_LOOP('',(#1401,#1402,#1403,#1404));
#342=EDGE_LOOP('',(#1405,#1406,#1407,#1408));
#343=EDGE_LOOP('',(#1409,#1410,#1411,#1412));
#344=EDGE_LOOP('',(#1413,#1414,#1415,#1416));
#345=EDGE_LOOP('',(#1417,#1418,#1419,#1420));
#346=EDGE_LOOP('',(#1421,#1422,#1423,#1424));
#347=EDGE_LOOP('',(#1425));
#348=EDGE_LOOP('',(#1426,#1427,#1428,#1429));
#349=EDGE_LOOP('',(#1430,#1431,#1432,#1433));
#350=EDGE_LOOP('',(#1434,#1435,#1436,#1437));
#351=EDGE_LOOP('',(#1438,#1439,#1440));
#352=EDGE_LOOP('',(#1441,#1442,#1443,#1444));
#353=EDGE_LOOP('',(#1445,#1446,#1447));
#354=EDGE_LOOP('',(#1448,#1449,#1450));
#355=EDGE_LOOP('',(#1451,#1452,#1453));
#356=EDGE_LOOP('',(#1454,#1455,#1456,#1457));
#357=EDGE_LOOP('',(#1458,#1459,#1460,#1461));
#358=EDGE_LOOP('',(#1462,#1463,#1464,#1465));
#359=EDGE_LOOP('',(#1466,#1467,#1468,#1469));
#360=EDGE_LOOP('',(#1470,#1471,#1472,#1473));
#361=EDGE_LOOP('',(#1474,#1475,#1476,#1477));
#362=EDGE_LOOP('',(#1478,#1479,#1480,#1481));
#363=EDGE_LOOP('',(#1482,#1483,#1484,#1485));
#364=EDGE_LOOP('',(#1486,#1487,#1488,#1489));
#365=EDGE_LOOP('',(#1490,#1491,#1492,#1493));
#366=EDGE_LOOP('',(#1494,#1495,#1496,#1497));
#367=EDGE_LOOP('',(#1498,#1499,#1500,#1501));
#368=EDGE_LOOP('',(#1502,#1503,#1504,#1505));
#369=EDGE_LOOP('',(#1506,#1507,#1508,#1509));
#370=EDGE_LOOP('',(#1510,#1511,#1512,#1513));
#371=EDGE_LOOP('',(#1514,#1515,#1516,#1517));
#372=EDGE_LOOP('',(#1518,#1519,#1520,#1521));
#373=EDGE_LOOP('',(#1522,#1523,#1524,#1525,#1526,#1527,#1528,#1529));
#374=EDGE_LOOP('',(#1530,#1531,#1532,#1533,#1534,#1535,#1536,#1537));
#375=EDGE_LOOP('',(#1538,#1539,#1540,#1541));
#376=EDGE_LOOP('',(#1542,#1543,#1544,#1545));
#377=EDGE_LOOP('',(#1546,#1547,#1548,#1549));
#378=EDGE_LOOP('',(#1550,#1551,#1552,#1553));
#379=EDGE_LOOP('',(#1554,#1555,#1556,#1557));
#380=EDGE_LOOP('',(#1558,#1559,#1560,#1561));
#381=EDGE_LOOP('',(#1562,#1563,#1564,#1565));
#382=EDGE_LOOP('',(#1566,#1567,#1568,#1569));
#383=EDGE_LOOP('',(#1570,#1571,#1572,#1573));
#384=EDGE_LOOP('',(#1574,#1575,#1576,#1577,#1578,#1579,#1580,#1581));
#385=EDGE_LOOP('',(#1582));
#386=EDGE_LOOP('',(#1583));
#387=EDGE_LOOP('',(#1584));
#388=EDGE_LOOP('',(#1585,#1586,#1587,#1588));
#389=EDGE_LOOP('',(#1589,#1590,#1591,#1592));
#390=EDGE_LOOP('',(#1593,#1594,#1595,#1596));
#391=EDGE_LOOP('',(#1597,#1598,#1599,#1600));
#392=EDGE_LOOP('',(#1601,#1602,#1603,#1604));
#393=EDGE_LOOP('',(#1605,#1606,#1607,#1608));
#394=EDGE_LOOP('',(#1609,#1610,#1611,#1612,#1613,#1614));
#395=EDGE_LOOP('',(#1615,#1616,#1617,#1618));
#396=EDGE_LOOP('',(#1619,#1620,#1621,#1622));
#397=EDGE_LOOP('',(#1623,#1624,#1625,#1626));
#398=EDGE_LOOP('',(#1627,#1628,#1629,#1630));
#399=EDGE_LOOP('',(#1631,#1632,#1633,#1634));
#400=EDGE_LOOP('',(#1635,#1636,#1637,#1638));
#401=EDGE_LOOP('',(#1639,#1640,#1641,#1642));
#402=EDGE_LOOP('',(#1643,#1644,#1645,#1646));
#403=EDGE_LOOP('',(#1647,#1648,#1649,#1650));
#404=EDGE_LOOP('',(#1651));
#405=EDGE_LOOP('',(#1652));
#406=EDGE_LOOP('',(#1653,#1654,#1655,#1656));
#407=EDGE_LOOP('',(#1657,#1658,#1659,#1660));
#408=EDGE_LOOP('',(#1661,#1662,#1663,#1664,#1665,#1666));
#409=EDGE_LOOP('',(#1667,#1668,#1669,#1670));
#410=EDGE_LOOP('',(#1671,#1672,#1673,#1674,#1675,#1676));
#411=EDGE_LOOP('',(#1677,#1678,#1679,#1680));
#412=EDGE_LOOP('',(#1681,#1682,#1683,#1684));
#413=EDGE_LOOP('',(#1685,#1686,#1687,#1688));
#414=EDGE_LOOP('',(#1689,#1690,#1691,#1692));
#415=EDGE_LOOP('',(#1693,#1694,#1695,#1696));
#416=EDGE_LOOP('',(#1697,#1698,#1699,#1700));
#417=EDGE_LOOP('',(#1701,#1702,#1703,#1704));
#418=EDGE_LOOP('',(#1705,#1706,#1707,#1708));
#419=EDGE_LOOP('',(#1709,#1710,#1711,#1712,#1713,#1714,#1715,#1716));
#420=EDGE_LOOP('',(#1717,#1718,#1719,#1720,#1721,#1722,#1723,#1724));
#421=LINE('',#2579,#591);
#422=LINE('',#2581,#592);
#423=LINE('',#2583,#593);
#424=LINE('',#2584,#594);
#425=LINE('',#2587,#595);
#426=LINE('',#2589,#596);
#427=LINE('',#2590,#597);
#428=LINE('',#2593,#598);
#429=LINE('',#2595,#599);
#430=LINE('',#2596,#600);
#431=LINE('',#2599,#601);
#432=LINE('',#2601,#602);
#433=LINE('',#2602,#603);
#434=LINE('',#2605,#604);
#435=LINE('',#2607,#605);
#436=LINE('',#2608,#606);
#437=LINE('',#2611,#607);
#438=LINE('',#2613,#608);
#439=LINE('',#2614,#609);
#440=LINE('',#2617,#610);
#441=LINE('',#2619,#611);
#442=LINE('',#2620,#612);
#443=LINE('',#2622,#613);
#444=LINE('',#2623,#614);
#445=LINE('',#3527,#615);
#446=LINE('',#3529,#616);
#447=LINE('',#3531,#617);
#448=LINE('',#3532,#618);
#449=LINE('',#3538,#619);
#450=LINE('',#3541,#620);
#451=LINE('',#3543,#621);
#452=LINE('',#3544,#622);
#453=LINE('',#3571,#623);
#454=LINE('',#3574,#624);
#455=LINE('',#3579,#625);
#456=LINE('',#3580,#626);
#457=LINE('',#3596,#627);
#458=LINE('',#3599,#628);
#459=LINE('',#3603,#629);
#460=LINE('',#3605,#630);
#461=LINE('',#3607,#631);
#462=LINE('',#3608,#632);
#463=LINE('',#3614,#633);
#464=LINE('',#3617,#634);
#465=LINE('',#3619,#635);
#466=LINE('',#3620,#636);
#467=LINE('',#3647,#637);
#468=LINE('',#3650,#638);
#469=LINE('',#3655,#639);
#470=LINE('',#3656,#640);
#471=LINE('',#3661,#641);
#472=LINE('',#3662,#642);
#473=LINE('',#3678,#643);
#474=LINE('',#3682,#644);
#475=LINE('',#3685,#645);
#476=LINE('',#3687,#646);
#477=LINE('',#3689,#647);
#478=LINE('',#3690,#648);
#479=LINE('',#3696,#649);
#480=LINE('',#3699,#650);
#481=LINE('',#3736,#651);
#482=LINE('',#3739,#652);
#483=LINE('',#3741,#653);
#484=LINE('',#3742,#654);
#485=LINE('',#3795,#655);
#486=LINE('',#3802,#656);
#487=LINE('',#3804,#657);
#488=LINE('',#3805,#658);
#489=LINE('',#3809,#659);
#490=LINE('',#3811,#660);
#491=LINE('',#3812,#661);
#492=LINE('',#3816,#662);
#493=LINE('',#3818,#663);
#494=LINE('',#3820,#664);
#495=LINE('',#3821,#665);
#496=LINE('',#3825,#666);
#497=LINE('',#3827,#667);
#498=LINE('',#3829,#668);
#499=LINE('',#3830,#669);
#500=LINE('',#3835,#670);
#501=LINE('',#3842,#671);
#502=LINE('',#3848,#672);
#503=LINE('',#3850,#673);
#504=LINE('',#3851,#674);
#505=LINE('',#3854,#675);
#506=LINE('',#3856,#676);
#507=LINE('',#3857,#677);
#508=LINE('',#4055,#678);
#509=LINE('',#4057,#679);
#510=LINE('',#4058,#680);
#511=LINE('',#4078,#681);
#512=LINE('',#4085,#682);
#513=LINE('',#4091,#683);
#514=LINE('',#4099,#684);
#515=LINE('',#4108,#685);
#516=LINE('',#4111,#686);
#517=LINE('',#4114,#687);
#518=LINE('',#4115,#688);
#519=LINE('',#4121,#689);
#520=LINE('',#4123,#690);
#521=LINE('',#4125,#691);
#522=LINE('',#4126,#692);
#523=LINE('',#4130,#693);
#524=LINE('',#4136,#694);
#525=LINE('',#4137,#695);
#526=LINE('',#4138,#696);
#527=LINE('',#4142,#697);
#528=LINE('',#4148,#698);
#529=LINE('',#4149,#699);
#530=LINE('',#4150,#700);
#531=LINE('',#4154,#701);
#532=LINE('',#4160,#702);
#533=LINE('',#4161,#703);
#534=LINE('',#4162,#704);
#535=LINE('',#4168,#705);
#536=LINE('',#4171,#706);
#537=LINE('',#4174,#707);
#538=LINE('',#4175,#708);
#539=LINE('',#4178,#709);
#540=LINE('',#4182,#710);
#541=LINE('',#4183,#711);
#542=LINE('',#4188,#712);
#543=LINE('',#4191,#713);
#544=LINE('',#4194,#714);
#545=LINE('',#4196,#715);
#546=LINE('',#4197,#716);
#547=LINE('',#4200,#717);
#548=LINE('',#4204,#718);
#549=LINE('',#4205,#719);
#550=LINE('',#4210,#720);
#551=LINE('',#4215,#721);
#552=LINE('',#4216,#722);
#553=LINE('',#4217,#723);
#554=LINE('',#4222,#724);
#555=LINE('',#4226,#725);
#556=LINE('',#4227,#726);
#557=LINE('',#4228,#727);
#558=LINE('',#4232,#728);
#559=LINE('',#4260,#729);
#560=LINE('',#4261,#730);
#561=LINE('',#4264,#731);
#562=LINE('',#4267,#732);
#563=LINE('',#4269,#733);
#564=LINE('',#4517,#734);
#565=LINE('',#4643,#735);
#566=LINE('',#4777,#736);
#567=LINE('',#5085,#737);
#568=LINE('',#5087,#738);
#569=LINE('',#5089,#739);
#570=LINE('',#5090,#740);
#571=LINE('',#5093,#741);
#572=LINE('',#5095,#742);
#573=LINE('',#5096,#743);
#574=LINE('',#5099,#744);
#575=LINE('',#5101,#745);
#576=LINE('',#5102,#746);
#577=LINE('',#5105,#747);
#578=LINE('',#5107,#748);
#579=LINE('',#5108,#749);
#580=LINE('',#5111,#750);
#581=LINE('',#5113,#751);
#582=LINE('',#5114,#752);
#583=LINE('',#5117,#753);
#584=LINE('',#5119,#754);
#585=LINE('',#5120,#755);
#586=LINE('',#5123,#756);
#587=LINE('',#5125,#757);
#588=LINE('',#5126,#758);
#589=LINE('',#5128,#759);
#590=LINE('',#5129,#760);
#591=VECTOR('',#2077,10.);
#592=VECTOR('',#2078,10.);
#593=VECTOR('',#2079,10.);
#594=VECTOR('',#2080,10.);
#595=VECTOR('',#2083,10.);
#596=VECTOR('',#2084,10.);
#597=VECTOR('',#2085,10.);
#598=VECTOR('',#2088,10.);
#599=VECTOR('',#2089,10.);
#600=VECTOR('',#2090,10.);
#601=VECTOR('',#2093,10.);
#602=VECTOR('',#2094,10.);
#603=VECTOR('',#2095,10.);
#604=VECTOR('',#2098,10.);
#605=VECTOR('',#2099,10.);
#606=VECTOR('',#2100,10.);
#607=VECTOR('',#2103,10.);
#608=VECTOR('',#2104,10.);
#609=VECTOR('',#2105,10.);
#610=VECTOR('',#2108,10.);
#611=VECTOR('',#2109,10.);
#612=VECTOR('',#2110,10.);
#613=VECTOR('',#2113,10.);
#614=VECTOR('',#2114,10.);
#615=VECTOR('',#2123,10.);
#616=VECTOR('',#2124,10.);
#617=VECTOR('',#2125,10.);
#618=VECTOR('',#2126,10.);
#619=VECTOR('',#2133,10.);
#620=VECTOR('',#2136,10.);
#621=VECTOR('',#2137,10.);
#622=VECTOR('',#2138,10.);
#623=VECTOR('',#2147,10.);
#624=VECTOR('',#2150,10.);
#625=VECTOR('',#2155,10.);
#626=VECTOR('',#2156,10.);
#627=VECTOR('',#2163,10.);
#628=VECTOR('',#2168,10.);
#629=VECTOR('',#2171,10.);
#630=VECTOR('',#2172,10.);
#631=VECTOR('',#2173,10.);
#632=VECTOR('',#2174,10.);
#633=VECTOR('',#2181,10.);
#634=VECTOR('',#2184,10.);
#635=VECTOR('',#2185,10.);
#636=VECTOR('',#2186,10.);
#637=VECTOR('',#2195,10.);
#638=VECTOR('',#2198,10.);
#639=VECTOR('',#2203,10.);
#640=VECTOR('',#2204,10.);
#641=VECTOR('',#2209,10.);
#642=VECTOR('',#2210,10.);
#643=VECTOR('',#2219,10.);
#644=VECTOR('',#2222,10.);
#645=VECTOR('',#2225,10.);
#646=VECTOR('',#2226,10.);
#647=VECTOR('',#2227,10.);
#648=VECTOR('',#2228,10.);
#649=VECTOR('',#2233,10.);
#650=VECTOR('',#2236,10.);
#651=VECTOR('',#2237,10.);
#652=VECTOR('',#2240,10.);
#653=VECTOR('',#2241,10.);
#654=VECTOR('',#2242,10.);
#655=VECTOR('',#2243,10.);
#656=VECTOR('',#2252,10.);
#657=VECTOR('',#2255,10.);
#658=VECTOR('',#2256,10.);
#659=VECTOR('',#2261,10.);
#660=VECTOR('',#2262,10.);
#661=VECTOR('',#2263,10.);
#662=VECTOR('',#2266,10.);
#663=VECTOR('',#2267,10.);
#664=VECTOR('',#2268,10.);
#665=VECTOR('',#2269,10.);
#666=VECTOR('',#2272,10.);
#667=VECTOR('',#2273,10.);
#668=VECTOR('',#2274,10.);
#669=VECTOR('',#2275,10.);
#670=VECTOR('',#2280,10.);
#671=VECTOR('',#2289,10.);
#672=VECTOR('',#2296,10.);
#673=VECTOR('',#2299,10.);
#674=VECTOR('',#2300,10.);
#675=VECTOR('',#2303,10.);
#676=VECTOR('',#2304,10.);
#677=VECTOR('',#2305,10.);
#678=VECTOR('',#2316,10.);
#679=VECTOR('',#2317,10.);
#680=VECTOR('',#2318,10.);
#681=VECTOR('',#2319,25.);
#682=VECTOR('',#2328,10.);
#683=VECTOR('',#2335,10.);
#684=VECTOR('',#2346,10.);
#685=VECTOR('',#2361,10.);
#686=VECTOR('',#2364,10.);
#687=VECTOR('',#2367,10.);
#688=VECTOR('',#2368,10.);
#689=VECTOR('',#2375,10.);
#690=VECTOR('',#2376,10.);
#691=VECTOR('',#2377,10.);
#692=VECTOR('',#2378,10.);
#693=VECTOR('',#2381,10.);
#694=VECTOR('',#2388,10.);
#695=VECTOR('',#2389,10.);
#696=VECTOR('',#2390,10.);
#697=VECTOR('',#2393,10.);
#698=VECTOR('',#2400,10.);
#699=VECTOR('',#2401,10.);
#700=VECTOR('',#2402,10.);
#701=VECTOR('',#2405,10.);
#702=VECTOR('',#2412,10.);
#703=VECTOR('',#2413,10.);
#704=VECTOR('',#2414,10.);
#705=VECTOR('',#2423,10.);
#706=VECTOR('',#2426,10.);
#707=VECTOR('',#2429,10.);
#708=VECTOR('',#2430,10.);
#709=VECTOR('',#2433,10.);
#710=VECTOR('',#2438,10.);
#711=VECTOR('',#2439,10.);
#712=VECTOR('',#2444,10.);
#713=VECTOR('',#2447,10.);
#714=VECTOR('',#2450,10.);
#715=VECTOR('',#2451,10.);
#716=VECTOR('',#2452,10.);
#717=VECTOR('',#2455,10.);
#718=VECTOR('',#2460,10.);
#719=VECTOR('',#2461,10.);
#720=VECTOR('',#2466,10.);
#721=VECTOR('',#2471,10.);
#722=VECTOR('',#2472,10.);
#723=VECTOR('',#2473,10.);
#724=VECTOR('',#2478,10.);
#725=VECTOR('',#2483,10.);
#726=VECTOR('',#2484,10.);
#727=VECTOR('',#2485,10.);
#728=VECTOR('',#2492,10.);
#729=VECTOR('',#2501,10.);
#730=VECTOR('',#2502,10.);
#731=VECTOR('',#2507,10.);
#732=VECTOR('',#2512,10.);
#733=VECTOR('',#2515,10.);
#734=VECTOR('',#2520,25.);
#735=VECTOR('',#2523,10.);
#736=VECTOR('',#2524,10.);
#737=VECTOR('',#2529,10.);
#738=VECTOR('',#2530,10.);
#739=VECTOR('',#2531,10.);
#740=VECTOR('',#2532,10.);
#741=VECTOR('',#2535,10.);
#742=VECTOR('',#2536,10.);
#743=VECTOR('',#2537,10.);
#744=VECTOR('',#2540,10.);
#745=VECTOR('',#2541,10.);
#746=VECTOR('',#2542,10.);
#747=VECTOR('',#2545,10.);
#748=VECTOR('',#2546,10.);
#749=VECTOR('',#2547,10.);
#750=VECTOR('',#2550,10.);
#751=VECTOR('',#2551,10.);
#752=VECTOR('',#2552,10.);
#753=VECTOR('',#2555,10.);
#754=VECTOR('',#2556,10.);
#755=VECTOR('',#2557,10.);
#756=VECTOR('',#2560,10.);
#757=VECTOR('',#2561,10.);
#758=VECTOR('',#2562,10.);
#759=VECTOR('',#2565,10.);
#760=VECTOR('',#2566,10.);
#761=VERTEX_POINT('',#2577);
#762=VERTEX_POINT('',#2578);
#763=VERTEX_POINT('',#2580);
#764=VERTEX_POINT('',#2582);
#765=VERTEX_POINT('',#2586);
#766=VERTEX_POINT('',#2588);
#767=VERTEX_POINT('',#2592);
#768=VERTEX_POINT('',#2594);
#769=VERTEX_POINT('',#2598);
#770=VERTEX_POINT('',#2600);
#771=VERTEX_POINT('',#2604);
#772=VERTEX_POINT('',#2606);
#773=VERTEX_POINT('',#2610);
#774=VERTEX_POINT('',#2612);
#775=VERTEX_POINT('',#2616);
#776=VERTEX_POINT('',#2618);
#777=VERTEX_POINT('',#2806);
#778=VERTEX_POINT('',#2807);
#779=VERTEX_POINT('',#2813);
#780=VERTEX_POINT('',#3115);
#781=VERTEX_POINT('',#3426);
#782=VERTEX_POINT('',#3428);
#783=VERTEX_POINT('',#3525);
#784=VERTEX_POINT('',#3526);
#785=VERTEX_POINT('',#3528);
#786=VERTEX_POINT('',#3530);
#787=VERTEX_POINT('',#3534);
#788=VERTEX_POINT('',#3536);
#789=VERTEX_POINT('',#3540);
#790=VERTEX_POINT('',#3542);
#791=VERTEX_POINT('',#3549);
#792=VERTEX_POINT('',#3550);
#793=VERTEX_POINT('',#3570);
#794=VERTEX_POINT('',#3572);
#795=VERTEX_POINT('',#3576);
#796=VERTEX_POINT('',#3578);
#797=VERTEX_POINT('',#3582);
#798=VERTEX_POINT('',#3583);
#799=VERTEX_POINT('',#3588);
#800=VERTEX_POINT('',#3594);
#801=VERTEX_POINT('',#3601);
#802=VERTEX_POINT('',#3602);
#803=VERTEX_POINT('',#3604);
#804=VERTEX_POINT('',#3606);
#805=VERTEX_POINT('',#3610);
#806=VERTEX_POINT('',#3612);
#807=VERTEX_POINT('',#3616);
#808=VERTEX_POINT('',#3618);
#809=VERTEX_POINT('',#3625);
#810=VERTEX_POINT('',#3626);
#811=VERTEX_POINT('',#3646);
#812=VERTEX_POINT('',#3648);
#813=VERTEX_POINT('',#3652);
#814=VERTEX_POINT('',#3654);
#815=VERTEX_POINT('',#3658);
#816=VERTEX_POINT('',#3660);
#817=VERTEX_POINT('',#3664);
#818=VERTEX_POINT('',#3669);
#819=VERTEX_POINT('',#3677);
#820=VERTEX_POINT('',#3679);
#821=VERTEX_POINT('',#3681);
#822=VERTEX_POINT('',#3683);
#823=VERTEX_POINT('',#3686);
#824=VERTEX_POINT('',#3688);
#825=VERTEX_POINT('',#3692);
#826=VERTEX_POINT('',#3693);
#827=VERTEX_POINT('',#3695);
#828=VERTEX_POINT('',#3697);
#829=VERTEX_POINT('',#3716);
#830=VERTEX_POINT('',#3727);
#831=VERTEX_POINT('',#3738);
#832=VERTEX_POINT('',#3740);
#833=VERTEX_POINT('',#3763);
#834=VERTEX_POINT('',#3787);
#835=VERTEX_POINT('',#3797);
#836=VERTEX_POINT('',#3800);
#837=VERTEX_POINT('',#3808);
#838=VERTEX_POINT('',#3810);
#839=VERTEX_POINT('',#3814);
#840=VERTEX_POINT('',#3815);
#841=VERTEX_POINT('',#3817);
#842=VERTEX_POINT('',#3819);
#843=VERTEX_POINT('',#3823);
#844=VERTEX_POINT('',#3824);
#845=VERTEX_POINT('',#3826);
#846=VERTEX_POINT('',#3828);
#847=VERTEX_POINT('',#3832);
#848=VERTEX_POINT('',#3834);
#849=VERTEX_POINT('',#3838);
#850=VERTEX_POINT('',#3840);
#851=VERTEX_POINT('',#3844);
#852=VERTEX_POINT('',#3846);
#853=VERTEX_POINT('',#3853);
#854=VERTEX_POINT('',#3855);
#855=VERTEX_POINT('',#3996);
#856=VERTEX_POINT('',#3997);
#857=VERTEX_POINT('',#4054);
#858=VERTEX_POINT('',#4056);
#859=VERTEX_POINT('',#4077);
#860=VERTEX_POINT('',#4081);
#861=VERTEX_POINT('',#4083);
#862=VERTEX_POINT('',#4087);
#863=VERTEX_POINT('',#4089);
#864=VERTEX_POINT('',#4095);
#865=VERTEX_POINT('',#4097);
#866=VERTEX_POINT('',#4107);
#867=VERTEX_POINT('',#4109);
#868=VERTEX_POINT('',#4113);
#869=VERTEX_POINT('',#4119);
#870=VERTEX_POINT('',#4120);
#871=VERTEX_POINT('',#4122);
#872=VERTEX_POINT('',#4124);
#873=VERTEX_POINT('',#4128);
#874=VERTEX_POINT('',#4129);
#875=VERTEX_POINT('',#4134);
#876=VERTEX_POINT('',#4135);
#877=VERTEX_POINT('',#4140);
#878=VERTEX_POINT('',#4141);
#879=VERTEX_POINT('',#4146);
#880=VERTEX_POINT('',#4147);
#881=VERTEX_POINT('',#4152);
#882=VERTEX_POINT('',#4153);
#883=VERTEX_POINT('',#4158);
#884=VERTEX_POINT('',#4159);
#885=VERTEX_POINT('',#4167);
#886=VERTEX_POINT('',#4169);
#887=VERTEX_POINT('',#4173);
#888=VERTEX_POINT('',#4177);
#889=VERTEX_POINT('',#4181);
#890=VERTEX_POINT('',#4185);
#891=VERTEX_POINT('',#4187);
#892=VERTEX_POINT('',#4189);
#893=VERTEX_POINT('',#4193);
#894=VERTEX_POINT('',#4195);
#895=VERTEX_POINT('',#4199);
#896=VERTEX_POINT('',#4203);
#897=VERTEX_POINT('',#4207);
#898=VERTEX_POINT('',#4209);
#899=VERTEX_POINT('',#4213);
#900=VERTEX_POINT('',#4214);
#901=VERTEX_POINT('',#4219);
#902=VERTEX_POINT('',#4221);
#903=VERTEX_POINT('',#4225);
#904=VERTEX_POINT('',#4234);
#905=VERTEX_POINT('',#4237);
#906=VERTEX_POINT('',#4416);
#907=VERTEX_POINT('',#4417);
#908=VERTEX_POINT('',#4495);
#909=VERTEX_POINT('',#4519);
#910=VERTEX_POINT('',#4776);
#911=VERTEX_POINT('',#5083);
#912=VERTEX_POINT('',#5084);
#913=VERTEX_POINT('',#5086);
#914=VERTEX_POINT('',#5088);
#915=VERTEX_POINT('',#5092);
#916=VERTEX_POINT('',#5094);
#917=VERTEX_POINT('',#5098);
#918=VERTEX_POINT('',#5100);
#919=VERTEX_POINT('',#5104);
#920=VERTEX_POINT('',#5106);
#921=VERTEX_POINT('',#5110);
#922=VERTEX_POINT('',#5112);
#923=VERTEX_POINT('',#5116);
#924=VERTEX_POINT('',#5118);
#925=VERTEX_POINT('',#5122);
#926=VERTEX_POINT('',#5124);
#927=EDGE_CURVE('',#761,#762,#421,.T.);
#928=EDGE_CURVE('',#762,#763,#422,.T.);
#929=EDGE_CURVE('',#764,#763,#423,.T.);
#930=EDGE_CURVE('',#761,#764,#424,.T.);
#931=EDGE_CURVE('',#765,#761,#425,.T.);
#932=EDGE_CURVE('',#766,#764,#426,.T.);
#933=EDGE_CURVE('',#765,#766,#427,.T.);
#934=EDGE_CURVE('',#767,#765,#428,.T.);
#935=EDGE_CURVE('',#768,#766,#429,.T.);
#936=EDGE_CURVE('',#767,#768,#430,.T.);
#937=EDGE_CURVE('',#769,#767,#431,.T.);
#938=EDGE_CURVE('',#770,#768,#432,.T.);
#939=EDGE_CURVE('',#769,#770,#433,.T.);
#940=EDGE_CURVE('',#771,#769,#434,.T.);
#941=EDGE_CURVE('',#772,#770,#435,.T.);
#942=EDGE_CURVE('',#771,#772,#436,.T.);
#943=EDGE_CURVE('',#773,#771,#437,.T.);
#944=EDGE_CURVE('',#774,#772,#438,.T.);
#945=EDGE_CURVE('',#773,#774,#439,.T.);
#946=EDGE_CURVE('',#775,#773,#440,.T.);
#947=EDGE_CURVE('',#776,#774,#441,.T.);
#948=EDGE_CURVE('',#775,#776,#442,.T.);
#949=EDGE_CURVE('',#762,#775,#443,.T.);
#950=EDGE_CURVE('',#763,#776,#444,.T.);
#951=EDGE_CURVE('',#777,#778,#143,.T.);
#952=EDGE_CURVE('',#777,#779,#144,.T.);
#953=EDGE_CURVE('',#779,#780,#145,.T.);
#954=EDGE_CURVE('',#781,#780,#76,.T.);
#955=EDGE_CURVE('',#782,#781,#146,.T.);
#956=EDGE_CURVE('',#778,#782,#147,.T.);
#957=EDGE_CURVE('',#783,#784,#445,.T.);
#958=EDGE_CURVE('',#785,#783,#446,.T.);
#959=EDGE_CURVE('',#786,#785,#447,.T.);
#960=EDGE_CURVE('',#786,#784,#448,.T.);
#961=EDGE_CURVE('',#784,#787,#77,.T.);
#962=EDGE_CURVE('',#788,#786,#78,.T.);
#963=EDGE_CURVE('',#788,#787,#449,.T.);
#964=EDGE_CURVE('',#787,#789,#450,.T.);
#965=EDGE_CURVE('',#790,#788,#451,.T.);
#966=EDGE_CURVE('',#790,#789,#452,.T.);
#967=EDGE_CURVE('',#789,#783,#79,.T.);
#968=EDGE_CURVE('',#785,#790,#80,.T.);
#969=EDGE_CURVE('',#791,#792,#148,.T.);
#970=EDGE_CURVE('',#793,#791,#453,.T.);
#971=EDGE_CURVE('',#794,#793,#81,.T.);
#972=EDGE_CURVE('',#794,#792,#454,.T.);
#973=EDGE_CURVE('',#792,#795,#82,.T.);
#974=EDGE_CURVE('',#796,#794,#455,.T.);
#975=EDGE_CURVE('',#796,#795,#456,.T.);
#976=EDGE_CURVE('',#797,#798,#149,.T.);
#977=EDGE_CURVE('',#799,#797,#83,.T.);
#978=EDGE_CURVE('',#795,#799,#150,.T.);
#979=EDGE_CURVE('',#800,#796,#84,.T.);
#980=EDGE_CURVE('',#800,#798,#457,.T.);
#981=EDGE_CURVE('',#798,#791,#85,.T.);
#982=EDGE_CURVE('',#793,#800,#458,.T.);
#983=EDGE_CURVE('',#801,#802,#459,.T.);
#984=EDGE_CURVE('',#803,#801,#460,.T.);
#985=EDGE_CURVE('',#804,#803,#461,.T.);
#986=EDGE_CURVE('',#804,#802,#462,.T.);
#987=EDGE_CURVE('',#802,#805,#86,.T.);
#988=EDGE_CURVE('',#806,#804,#87,.T.);
#989=EDGE_CURVE('',#806,#805,#463,.T.);
#990=EDGE_CURVE('',#805,#807,#464,.T.);
#991=EDGE_CURVE('',#808,#806,#465,.T.);
#992=EDGE_CURVE('',#808,#807,#466,.T.);
#993=EDGE_CURVE('',#807,#801,#88,.T.);
#994=EDGE_CURVE('',#803,#808,#89,.T.);
#995=EDGE_CURVE('',#809,#810,#151,.T.);
#996=EDGE_CURVE('',#811,#809,#467,.T.);
#997=EDGE_CURVE('',#812,#811,#90,.T.);
#998=EDGE_CURVE('',#812,#810,#468,.T.);
#999=EDGE_CURVE('',#810,#813,#91,.T.);
#1000=EDGE_CURVE('',#814,#812,#469,.T.);
#1001=EDGE_CURVE('',#814,#813,#470,.T.);
#1002=EDGE_CURVE('',#815,#809,#92,.T.);
#1003=EDGE_CURVE('',#816,#815,#471,.T.);
#1004=EDGE_CURVE('',#811,#816,#472,.T.);
#1005=EDGE_CURVE('',#817,#815,#152,.T.);
#1006=EDGE_CURVE('',#818,#817,#93,.T.);
#1007=EDGE_CURVE('',#813,#818,#153,.T.);
#1008=EDGE_CURVE('',#816,#814,#94,.T.);
#1009=EDGE_CURVE('',#799,#819,#473,.T.);
#1010=EDGE_CURVE('',#819,#820,#95,.T.);
#1011=EDGE_CURVE('',#820,#821,#474,.T.);
#1012=EDGE_CURVE('',#821,#822,#96,.T.);
#1013=EDGE_CURVE('',#822,#817,#475,.T.);
#1014=EDGE_CURVE('',#818,#823,#476,.T.);
#1015=EDGE_CURVE('',#823,#824,#477,.T.);
#1016=EDGE_CURVE('',#824,#797,#478,.T.);
#1017=EDGE_CURVE('',#825,#826,#97,.T.);
#1018=EDGE_CURVE('',#827,#825,#479,.T.);
#1019=EDGE_CURVE('',#828,#827,#98,.T.);
#1020=EDGE_CURVE('',#828,#826,#480,.T.);
#1021=EDGE_CURVE('',#826,#829,#154,.T.);
#1022=EDGE_CURVE('',#830,#828,#155,.T.);
#1023=EDGE_CURVE('',#830,#829,#481,.T.);
#1024=EDGE_CURVE('',#829,#831,#482,.T.);
#1025=EDGE_CURVE('',#832,#830,#483,.T.);
#1026=EDGE_CURVE('',#832,#831,#484,.T.);
#1027=EDGE_CURVE('',#831,#833,#156,.T.);
#1028=EDGE_CURVE('',#824,#832,#157,.T.);
#1029=EDGE_CURVE('',#824,#834,#158,.T.);
#1030=EDGE_CURVE('',#834,#833,#485,.T.);
#1031=EDGE_CURVE('',#833,#835,#99,.T.);
#1032=EDGE_CURVE('',#834,#823,#100,.T.);
#1033=EDGE_CURVE('',#836,#823,#101,.T.);
#1034=EDGE_CURVE('',#836,#835,#486,.T.);
#1035=EDGE_CURVE('',#835,#825,#487,.T.);
#1036=EDGE_CURVE('',#827,#836,#488,.T.);
#1037=EDGE_CURVE('',#822,#837,#489,.T.);
#1038=EDGE_CURVE('',#838,#837,#490,.T.);
#1039=EDGE_CURVE('',#819,#838,#491,.T.);
#1040=EDGE_CURVE('',#839,#840,#492,.T.);
#1041=EDGE_CURVE('',#841,#839,#493,.T.);
#1042=EDGE_CURVE('',#842,#841,#494,.T.);
#1043=EDGE_CURVE('',#842,#840,#495,.T.);
#1044=EDGE_CURVE('',#843,#844,#496,.T.);
#1045=EDGE_CURVE('',#843,#845,#497,.T.);
#1046=EDGE_CURVE('',#846,#845,#498,.T.);
#1047=EDGE_CURVE('',#844,#846,#499,.T.);
#1048=EDGE_CURVE('',#847,#839,#102,.T.);
#1049=EDGE_CURVE('',#848,#847,#500,.T.);
#1050=EDGE_CURVE('',#841,#848,#103,.T.);
#1051=EDGE_CURVE('',#844,#849,#104,.T.);
#1052=EDGE_CURVE('',#850,#846,#105,.T.);
#1053=EDGE_CURVE('',#849,#850,#501,.T.);
#1054=EDGE_CURVE('',#840,#851,#106,.T.);
#1055=EDGE_CURVE('',#852,#842,#107,.T.);
#1056=EDGE_CURVE('',#852,#851,#502,.T.);
#1057=EDGE_CURVE('',#851,#847,#503,.T.);
#1058=EDGE_CURVE('',#848,#852,#504,.T.);
#1059=EDGE_CURVE('',#849,#853,#505,.T.);
#1060=EDGE_CURVE('',#854,#850,#506,.T.);
#1061=EDGE_CURVE('',#853,#854,#507,.T.);
#1062=EDGE_CURVE('',#853,#843,#108,.T.);
#1063=EDGE_CURVE('',#845,#854,#109,.T.);
#1064=EDGE_CURVE('',#855,#856,#110,.T.);
#1065=EDGE_CURVE('',#856,#856,#159,.T.);
#1066=EDGE_CURVE('',#855,#855,#160,.T.);
#1067=EDGE_CURVE('',#821,#857,#508,.T.);
#1068=EDGE_CURVE('',#858,#820,#509,.T.);
#1069=EDGE_CURVE('',#857,#858,#510,.T.);
#1070=EDGE_CURVE('',#856,#859,#511,.T.);
#1071=EDGE_CURVE('',#859,#859,#31,.T.);
#1072=EDGE_CURVE('',#860,#821,#111,.T.);
#1073=EDGE_CURVE('',#857,#861,#112,.T.);
#1074=EDGE_CURVE('',#861,#860,#512,.T.);
#1075=EDGE_CURVE('',#862,#857,#113,.T.);
#1076=EDGE_CURVE('',#858,#863,#114,.T.);
#1077=EDGE_CURVE('',#863,#862,#513,.T.);
#1078=EDGE_CURVE('',#862,#861,#115,.T.);
#1079=EDGE_CURVE('',#864,#858,#116,.T.);
#1080=EDGE_CURVE('',#820,#865,#117,.T.);
#1081=EDGE_CURVE('',#865,#864,#514,.T.);
#1082=EDGE_CURVE('',#864,#863,#118,.T.);
#1083=EDGE_CURVE('',#819,#865,#119,.T.);
#1084=EDGE_CURVE('',#860,#822,#120,.T.);
#1085=EDGE_CURVE('',#864,#866,#515,.T.);
#1086=EDGE_CURVE('',#867,#866,#121,.T.);
#1087=EDGE_CURVE('',#863,#867,#516,.T.);
#1088=EDGE_CURVE('',#865,#868,#517,.T.);
#1089=EDGE_CURVE('',#866,#868,#518,.T.);
#1090=EDGE_CURVE('',#868,#838,#122,.T.);
#1091=EDGE_CURVE('',#869,#870,#519,.T.);
#1092=EDGE_CURVE('',#870,#871,#520,.T.);
#1093=EDGE_CURVE('',#871,#872,#521,.T.);
#1094=EDGE_CURVE('',#872,#869,#522,.T.);
#1095=EDGE_CURVE('',#873,#874,#523,.T.);
#1096=EDGE_CURVE('',#874,#870,#123,.T.);
#1097=EDGE_CURVE('',#869,#873,#124,.T.);
#1098=EDGE_CURVE('',#875,#876,#524,.T.);
#1099=EDGE_CURVE('',#876,#874,#525,.T.);
#1100=EDGE_CURVE('',#873,#875,#526,.T.);
#1101=EDGE_CURVE('',#877,#878,#527,.T.);
#1102=EDGE_CURVE('',#878,#876,#125,.T.);
#1103=EDGE_CURVE('',#875,#877,#126,.T.);
#1104=EDGE_CURVE('',#879,#880,#528,.T.);
#1105=EDGE_CURVE('',#880,#878,#529,.T.);
#1106=EDGE_CURVE('',#877,#879,#530,.T.);
#1107=EDGE_CURVE('',#881,#882,#531,.T.);
#1108=EDGE_CURVE('',#882,#880,#127,.T.);
#1109=EDGE_CURVE('',#879,#881,#128,.T.);
#1110=EDGE_CURVE('',#883,#884,#532,.T.);
#1111=EDGE_CURVE('',#884,#882,#533,.T.);
#1112=EDGE_CURVE('',#881,#883,#534,.T.);
#1113=EDGE_CURVE('',#871,#884,#129,.T.);
#1114=EDGE_CURVE('',#883,#872,#130,.T.);
#1115=EDGE_CURVE('',#885,#875,#535,.T.);
#1116=EDGE_CURVE('',#886,#885,#131,.T.);
#1117=EDGE_CURVE('',#886,#877,#536,.T.);
#1118=EDGE_CURVE('',#887,#873,#537,.T.);
#1119=EDGE_CURVE('',#885,#887,#538,.T.);
#1120=EDGE_CURVE('',#888,#869,#539,.T.);
#1121=EDGE_CURVE('',#887,#888,#132,.T.);
#1122=EDGE_CURVE('',#889,#872,#540,.T.);
#1123=EDGE_CURVE('',#888,#889,#541,.T.);
#1124=EDGE_CURVE('',#837,#890,#133,.T.);
#1125=EDGE_CURVE('',#890,#891,#542,.T.);
#1126=EDGE_CURVE('',#891,#892,#134,.T.);
#1127=EDGE_CURVE('',#892,#867,#543,.T.);
#1128=EDGE_CURVE('',#887,#893,#544,.T.);
#1129=EDGE_CURVE('',#893,#894,#545,.T.);
#1130=EDGE_CURVE('',#894,#885,#546,.T.);
#1131=EDGE_CURVE('',#888,#895,#547,.T.);
#1132=EDGE_CURVE('',#895,#893,#135,.T.);
#1133=EDGE_CURVE('',#889,#896,#548,.T.);
#1134=EDGE_CURVE('',#896,#895,#549,.T.);
#1135=EDGE_CURVE('',#889,#897,#136,.T.);
#1136=EDGE_CURVE('',#897,#898,#550,.T.);
#1137=EDGE_CURVE('',#898,#896,#137,.T.);
#1138=EDGE_CURVE('',#899,#900,#551,.T.);
#1139=EDGE_CURVE('',#900,#898,#552,.T.);
#1140=EDGE_CURVE('',#897,#899,#553,.T.);
#1141=EDGE_CURVE('',#899,#901,#138,.T.);
#1142=EDGE_CURVE('',#901,#902,#554,.T.);
#1143=EDGE_CURVE('',#902,#900,#139,.T.);
#1144=EDGE_CURVE('',#886,#903,#555,.T.);
#1145=EDGE_CURVE('',#903,#902,#556,.T.);
#1146=EDGE_CURVE('',#901,#886,#557,.T.);
#1147=EDGE_CURVE('',#894,#903,#140,.T.);
#1148=EDGE_CURVE('',#897,#883,#558,.T.);
#1149=EDGE_CURVE('',#904,#904,#141,.T.);
#1150=EDGE_CURVE('',#905,#905,#161,.T.);
#1151=EDGE_CURVE('',#862,#892,#559,.T.);
#1152=EDGE_CURVE('',#861,#891,#560,.T.);
#1153=EDGE_CURVE('',#860,#890,#561,.T.);
#1154=EDGE_CURVE('',#899,#881,#562,.T.);
#1155=EDGE_CURVE('',#901,#879,#563,.T.);
#1156=EDGE_CURVE('',#906,#907,#142,.T.);
#1157=EDGE_CURVE('',#907,#907,#162,.T.);
#1158=EDGE_CURVE('',#906,#906,#163,.T.);
#1159=EDGE_CURVE('',#908,#908,#164,.T.);
#1160=EDGE_CURVE('',#908,#907,#564,.T.);
#1161=EDGE_CURVE('',#909,#909,#165,.T.);
#1162=EDGE_CURVE('',#905,#908,#565,.T.);
#1163=EDGE_CURVE('',#781,#778,#166,.T.);
#1164=EDGE_CURVE('',#780,#777,#167,.T.);
#1165=EDGE_CURVE('',#910,#782,#566,.T.);
#1166=EDGE_CURVE('',#910,#910,#168,.T.);
#1167=EDGE_CURVE('',#910,#904,#169,.T.);
#1168=EDGE_CURVE('',#779,#909,#170,.T.);
#1169=EDGE_CURVE('',#911,#912,#567,.T.);
#1170=EDGE_CURVE('',#912,#913,#568,.T.);
#1171=EDGE_CURVE('',#914,#913,#569,.T.);
#1172=EDGE_CURVE('',#911,#914,#570,.T.);
#1173=EDGE_CURVE('',#915,#911,#571,.T.);
#1174=EDGE_CURVE('',#916,#914,#572,.T.);
#1175=EDGE_CURVE('',#915,#916,#573,.T.);
#1176=EDGE_CURVE('',#917,#915,#574,.T.);
#1177=EDGE_CURVE('',#918,#916,#575,.T.);
#1178=EDGE_CURVE('',#917,#918,#576,.T.);
#1179=EDGE_CURVE('',#919,#917,#577,.T.);
#1180=EDGE_CURVE('',#920,#918,#578,.T.);
#1181=EDGE_CURVE('',#919,#920,#579,.T.);
#1182=EDGE_CURVE('',#921,#919,#580,.T.);
#1183=EDGE_CURVE('',#922,#920,#581,.T.);
#1184=EDGE_CURVE('',#921,#922,#582,.T.);
#1185=EDGE_CURVE('',#923,#921,#583,.T.);
#1186=EDGE_CURVE('',#924,#922,#584,.T.);
#1187=EDGE_CURVE('',#923,#924,#585,.T.);
#1188=EDGE_CURVE('',#925,#923,#586,.T.);
#1189=EDGE_CURVE('',#926,#924,#587,.T.);
#1190=EDGE_CURVE('',#925,#926,#588,.T.);
#1191=EDGE_CURVE('',#912,#925,#589,.T.);
#1192=EDGE_CURVE('',#913,#926,#590,.T.);
#1193=ORIENTED_EDGE('',*,*,#927,.T.);
#1194=ORIENTED_EDGE('',*,*,#928,.T.);
#1195=ORIENTED_EDGE('',*,*,#929,.F.);
#1196=ORIENTED_EDGE('',*,*,#930,.F.);
#1197=ORIENTED_EDGE('',*,*,#931,.T.);
#1198=ORIENTED_EDGE('',*,*,#930,.T.);
#1199=ORIENTED_EDGE('',*,*,#932,.F.);
#1200=ORIENTED_EDGE('',*,*,#933,.F.);
#1201=ORIENTED_EDGE('',*,*,#934,.T.);
#1202=ORIENTED_EDGE('',*,*,#933,.T.);
#1203=ORIENTED_EDGE('',*,*,#935,.F.);
#1204=ORIENTED_EDGE('',*,*,#936,.F.);
#1205=ORIENTED_EDGE('',*,*,#937,.T.);
#1206=ORIENTED_EDGE('',*,*,#936,.T.);
#1207=ORIENTED_EDGE('',*,*,#938,.F.);
#1208=ORIENTED_EDGE('',*,*,#939,.F.);
#1209=ORIENTED_EDGE('',*,*,#940,.T.);
#1210=ORIENTED_EDGE('',*,*,#939,.T.);
#1211=ORIENTED_EDGE('',*,*,#941,.F.);
#1212=ORIENTED_EDGE('',*,*,#942,.F.);
#1213=ORIENTED_EDGE('',*,*,#943,.T.);
#1214=ORIENTED_EDGE('',*,*,#942,.T.);
#1215=ORIENTED_EDGE('',*,*,#944,.F.);
#1216=ORIENTED_EDGE('',*,*,#945,.F.);
#1217=ORIENTED_EDGE('',*,*,#946,.T.);
#1218=ORIENTED_EDGE('',*,*,#945,.T.);
#1219=ORIENTED_EDGE('',*,*,#947,.F.);
#1220=ORIENTED_EDGE('',*,*,#948,.F.);
#1221=ORIENTED_EDGE('',*,*,#949,.T.);
#1222=ORIENTED_EDGE('',*,*,#948,.T.);
#1223=ORIENTED_EDGE('',*,*,#950,.F.);
#1224=ORIENTED_EDGE('',*,*,#928,.F.);
#1225=ORIENTED_EDGE('',*,*,#950,.T.);
#1226=ORIENTED_EDGE('',*,*,#947,.T.);
#1227=ORIENTED_EDGE('',*,*,#944,.T.);
#1228=ORIENTED_EDGE('',*,*,#941,.T.);
#1229=ORIENTED_EDGE('',*,*,#938,.T.);
#1230=ORIENTED_EDGE('',*,*,#935,.T.);
#1231=ORIENTED_EDGE('',*,*,#932,.T.);
#1232=ORIENTED_EDGE('',*,*,#929,.T.);
#1233=ORIENTED_EDGE('',*,*,#949,.F.);
#1234=ORIENTED_EDGE('',*,*,#927,.F.);
#1235=ORIENTED_EDGE('',*,*,#931,.F.);
#1236=ORIENTED_EDGE('',*,*,#934,.F.);
#1237=ORIENTED_EDGE('',*,*,#937,.F.);
#1238=ORIENTED_EDGE('',*,*,#940,.F.);
#1239=ORIENTED_EDGE('',*,*,#943,.F.);
#1240=ORIENTED_EDGE('',*,*,#946,.F.);
#1241=ORIENTED_EDGE('',*,*,#951,.F.);
#1242=ORIENTED_EDGE('',*,*,#952,.T.);
#1243=ORIENTED_EDGE('',*,*,#953,.T.);
#1244=ORIENTED_EDGE('',*,*,#954,.F.);
#1245=ORIENTED_EDGE('',*,*,#955,.F.);
#1246=ORIENTED_EDGE('',*,*,#956,.F.);
#1247=ORIENTED_EDGE('',*,*,#957,.F.);
#1248=ORIENTED_EDGE('',*,*,#958,.F.);
#1249=ORIENTED_EDGE('',*,*,#959,.F.);
#1250=ORIENTED_EDGE('',*,*,#960,.T.);
#1251=ORIENTED_EDGE('',*,*,#961,.F.);
#1252=ORIENTED_EDGE('',*,*,#960,.F.);
#1253=ORIENTED_EDGE('',*,*,#962,.F.);
#1254=ORIENTED_EDGE('',*,*,#963,.T.);
#1255=ORIENTED_EDGE('',*,*,#964,.F.);
#1256=ORIENTED_EDGE('',*,*,#963,.F.);
#1257=ORIENTED_EDGE('',*,*,#965,.F.);
#1258=ORIENTED_EDGE('',*,*,#966,.T.);
#1259=ORIENTED_EDGE('',*,*,#967,.F.);
#1260=ORIENTED_EDGE('',*,*,#966,.F.);
#1261=ORIENTED_EDGE('',*,*,#968,.F.);
#1262=ORIENTED_EDGE('',*,*,#958,.T.);
#1263=ORIENTED_EDGE('',*,*,#969,.F.);
#1264=ORIENTED_EDGE('',*,*,#970,.F.);
#1265=ORIENTED_EDGE('',*,*,#971,.F.);
#1266=ORIENTED_EDGE('',*,*,#972,.T.);
#1267=ORIENTED_EDGE('',*,*,#973,.F.);
#1268=ORIENTED_EDGE('',*,*,#972,.F.);
#1269=ORIENTED_EDGE('',*,*,#974,.F.);
#1270=ORIENTED_EDGE('',*,*,#975,.T.);
#1271=ORIENTED_EDGE('',*,*,#976,.F.);
#1272=ORIENTED_EDGE('',*,*,#977,.F.);
#1273=ORIENTED_EDGE('',*,*,#978,.F.);
#1274=ORIENTED_EDGE('',*,*,#975,.F.);
#1275=ORIENTED_EDGE('',*,*,#979,.F.);
#1276=ORIENTED_EDGE('',*,*,#980,.T.);
#1277=ORIENTED_EDGE('',*,*,#981,.F.);
#1278=ORIENTED_EDGE('',*,*,#980,.F.);
#1279=ORIENTED_EDGE('',*,*,#982,.F.);
#1280=ORIENTED_EDGE('',*,*,#970,.T.);
#1281=ORIENTED_EDGE('',*,*,#983,.F.);
#1282=ORIENTED_EDGE('',*,*,#984,.F.);
#1283=ORIENTED_EDGE('',*,*,#985,.F.);
#1284=ORIENTED_EDGE('',*,*,#986,.T.);
#1285=ORIENTED_EDGE('',*,*,#987,.F.);
#1286=ORIENTED_EDGE('',*,*,#986,.F.);
#1287=ORIENTED_EDGE('',*,*,#988,.F.);
#1288=ORIENTED_EDGE('',*,*,#989,.T.);
#1289=ORIENTED_EDGE('',*,*,#990,.F.);
#1290=ORIENTED_EDGE('',*,*,#989,.F.);
#1291=ORIENTED_EDGE('',*,*,#991,.F.);
#1292=ORIENTED_EDGE('',*,*,#992,.T.);
#1293=ORIENTED_EDGE('',*,*,#993,.F.);
#1294=ORIENTED_EDGE('',*,*,#992,.F.);
#1295=ORIENTED_EDGE('',*,*,#994,.F.);
#1296=ORIENTED_EDGE('',*,*,#984,.T.);
#1297=ORIENTED_EDGE('',*,*,#995,.F.);
#1298=ORIENTED_EDGE('',*,*,#996,.F.);
#1299=ORIENTED_EDGE('',*,*,#997,.F.);
#1300=ORIENTED_EDGE('',*,*,#998,.T.);
#1301=ORIENTED_EDGE('',*,*,#999,.F.);
#1302=ORIENTED_EDGE('',*,*,#998,.F.);
#1303=ORIENTED_EDGE('',*,*,#1000,.F.);
#1304=ORIENTED_EDGE('',*,*,#1001,.T.);
#1305=ORIENTED_EDGE('',*,*,#1002,.F.);
#1306=ORIENTED_EDGE('',*,*,#1003,.F.);
#1307=ORIENTED_EDGE('',*,*,#1004,.F.);
#1308=ORIENTED_EDGE('',*,*,#996,.T.);
#1309=ORIENTED_EDGE('',*,*,#1005,.F.);
#1310=ORIENTED_EDGE('',*,*,#1006,.F.);
#1311=ORIENTED_EDGE('',*,*,#1007,.F.);
#1312=ORIENTED_EDGE('',*,*,#1001,.F.);
#1313=ORIENTED_EDGE('',*,*,#1008,.F.);
#1314=ORIENTED_EDGE('',*,*,#1003,.T.);
#1315=ORIENTED_EDGE('',*,*,#976,.T.);
#1316=ORIENTED_EDGE('',*,*,#981,.T.);
#1317=ORIENTED_EDGE('',*,*,#969,.T.);
#1318=ORIENTED_EDGE('',*,*,#973,.T.);
#1319=ORIENTED_EDGE('',*,*,#978,.T.);
#1320=ORIENTED_EDGE('',*,*,#1009,.T.);
#1321=ORIENTED_EDGE('',*,*,#1010,.T.);
#1322=ORIENTED_EDGE('',*,*,#1011,.T.);
#1323=ORIENTED_EDGE('',*,*,#1012,.T.);
#1324=ORIENTED_EDGE('',*,*,#1013,.T.);
#1325=ORIENTED_EDGE('',*,*,#1005,.T.);
#1326=ORIENTED_EDGE('',*,*,#1002,.T.);
#1327=ORIENTED_EDGE('',*,*,#995,.T.);
#1328=ORIENTED_EDGE('',*,*,#999,.T.);
#1329=ORIENTED_EDGE('',*,*,#1007,.T.);
#1330=ORIENTED_EDGE('',*,*,#1014,.T.);
#1331=ORIENTED_EDGE('',*,*,#1015,.T.);
#1332=ORIENTED_EDGE('',*,*,#1016,.T.);
#1333=ORIENTED_EDGE('',*,*,#1017,.F.);
#1334=ORIENTED_EDGE('',*,*,#1018,.F.);
#1335=ORIENTED_EDGE('',*,*,#1019,.F.);
#1336=ORIENTED_EDGE('',*,*,#1020,.T.);
#1337=ORIENTED_EDGE('',*,*,#1021,.F.);
#1338=ORIENTED_EDGE('',*,*,#1020,.F.);
#1339=ORIENTED_EDGE('',*,*,#1022,.F.);
#1340=ORIENTED_EDGE('',*,*,#1023,.T.);
#1341=ORIENTED_EDGE('',*,*,#1024,.F.);
#1342=ORIENTED_EDGE('',*,*,#1023,.F.);
#1343=ORIENTED_EDGE('',*,*,#1025,.F.);
#1344=ORIENTED_EDGE('',*,*,#1026,.T.);
#1345=ORIENTED_EDGE('',*,*,#1027,.F.);
#1346=ORIENTED_EDGE('',*,*,#1026,.F.);
#1347=ORIENTED_EDGE('',*,*,#1028,.F.);
#1348=ORIENTED_EDGE('',*,*,#1029,.T.);
#1349=ORIENTED_EDGE('',*,*,#1030,.T.);
#1350=ORIENTED_EDGE('',*,*,#1031,.F.);
#1351=ORIENTED_EDGE('',*,*,#1030,.F.);
#1352=ORIENTED_EDGE('',*,*,#1032,.T.);
#1353=ORIENTED_EDGE('',*,*,#1033,.F.);
#1354=ORIENTED_EDGE('',*,*,#1034,.T.);
#1355=ORIENTED_EDGE('',*,*,#1035,.F.);
#1356=ORIENTED_EDGE('',*,*,#1034,.F.);
#1357=ORIENTED_EDGE('',*,*,#1036,.F.);
#1358=ORIENTED_EDGE('',*,*,#1018,.T.);
#1359=ORIENTED_EDGE('',*,*,#1015,.F.);
#1360=ORIENTED_EDGE('',*,*,#1032,.F.);
#1361=ORIENTED_EDGE('',*,*,#1029,.F.);
#1362=ORIENTED_EDGE('',*,*,#977,.T.);
#1363=ORIENTED_EDGE('',*,*,#1016,.F.);
#1364=ORIENTED_EDGE('',*,*,#1028,.T.);
#1365=ORIENTED_EDGE('',*,*,#1025,.T.);
#1366=ORIENTED_EDGE('',*,*,#1022,.T.);
#1367=ORIENTED_EDGE('',*,*,#1019,.T.);
#1368=ORIENTED_EDGE('',*,*,#1036,.T.);
#1369=ORIENTED_EDGE('',*,*,#1033,.T.);
#1370=ORIENTED_EDGE('',*,*,#1014,.F.);
#1371=ORIENTED_EDGE('',*,*,#1006,.T.);
#1372=ORIENTED_EDGE('',*,*,#1013,.F.);
#1373=ORIENTED_EDGE('',*,*,#1037,.T.);
#1374=ORIENTED_EDGE('',*,*,#1038,.F.);
#1375=ORIENTED_EDGE('',*,*,#1039,.F.);
#1376=ORIENTED_EDGE('',*,*,#1009,.F.);
#1377=ORIENTED_EDGE('',*,*,#964,.T.);
#1378=ORIENTED_EDGE('',*,*,#967,.T.);
#1379=ORIENTED_EDGE('',*,*,#957,.T.);
#1380=ORIENTED_EDGE('',*,*,#961,.T.);
#1381=ORIENTED_EDGE('',*,*,#990,.T.);
#1382=ORIENTED_EDGE('',*,*,#993,.T.);
#1383=ORIENTED_EDGE('',*,*,#983,.T.);
#1384=ORIENTED_EDGE('',*,*,#987,.T.);
#1385=ORIENTED_EDGE('',*,*,#1040,.F.);
#1386=ORIENTED_EDGE('',*,*,#1041,.F.);
#1387=ORIENTED_EDGE('',*,*,#1042,.F.);
#1388=ORIENTED_EDGE('',*,*,#1043,.T.);
#1389=ORIENTED_EDGE('',*,*,#1044,.F.);
#1390=ORIENTED_EDGE('',*,*,#1045,.T.);
#1391=ORIENTED_EDGE('',*,*,#1046,.F.);
#1392=ORIENTED_EDGE('',*,*,#1047,.F.);
#1393=ORIENTED_EDGE('',*,*,#1048,.F.);
#1394=ORIENTED_EDGE('',*,*,#1049,.F.);
#1395=ORIENTED_EDGE('',*,*,#1050,.F.);
#1396=ORIENTED_EDGE('',*,*,#1041,.T.);
#1397=ORIENTED_EDGE('',*,*,#1051,.F.);
#1398=ORIENTED_EDGE('',*,*,#1047,.T.);
#1399=ORIENTED_EDGE('',*,*,#1052,.F.);
#1400=ORIENTED_EDGE('',*,*,#1053,.F.);
#1401=ORIENTED_EDGE('',*,*,#1054,.F.);
#1402=ORIENTED_EDGE('',*,*,#1043,.F.);
#1403=ORIENTED_EDGE('',*,*,#1055,.F.);
#1404=ORIENTED_EDGE('',*,*,#1056,.T.);
#1405=ORIENTED_EDGE('',*,*,#1057,.F.);
#1406=ORIENTED_EDGE('',*,*,#1056,.F.);
#1407=ORIENTED_EDGE('',*,*,#1058,.F.);
#1408=ORIENTED_EDGE('',*,*,#1049,.T.);
#1409=ORIENTED_EDGE('',*,*,#1059,.F.);
#1410=ORIENTED_EDGE('',*,*,#1053,.T.);
#1411=ORIENTED_EDGE('',*,*,#1060,.F.);
#1412=ORIENTED_EDGE('',*,*,#1061,.F.);
#1413=ORIENTED_EDGE('',*,*,#1062,.F.);
#1414=ORIENTED_EDGE('',*,*,#1061,.T.);
#1415=ORIENTED_EDGE('',*,*,#1063,.F.);
#1416=ORIENTED_EDGE('',*,*,#1045,.F.);
#1417=ORIENTED_EDGE('',*,*,#1064,.T.);
#1418=ORIENTED_EDGE('',*,*,#1065,.T.);
#1419=ORIENTED_EDGE('',*,*,#1064,.F.);
#1420=ORIENTED_EDGE('',*,*,#1066,.T.);
#1421=ORIENTED_EDGE('',*,*,#1067,.F.);
#1422=ORIENTED_EDGE('',*,*,#1011,.F.);
#1423=ORIENTED_EDGE('',*,*,#1068,.F.);
#1424=ORIENTED_EDGE('',*,*,#1069,.F.);
#1425=ORIENTED_EDGE('',*,*,#1066,.F.);
#1426=ORIENTED_EDGE('',*,*,#1065,.F.);
#1427=ORIENTED_EDGE('',*,*,#1070,.T.);
#1428=ORIENTED_EDGE('',*,*,#1071,.F.);
#1429=ORIENTED_EDGE('',*,*,#1070,.F.);
#1430=ORIENTED_EDGE('',*,*,#1072,.T.);
#1431=ORIENTED_EDGE('',*,*,#1067,.T.);
#1432=ORIENTED_EDGE('',*,*,#1073,.T.);
#1433=ORIENTED_EDGE('',*,*,#1074,.T.);
#1434=ORIENTED_EDGE('',*,*,#1075,.T.);
#1435=ORIENTED_EDGE('',*,*,#1069,.T.);
#1436=ORIENTED_EDGE('',*,*,#1076,.T.);
#1437=ORIENTED_EDGE('',*,*,#1077,.T.);
#1438=ORIENTED_EDGE('',*,*,#1075,.F.);
#1439=ORIENTED_EDGE('',*,*,#1078,.T.);
#1440=ORIENTED_EDGE('',*,*,#1073,.F.);
#1441=ORIENTED_EDGE('',*,*,#1079,.T.);
#1442=ORIENTED_EDGE('',*,*,#1068,.T.);
#1443=ORIENTED_EDGE('',*,*,#1080,.T.);
#1444=ORIENTED_EDGE('',*,*,#1081,.T.);
#1445=ORIENTED_EDGE('',*,*,#1079,.F.);
#1446=ORIENTED_EDGE('',*,*,#1082,.T.);
#1447=ORIENTED_EDGE('',*,*,#1076,.F.);
#1448=ORIENTED_EDGE('',*,*,#1010,.F.);
#1449=ORIENTED_EDGE('',*,*,#1083,.T.);
#1450=ORIENTED_EDGE('',*,*,#1080,.F.);
#1451=ORIENTED_EDGE('',*,*,#1072,.F.);
#1452=ORIENTED_EDGE('',*,*,#1084,.T.);
#1453=ORIENTED_EDGE('',*,*,#1012,.F.);
#1454=ORIENTED_EDGE('',*,*,#1082,.F.);
#1455=ORIENTED_EDGE('',*,*,#1085,.T.);
#1456=ORIENTED_EDGE('',*,*,#1086,.F.);
#1457=ORIENTED_EDGE('',*,*,#1087,.F.);
#1458=ORIENTED_EDGE('',*,*,#1081,.F.);
#1459=ORIENTED_EDGE('',*,*,#1088,.T.);
#1460=ORIENTED_EDGE('',*,*,#1089,.F.);
#1461=ORIENTED_EDGE('',*,*,#1085,.F.);
#1462=ORIENTED_EDGE('',*,*,#1059,.T.);
#1463=ORIENTED_EDGE('',*,*,#1062,.T.);
#1464=ORIENTED_EDGE('',*,*,#1044,.T.);
#1465=ORIENTED_EDGE('',*,*,#1051,.T.);
#1466=ORIENTED_EDGE('',*,*,#1083,.F.);
#1467=ORIENTED_EDGE('',*,*,#1039,.T.);
#1468=ORIENTED_EDGE('',*,*,#1090,.F.);
#1469=ORIENTED_EDGE('',*,*,#1088,.F.);
#1470=ORIENTED_EDGE('',*,*,#1091,.T.);
#1471=ORIENTED_EDGE('',*,*,#1092,.T.);
#1472=ORIENTED_EDGE('',*,*,#1093,.T.);
#1473=ORIENTED_EDGE('',*,*,#1094,.T.);
#1474=ORIENTED_EDGE('',*,*,#1095,.T.);
#1475=ORIENTED_EDGE('',*,*,#1096,.T.);
#1476=ORIENTED_EDGE('',*,*,#1091,.F.);
#1477=ORIENTED_EDGE('',*,*,#1097,.T.);
#1478=ORIENTED_EDGE('',*,*,#1098,.T.);
#1479=ORIENTED_EDGE('',*,*,#1099,.T.);
#1480=ORIENTED_EDGE('',*,*,#1095,.F.);
#1481=ORIENTED_EDGE('',*,*,#1100,.T.);
#1482=ORIENTED_EDGE('',*,*,#1101,.T.);
#1483=ORIENTED_EDGE('',*,*,#1102,.T.);
#1484=ORIENTED_EDGE('',*,*,#1098,.F.);
#1485=ORIENTED_EDGE('',*,*,#1103,.T.);
#1486=ORIENTED_EDGE('',*,*,#1104,.T.);
#1487=ORIENTED_EDGE('',*,*,#1105,.T.);
#1488=ORIENTED_EDGE('',*,*,#1101,.F.);
#1489=ORIENTED_EDGE('',*,*,#1106,.T.);
#1490=ORIENTED_EDGE('',*,*,#1107,.T.);
#1491=ORIENTED_EDGE('',*,*,#1108,.T.);
#1492=ORIENTED_EDGE('',*,*,#1104,.F.);
#1493=ORIENTED_EDGE('',*,*,#1109,.T.);
#1494=ORIENTED_EDGE('',*,*,#1110,.T.);
#1495=ORIENTED_EDGE('',*,*,#1111,.T.);
#1496=ORIENTED_EDGE('',*,*,#1107,.F.);
#1497=ORIENTED_EDGE('',*,*,#1112,.T.);
#1498=ORIENTED_EDGE('',*,*,#1093,.F.);
#1499=ORIENTED_EDGE('',*,*,#1113,.T.);
#1500=ORIENTED_EDGE('',*,*,#1110,.F.);
#1501=ORIENTED_EDGE('',*,*,#1114,.T.);
#1502=ORIENTED_EDGE('',*,*,#1103,.F.);
#1503=ORIENTED_EDGE('',*,*,#1115,.F.);
#1504=ORIENTED_EDGE('',*,*,#1116,.F.);
#1505=ORIENTED_EDGE('',*,*,#1117,.T.);
#1506=ORIENTED_EDGE('',*,*,#1100,.F.);
#1507=ORIENTED_EDGE('',*,*,#1118,.F.);
#1508=ORIENTED_EDGE('',*,*,#1119,.F.);
#1509=ORIENTED_EDGE('',*,*,#1115,.T.);
#1510=ORIENTED_EDGE('',*,*,#1097,.F.);
#1511=ORIENTED_EDGE('',*,*,#1120,.F.);
#1512=ORIENTED_EDGE('',*,*,#1121,.F.);
#1513=ORIENTED_EDGE('',*,*,#1118,.T.);
#1514=ORIENTED_EDGE('',*,*,#1094,.F.);
#1515=ORIENTED_EDGE('',*,*,#1122,.F.);
#1516=ORIENTED_EDGE('',*,*,#1123,.F.);
#1517=ORIENTED_EDGE('',*,*,#1120,.T.);
#1518=ORIENTED_EDGE('',*,*,#1060,.T.);
#1519=ORIENTED_EDGE('',*,*,#1052,.T.);
#1520=ORIENTED_EDGE('',*,*,#1046,.T.);
#1521=ORIENTED_EDGE('',*,*,#1063,.T.);
#1522=ORIENTED_EDGE('',*,*,#1092,.F.);
#1523=ORIENTED_EDGE('',*,*,#1096,.F.);
#1524=ORIENTED_EDGE('',*,*,#1099,.F.);
#1525=ORIENTED_EDGE('',*,*,#1102,.F.);
#1526=ORIENTED_EDGE('',*,*,#1105,.F.);
#1527=ORIENTED_EDGE('',*,*,#1108,.F.);
#1528=ORIENTED_EDGE('',*,*,#1111,.F.);
#1529=ORIENTED_EDGE('',*,*,#1113,.F.);
#1530=ORIENTED_EDGE('',*,*,#1090,.T.);
#1531=ORIENTED_EDGE('',*,*,#1038,.T.);
#1532=ORIENTED_EDGE('',*,*,#1124,.T.);
#1533=ORIENTED_EDGE('',*,*,#1125,.T.);
#1534=ORIENTED_EDGE('',*,*,#1126,.T.);
#1535=ORIENTED_EDGE('',*,*,#1127,.T.);
#1536=ORIENTED_EDGE('',*,*,#1086,.T.);
#1537=ORIENTED_EDGE('',*,*,#1089,.T.);
#1538=ORIENTED_EDGE('',*,*,#1128,.T.);
#1539=ORIENTED_EDGE('',*,*,#1129,.T.);
#1540=ORIENTED_EDGE('',*,*,#1130,.T.);
#1541=ORIENTED_EDGE('',*,*,#1119,.T.);
#1542=ORIENTED_EDGE('',*,*,#1128,.F.);
#1543=ORIENTED_EDGE('',*,*,#1121,.T.);
#1544=ORIENTED_EDGE('',*,*,#1131,.T.);
#1545=ORIENTED_EDGE('',*,*,#1132,.T.);
#1546=ORIENTED_EDGE('',*,*,#1133,.T.);
#1547=ORIENTED_EDGE('',*,*,#1134,.T.);
#1548=ORIENTED_EDGE('',*,*,#1131,.F.);
#1549=ORIENTED_EDGE('',*,*,#1123,.T.);
#1550=ORIENTED_EDGE('',*,*,#1133,.F.);
#1551=ORIENTED_EDGE('',*,*,#1135,.T.);
#1552=ORIENTED_EDGE('',*,*,#1136,.T.);
#1553=ORIENTED_EDGE('',*,*,#1137,.T.);
#1554=ORIENTED_EDGE('',*,*,#1138,.T.);
#1555=ORIENTED_EDGE('',*,*,#1139,.T.);
#1556=ORIENTED_EDGE('',*,*,#1136,.F.);
#1557=ORIENTED_EDGE('',*,*,#1140,.T.);
#1558=ORIENTED_EDGE('',*,*,#1138,.F.);
#1559=ORIENTED_EDGE('',*,*,#1141,.T.);
#1560=ORIENTED_EDGE('',*,*,#1142,.T.);
#1561=ORIENTED_EDGE('',*,*,#1143,.T.);
#1562=ORIENTED_EDGE('',*,*,#1144,.T.);
#1563=ORIENTED_EDGE('',*,*,#1145,.T.);
#1564=ORIENTED_EDGE('',*,*,#1142,.F.);
#1565=ORIENTED_EDGE('',*,*,#1146,.T.);
#1566=ORIENTED_EDGE('',*,*,#1144,.F.);
#1567=ORIENTED_EDGE('',*,*,#1116,.T.);
#1568=ORIENTED_EDGE('',*,*,#1130,.F.);
#1569=ORIENTED_EDGE('',*,*,#1147,.T.);
#1570=ORIENTED_EDGE('',*,*,#1114,.F.);
#1571=ORIENTED_EDGE('',*,*,#1148,.F.);
#1572=ORIENTED_EDGE('',*,*,#1135,.F.);
#1573=ORIENTED_EDGE('',*,*,#1122,.T.);
#1574=ORIENTED_EDGE('',*,*,#1129,.F.);
#1575=ORIENTED_EDGE('',*,*,#1132,.F.);
#1576=ORIENTED_EDGE('',*,*,#1134,.F.);
#1577=ORIENTED_EDGE('',*,*,#1137,.F.);
#1578=ORIENTED_EDGE('',*,*,#1139,.F.);
#1579=ORIENTED_EDGE('',*,*,#1143,.F.);
#1580=ORIENTED_EDGE('',*,*,#1145,.F.);
#1581=ORIENTED_EDGE('',*,*,#1147,.F.);
#1582=ORIENTED_EDGE('',*,*,#1149,.T.);
#1583=ORIENTED_EDGE('',*,*,#1150,.F.);
#1584=ORIENTED_EDGE('',*,*,#1071,.T.);
#1585=ORIENTED_EDGE('',*,*,#1078,.F.);
#1586=ORIENTED_EDGE('',*,*,#1151,.T.);
#1587=ORIENTED_EDGE('',*,*,#1126,.F.);
#1588=ORIENTED_EDGE('',*,*,#1152,.F.);
#1589=ORIENTED_EDGE('',*,*,#1077,.F.);
#1590=ORIENTED_EDGE('',*,*,#1087,.T.);
#1591=ORIENTED_EDGE('',*,*,#1127,.F.);
#1592=ORIENTED_EDGE('',*,*,#1151,.F.);
#1593=ORIENTED_EDGE('',*,*,#1074,.F.);
#1594=ORIENTED_EDGE('',*,*,#1152,.T.);
#1595=ORIENTED_EDGE('',*,*,#1125,.F.);
#1596=ORIENTED_EDGE('',*,*,#1153,.F.);
#1597=ORIENTED_EDGE('',*,*,#1057,.T.);
#1598=ORIENTED_EDGE('',*,*,#1048,.T.);
#1599=ORIENTED_EDGE('',*,*,#1040,.T.);
#1600=ORIENTED_EDGE('',*,*,#1054,.T.);
#1601=ORIENTED_EDGE('',*,*,#1084,.F.);
#1602=ORIENTED_EDGE('',*,*,#1153,.T.);
#1603=ORIENTED_EDGE('',*,*,#1124,.F.);
#1604=ORIENTED_EDGE('',*,*,#1037,.F.);
#1605=ORIENTED_EDGE('',*,*,#1112,.F.);
#1606=ORIENTED_EDGE('',*,*,#1154,.F.);
#1607=ORIENTED_EDGE('',*,*,#1140,.F.);
#1608=ORIENTED_EDGE('',*,*,#1148,.T.);
#1609=ORIENTED_EDGE('',*,*,#1027,.T.);
#1610=ORIENTED_EDGE('',*,*,#1031,.T.);
#1611=ORIENTED_EDGE('',*,*,#1035,.T.);
#1612=ORIENTED_EDGE('',*,*,#1017,.T.);
#1613=ORIENTED_EDGE('',*,*,#1021,.T.);
#1614=ORIENTED_EDGE('',*,*,#1024,.T.);
#1615=ORIENTED_EDGE('',*,*,#1004,.T.);
#1616=ORIENTED_EDGE('',*,*,#1008,.T.);
#1617=ORIENTED_EDGE('',*,*,#1000,.T.);
#1618=ORIENTED_EDGE('',*,*,#997,.T.);
#1619=ORIENTED_EDGE('',*,*,#991,.T.);
#1620=ORIENTED_EDGE('',*,*,#988,.T.);
#1621=ORIENTED_EDGE('',*,*,#985,.T.);
#1622=ORIENTED_EDGE('',*,*,#994,.T.);
#1623=ORIENTED_EDGE('',*,*,#971,.T.);
#1624=ORIENTED_EDGE('',*,*,#982,.T.);
#1625=ORIENTED_EDGE('',*,*,#979,.T.);
#1626=ORIENTED_EDGE('',*,*,#974,.T.);
#1627=ORIENTED_EDGE('',*,*,#965,.T.);
#1628=ORIENTED_EDGE('',*,*,#962,.T.);
#1629=ORIENTED_EDGE('',*,*,#959,.T.);
#1630=ORIENTED_EDGE('',*,*,#968,.T.);
#1631=ORIENTED_EDGE('',*,*,#1109,.F.);
#1632=ORIENTED_EDGE('',*,*,#1155,.F.);
#1633=ORIENTED_EDGE('',*,*,#1141,.F.);
#1634=ORIENTED_EDGE('',*,*,#1154,.T.);
#1635=ORIENTED_EDGE('',*,*,#1106,.F.);
#1636=ORIENTED_EDGE('',*,*,#1117,.F.);
#1637=ORIENTED_EDGE('',*,*,#1146,.F.);
#1638=ORIENTED_EDGE('',*,*,#1155,.T.);
#1639=ORIENTED_EDGE('',*,*,#1058,.T.);
#1640=ORIENTED_EDGE('',*,*,#1055,.T.);
#1641=ORIENTED_EDGE('',*,*,#1042,.T.);
#1642=ORIENTED_EDGE('',*,*,#1050,.T.);
#1643=ORIENTED_EDGE('',*,*,#1156,.T.);
#1644=ORIENTED_EDGE('',*,*,#1157,.T.);
#1645=ORIENTED_EDGE('',*,*,#1156,.F.);
#1646=ORIENTED_EDGE('',*,*,#1158,.T.);
#1647=ORIENTED_EDGE('',*,*,#1159,.F.);
#1648=ORIENTED_EDGE('',*,*,#1160,.T.);
#1649=ORIENTED_EDGE('',*,*,#1157,.F.);
#1650=ORIENTED_EDGE('',*,*,#1160,.F.);
#1651=ORIENTED_EDGE('',*,*,#1161,.F.);
#1652=ORIENTED_EDGE('',*,*,#1158,.F.);
#1653=ORIENTED_EDGE('',*,*,#1162,.T.);
#1654=ORIENTED_EDGE('',*,*,#1159,.T.);
#1655=ORIENTED_EDGE('',*,*,#1162,.F.);
#1656=ORIENTED_EDGE('',*,*,#1150,.T.);
#1657=ORIENTED_EDGE('',*,*,#951,.T.);
#1658=ORIENTED_EDGE('',*,*,#1163,.F.);
#1659=ORIENTED_EDGE('',*,*,#954,.T.);
#1660=ORIENTED_EDGE('',*,*,#1164,.T.);
#1661=ORIENTED_EDGE('',*,*,#1165,.T.);
#1662=ORIENTED_EDGE('',*,*,#955,.T.);
#1663=ORIENTED_EDGE('',*,*,#1163,.T.);
#1664=ORIENTED_EDGE('',*,*,#956,.T.);
#1665=ORIENTED_EDGE('',*,*,#1165,.F.);
#1666=ORIENTED_EDGE('',*,*,#1166,.T.);
#1667=ORIENTED_EDGE('',*,*,#1166,.F.);
#1668=ORIENTED_EDGE('',*,*,#1167,.T.);
#1669=ORIENTED_EDGE('',*,*,#1149,.F.);
#1670=ORIENTED_EDGE('',*,*,#1167,.F.);
#1671=ORIENTED_EDGE('',*,*,#953,.F.);
#1672=ORIENTED_EDGE('',*,*,#1168,.T.);
#1673=ORIENTED_EDGE('',*,*,#1161,.T.);
#1674=ORIENTED_EDGE('',*,*,#1168,.F.);
#1675=ORIENTED_EDGE('',*,*,#952,.F.);
#1676=ORIENTED_EDGE('',*,*,#1164,.F.);
#1677=ORIENTED_EDGE('',*,*,#1169,.T.);
#1678=ORIENTED_EDGE('',*,*,#1170,.T.);
#1679=ORIENTED_EDGE('',*,*,#1171,.F.);
#1680=ORIENTED_EDGE('',*,*,#1172,.F.);
#1681=ORIENTED_EDGE('',*,*,#1173,.T.);
#1682=ORIENTED_EDGE('',*,*,#1172,.T.);
#1683=ORIENTED_EDGE('',*,*,#1174,.F.);
#1684=ORIENTED_EDGE('',*,*,#1175,.F.);
#1685=ORIENTED_EDGE('',*,*,#1176,.T.);
#1686=ORIENTED_EDGE('',*,*,#1175,.T.);
#1687=ORIENTED_EDGE('',*,*,#1177,.F.);
#1688=ORIENTED_EDGE('',*,*,#1178,.F.);
#1689=ORIENTED_EDGE('',*,*,#1179,.T.);
#1690=ORIENTED_EDGE('',*,*,#1178,.T.);
#1691=ORIENTED_EDGE('',*,*,#1180,.F.);
#1692=ORIENTED_EDGE('',*,*,#1181,.F.);
#1693=ORIENTED_EDGE('',*,*,#1182,.T.);
#1694=ORIENTED_EDGE('',*,*,#1181,.T.);
#1695=ORIENTED_EDGE('',*,*,#1183,.F.);
#1696=ORIENTED_EDGE('',*,*,#1184,.F.);
#1697=ORIENTED_EDGE('',*,*,#1185,.T.);
#1698=ORIENTED_EDGE('',*,*,#1184,.T.);
#1699=ORIENTED_EDGE('',*,*,#1186,.F.);
#1700=ORIENTED_EDGE('',*,*,#1187,.F.);
#1701=ORIENTED_EDGE('',*,*,#1188,.T.);
#1702=ORIENTED_EDGE('',*,*,#1187,.T.);
#1703=ORIENTED_EDGE('',*,*,#1189,.F.);
#1704=ORIENTED_EDGE('',*,*,#1190,.F.);
#1705=ORIENTED_EDGE('',*,*,#1191,.T.);
#1706=ORIENTED_EDGE('',*,*,#1190,.T.);
#1707=ORIENTED_EDGE('',*,*,#1192,.F.);
#1708=ORIENTED_EDGE('',*,*,#1170,.F.);
#1709=ORIENTED_EDGE('',*,*,#1192,.T.);
#1710=ORIENTED_EDGE('',*,*,#1189,.T.);
#1711=ORIENTED_EDGE('',*,*,#1186,.T.);
#1712=ORIENTED_EDGE('',*,*,#1183,.T.);
#1713=ORIENTED_EDGE('',*,*,#1180,.T.);
#1714=ORIENTED_EDGE('',*,*,#1177,.T.);
#1715=ORIENTED_EDGE('',*,*,#1174,.T.);
#1716=ORIENTED_EDGE('',*,*,#1171,.T.);
#1717=ORIENTED_EDGE('',*,*,#1191,.F.);
#1718=ORIENTED_EDGE('',*,*,#1169,.F.);
#1719=ORIENTED_EDGE('',*,*,#1173,.F.);
#1720=ORIENTED_EDGE('',*,*,#1176,.F.);
#1721=ORIENTED_EDGE('',*,*,#1179,.F.);
#1722=ORIENTED_EDGE('',*,*,#1182,.F.);
#1723=ORIENTED_EDGE('',*,*,#1185,.F.);
#1724=ORIENTED_EDGE('',*,*,#1188,.F.);
#1725=PLANE('',#1905);
#1726=PLANE('',#1906);
#1727=PLANE('',#1907);
#1728=PLANE('',#1908);
#1729=PLANE('',#1909);
#1730=PLANE('',#1910);
#1731=PLANE('',#1911);
#1732=PLANE('',#1912);
#1733=PLANE('',#1913);
#1734=PLANE('',#1914);
#1735=PLANE('',#1916);
#1736=PLANE('',#1920);
#1737=PLANE('',#1926);
#1738=PLANE('',#1931);
#1739=PLANE('',#1933);
#1740=PLANE('',#1937);
#1741=PLANE('',#1943);
#1742=PLANE('',#1945);
#1743=PLANE('',#1956);
#1744=PLANE('',#1961);
#1745=PLANE('',#1962);
#1746=PLANE('',#1963);
#1747=PLANE('',#1964);
#1748=PLANE('',#1965);
#1749=PLANE('',#1975);
#1750=PLANE('',#1976);
#1751=PLANE('',#1981);
#1752=PLANE('',#2002);
#1753=PLANE('',#2005);
#1754=PLANE('',#2009);
#1755=PLANE('',#2013);
#1756=PLANE('',#2017);
#1757=PLANE('',#2023);
#1758=PLANE('',#2026);
#1759=PLANE('',#2027);
#1760=PLANE('',#2030);
#1761=PLANE('',#2033);
#1762=PLANE('',#2037);
#1763=PLANE('',#2041);
#1764=PLANE('',#2045);
#1765=PLANE('',#2047);
#1766=PLANE('',#2049);
#1767=PLANE('',#2050);
#1768=PLANE('',#2052);
#1769=PLANE('',#2054);
#1770=PLANE('',#2056);
#1771=PLANE('',#2058);
#1772=PLANE('',#2059);
#1773=PLANE('',#2060);
#1774=PLANE('',#2061);
#1775=PLANE('',#2062);
#1776=PLANE('',#2063);
#1777=PLANE('',#2064);
#1778=PLANE('',#2065);
#1779=PLANE('',#2066);
#1780=PLANE('',#2067);
#1781=ADVANCED_FACE('',(#193),#1725,.T.);
#1782=ADVANCED_FACE('',(#194),#1726,.T.);
#1783=ADVANCED_FACE('',(#195),#1727,.T.);
#1784=ADVANCED_FACE('',(#196),#1728,.T.);
#1785=ADVANCED_FACE('',(#197),#1729,.T.);
#1786=ADVANCED_FACE('',(#198),#1730,.T.);
#1787=ADVANCED_FACE('',(#199),#1731,.T.);
#1788=ADVANCED_FACE('',(#200),#1732,.T.);
#1789=ADVANCED_FACE('',(#201),#1733,.T.);
#1790=ADVANCED_FACE('',(#202),#1734,.F.);
#1791=ADVANCED_FACE('',(#203),#171,.F.);
#1792=ADVANCED_FACE('',(#204),#1735,.F.);
#1793=ADVANCED_FACE('',(#205),#50,.F.);
#1794=ADVANCED_FACE('',(#206),#1736,.F.);
#1795=ADVANCED_FACE('',(#207),#51,.F.);
#1796=ADVANCED_FACE('',(#208),#52,.F.);
#1797=ADVANCED_FACE('',(#209),#1737,.F.);
#1798=ADVANCED_FACE('',(#210),#53,.F.);
#1799=ADVANCED_FACE('',(#211),#1738,.F.);
#1800=ADVANCED_FACE('',(#212),#1739,.F.);
#1801=ADVANCED_FACE('',(#213),#54,.F.);
#1802=ADVANCED_FACE('',(#214),#1740,.F.);
#1803=ADVANCED_FACE('',(#215),#55,.F.);
#1804=ADVANCED_FACE('',(#216),#56,.F.);
#1805=ADVANCED_FACE('',(#217),#1741,.F.);
#1806=ADVANCED_FACE('',(#218),#1742,.F.);
#1807=ADVANCED_FACE('',(#219),#57,.F.);
#1808=ADVANCED_FACE('',(#220),#58,.F.);
#1809=ADVANCED_FACE('',(#221),#59,.F.);
#1810=ADVANCED_FACE('',(#222),#172,.F.);
#1811=ADVANCED_FACE('',(#223),#1743,.F.);
#1812=ADVANCED_FACE('',(#224),#173,.F.);
#1813=ADVANCED_FACE('',(#225),#60,.F.);
#1814=ADVANCED_FACE('',(#226),#1744,.F.);
#1815=ADVANCED_FACE('',(#227),#1745,.F.);
#1816=ADVANCED_FACE('',(#228,#34,#35),#1746,.T.);
#1817=ADVANCED_FACE('',(#229),#1747,.F.);
#1818=ADVANCED_FACE('',(#230),#1748,.F.);
#1819=ADVANCED_FACE('',(#231),#61,.F.);
#1820=ADVANCED_FACE('',(#232),#62,.F.);
#1821=ADVANCED_FACE('',(#233),#63,.F.);
#1822=ADVANCED_FACE('',(#234),#1749,.F.);
#1823=ADVANCED_FACE('',(#235),#1750,.F.);
#1824=ADVANCED_FACE('',(#236),#64,.F.);
#1825=ADVANCED_FACE('',(#237),#174,.F.);
#1826=ADVANCED_FACE('',(#238,#36),#1751,.T.);
#1827=ADVANCED_FACE('',(#239),#32,.T.);
#1828=ADVANCED_FACE('',(#240),#65,.F.);
#1829=ADVANCED_FACE('',(#241),#66,.F.);
#1830=ADVANCED_FACE('',(#242),#27,.F.);
#1831=ADVANCED_FACE('',(#243),#67,.F.);
#1832=ADVANCED_FACE('',(#244),#28,.F.);
#1833=ADVANCED_FACE('',(#245),#29,.F.);
#1834=ADVANCED_FACE('',(#246),#30,.F.);
#1835=ADVANCED_FACE('',(#247),#68,.F.);
#1836=ADVANCED_FACE('',(#248,#37),#1752,.T.);
#1837=ADVANCED_FACE('',(#249),#69,.F.);
#1838=ADVANCED_FACE('',(#250),#1753,.T.);
#1839=ADVANCED_FACE('',(#251),#19,.T.);
#1840=ADVANCED_FACE('',(#252),#1754,.T.);
#1841=ADVANCED_FACE('',(#253),#20,.T.);
#1842=ADVANCED_FACE('',(#254),#1755,.T.);
#1843=ADVANCED_FACE('',(#255),#21,.T.);
#1844=ADVANCED_FACE('',(#256),#1756,.T.);
#1845=ADVANCED_FACE('',(#257),#22,.T.);
#1846=ADVANCED_FACE('',(#258),#70,.T.);
#1847=ADVANCED_FACE('',(#259),#1757,.T.);
#1848=ADVANCED_FACE('',(#260),#71,.T.);
#1849=ADVANCED_FACE('',(#261,#38),#1758,.T.);
#1850=ADVANCED_FACE('',(#262,#39),#1759,.T.);
#1851=ADVANCED_FACE('',(#263),#1760,.T.);
#1852=ADVANCED_FACE('',(#264),#23,.T.);
#1853=ADVANCED_FACE('',(#265),#1761,.T.);
#1854=ADVANCED_FACE('',(#266),#24,.T.);
#1855=ADVANCED_FACE('',(#267),#1762,.T.);
#1856=ADVANCED_FACE('',(#268),#25,.T.);
#1857=ADVANCED_FACE('',(#269),#1763,.T.);
#1858=ADVANCED_FACE('',(#270),#26,.T.);
#1859=ADVANCED_FACE('',(#271),#72,.T.);
#1860=ADVANCED_FACE('',(#272,#40),#1764,.F.);
#1861=ADVANCED_FACE('',(#273,#41),#1765,.F.);
#1862=ADVANCED_FACE('',(#274),#73,.F.);
#1863=ADVANCED_FACE('',(#275),#1766,.T.);
#1864=ADVANCED_FACE('',(#276,#42),#1767,.T.);
#1865=ADVANCED_FACE('',(#277),#74,.F.);
#1866=ADVANCED_FACE('',(#278,#43,#44,#45,#46,#47),#1768,.T.);
#1867=ADVANCED_FACE('',(#279),#75,.T.);
#1868=ADVANCED_FACE('',(#280,#48),#1769,.T.);
#1869=ADVANCED_FACE('',(#281),#175,.F.);
#1870=ADVANCED_FACE('',(#282),#33,.T.);
#1871=ADVANCED_FACE('',(#283,#49),#1770,.F.);
#1872=ADVANCED_FACE('',(#284),#176,.T.);
#1873=ADVANCED_FACE('',(#285),#177,.F.);
#1874=ADVANCED_FACE('',(#286),#178,.T.);
#1875=ADVANCED_FACE('',(#287),#179,.T.);
#1876=ADVANCED_FACE('',(#288),#180,.F.);
#1877=ADVANCED_FACE('',(#289),#1771,.T.);
#1878=ADVANCED_FACE('',(#290),#1772,.T.);
#1879=ADVANCED_FACE('',(#291),#1773,.T.);
#1880=ADVANCED_FACE('',(#292),#1774,.T.);
#1881=ADVANCED_FACE('',(#293),#1775,.T.);
#1882=ADVANCED_FACE('',(#294),#1776,.T.);
#1883=ADVANCED_FACE('',(#295),#1777,.T.);
#1884=ADVANCED_FACE('',(#296),#1778,.T.);
#1885=ADVANCED_FACE('',(#297),#1779,.T.);
#1886=ADVANCED_FACE('',(#298),#1780,.F.);
#1887=CLOSED_SHELL('',(#1781,#1782,#1783,#1784,#1785,#1786,#1787,#1788,
#1789,#1790));
#1888=CLOSED_SHELL('',(#1791,#1792,#1793,#1794,#1795,#1796,#1797,#1798,
#1799,#1800,#1801,#1802,#1803,#1804,#1805,#1806,#1807,#1808,#1809,#1810,
#1811,#1812,#1813,#1814,#1815,#1816,#1817,#1818,#1819,#1820,#1821,#1822,
#1823,#1824,#1825,#1826,#1827,#1828,#1829,#1830,#1831,#1832,#1833,#1834,
#1835,#1836,#1837,#1838,#1839,#1840,#1841,#1842,#1843,#1844,#1845,#1846,
#1847,#1848,#1849,#1850,#1851,#1852,#1853,#1854,#1855,#1856,#1857,#1858,
#1859,#1860,#1861,#1862,#1863,#1864,#1865,#1866,#1867,#1868,#1869,#1870,
#1871,#1872,#1873,#1874,#1875,#1876));
#1889=CLOSED_SHELL('',(#1877,#1878,#1879,#1880,#1881,#1882,#1883,#1884,
#1885,#1886));
#1890=DERIVED_UNIT_ELEMENT(#1892,1.);
#1891=DERIVED_UNIT_ELEMENT(#5142,-3.);
#1892=(
MASS_UNIT()
NAMED_UNIT(*)
SI_UNIT(.KILO.,.GRAM.)
);
#1893=DERIVED_UNIT((#1890,#1891));
#1894=MEASURE_REPRESENTATION_ITEM('density measure',
POSITIVE_RATIO_MEASURE(7850.),#1893);
#1895=PROPERTY_DEFINITION_REPRESENTATION(#1900,#1897);
#1896=PROPERTY_DEFINITION_REPRESENTATION(#1901,#1898);
#1897=REPRESENTATION('material name',(#1899),#5139);
#1898=REPRESENTATION('density',(#1894),#5139);
#1899=DESCRIPTIVE_REPRESENTATION_ITEM('Steel','Steel');
#1900=PROPERTY_DEFINITION('material property','material name',#5159);
#1901=PROPERTY_DEFINITION('material property','density of part',#5159);
#1902=AXIS2_PLACEMENT_3D('',#2573,#2069,#2070);
#1903=AXIS2_PLACEMENT_3D('',#2574,#2071,#2072);
#1904=AXIS2_PLACEMENT_3D('',#2575,#2073,#2074);
#1905=AXIS2_PLACEMENT_3D('',#2576,#2075,#2076);
#1906=AXIS2_PLACEMENT_3D('',#2585,#2081,#2082);
#1907=AXIS2_PLACEMENT_3D('',#2591,#2086,#2087);
#1908=AXIS2_PLACEMENT_3D('',#2597,#2091,#2092);
#1909=AXIS2_PLACEMENT_3D('',#2603,#2096,#2097);
#1910=AXIS2_PLACEMENT_3D('',#2609,#2101,#2102);
#1911=AXIS2_PLACEMENT_3D('',#2615,#2106,#2107);
#1912=AXIS2_PLACEMENT_3D('',#2621,#2111,#2112);
#1913=AXIS2_PLACEMENT_3D('',#2624,#2115,#2116);
#1914=AXIS2_PLACEMENT_3D('',#2625,#2117,#2118);
#1915=AXIS2_PLACEMENT_3D('',#3427,#2119,#2120);
#1916=AXIS2_PLACEMENT_3D('',#3524,#2121,#2122);
#1917=AXIS2_PLACEMENT_3D('',#3533,#2127,#2128);
#1918=AXIS2_PLACEMENT_3D('',#3535,#2129,#2130);
#1919=AXIS2_PLACEMENT_3D('',#3537,#2131,#2132);
#1920=AXIS2_PLACEMENT_3D('',#3539,#2134,#2135);
#1921=AXIS2_PLACEMENT_3D('',#3545,#2139,#2140);
#1922=AXIS2_PLACEMENT_3D('',#3546,#2141,#2142);
#1923=AXIS2_PLACEMENT_3D('',#3547,#2143,#2144);
#1924=AXIS2_PLACEMENT_3D('',#3548,#2145,#2146);
#1925=AXIS2_PLACEMENT_3D('',#3573,#2148,#2149);
#1926=AXIS2_PLACEMENT_3D('',#3575,#2151,#2152);
#1927=AXIS2_PLACEMENT_3D('',#3577,#2153,#2154);
#1928=AXIS2_PLACEMENT_3D('',#3581,#2157,#2158);
#1929=AXIS2_PLACEMENT_3D('',#3589,#2159,#2160);
#1930=AXIS2_PLACEMENT_3D('',#3595,#2161,#2162);
#1931=AXIS2_PLACEMENT_3D('',#3597,#2164,#2165);
#1932=AXIS2_PLACEMENT_3D('',#3598,#2166,#2167);
#1933=AXIS2_PLACEMENT_3D('',#3600,#2169,#2170);
#1934=AXIS2_PLACEMENT_3D('',#3609,#2175,#2176);
#1935=AXIS2_PLACEMENT_3D('',#3611,#2177,#2178);
#1936=AXIS2_PLACEMENT_3D('',#3613,#2179,#2180);
#1937=AXIS2_PLACEMENT_3D('',#3615,#2182,#2183);
#1938=AXIS2_PLACEMENT_3D('',#3621,#2187,#2188);
#1939=AXIS2_PLACEMENT_3D('',#3622,#2189,#2190);
#1940=AXIS2_PLACEMENT_3D('',#3623,#2191,#2192);
#1941=AXIS2_PLACEMENT_3D('',#3624,#2193,#2194);
#1942=AXIS2_PLACEMENT_3D('',#3649,#2196,#2197);
#1943=AXIS2_PLACEMENT_3D('',#3651,#2199,#2200);
#1944=AXIS2_PLACEMENT_3D('',#3653,#2201,#2202);
#1945=AXIS2_PLACEMENT_3D('',#3657,#2205,#2206);
#1946=AXIS2_PLACEMENT_3D('',#3659,#2207,#2208);
#1947=AXIS2_PLACEMENT_3D('',#3663,#2211,#2212);
#1948=AXIS2_PLACEMENT_3D('',#3670,#2213,#2214);
#1949=AXIS2_PLACEMENT_3D('',#3675,#2215,#2216);
#1950=AXIS2_PLACEMENT_3D('',#3676,#2217,#2218);
#1951=AXIS2_PLACEMENT_3D('',#3680,#2220,#2221);
#1952=AXIS2_PLACEMENT_3D('',#3684,#2223,#2224);
#1953=AXIS2_PLACEMENT_3D('',#3691,#2229,#2230);
#1954=AXIS2_PLACEMENT_3D('',#3694,#2231,#2232);
#1955=AXIS2_PLACEMENT_3D('',#3698,#2234,#2235);
#1956=AXIS2_PLACEMENT_3D('',#3737,#2238,#2239);
#1957=AXIS2_PLACEMENT_3D('',#3796,#2244,#2245);
#1958=AXIS2_PLACEMENT_3D('',#3798,#2246,#2247);
#1959=AXIS2_PLACEMENT_3D('',#3799,#2248,#2249);
#1960=AXIS2_PLACEMENT_3D('',#3801,#2250,#2251);
#1961=AXIS2_PLACEMENT_3D('',#3803,#2253,#2254);
#1962=AXIS2_PLACEMENT_3D('',#3806,#2257,#2258);
#1963=AXIS2_PLACEMENT_3D('',#3807,#2259,#2260);
#1964=AXIS2_PLACEMENT_3D('',#3813,#2264,#2265);
#1965=AXIS2_PLACEMENT_3D('',#3822,#2270,#2271);
#1966=AXIS2_PLACEMENT_3D('',#3831,#2276,#2277);
#1967=AXIS2_PLACEMENT_3D('',#3833,#2278,#2279);
#1968=AXIS2_PLACEMENT_3D('',#3836,#2281,#2282);
#1969=AXIS2_PLACEMENT_3D('',#3837,#2283,#2284);
#1970=AXIS2_PLACEMENT_3D('',#3839,#2285,#2286);
#1971=AXIS2_PLACEMENT_3D('',#3841,#2287,#2288);
#1972=AXIS2_PLACEMENT_3D('',#3843,#2290,#2291);
#1973=AXIS2_PLACEMENT_3D('',#3845,#2292,#2293);
#1974=AXIS2_PLACEMENT_3D('',#3847,#2294,#2295);
#1975=AXIS2_PLACEMENT_3D('',#3849,#2297,#2298);
#1976=AXIS2_PLACEMENT_3D('',#3852,#2301,#2302);
#1977=AXIS2_PLACEMENT_3D('',#3858,#2306,#2307);
#1978=AXIS2_PLACEMENT_3D('',#3859,#2308,#2309);
#1979=AXIS2_PLACEMENT_3D('',#3860,#2310,#2311);
#1980=AXIS2_PLACEMENT_3D('',#3998,#2312,#2313);
#1981=AXIS2_PLACEMENT_3D('',#4053,#2314,#2315);
#1982=AXIS2_PLACEMENT_3D('',#4079,#2320,#2321);
#1983=AXIS2_PLACEMENT_3D('',#4080,#2322,#2323);
#1984=AXIS2_PLACEMENT_3D('',#4082,#2324,#2325);
#1985=AXIS2_PLACEMENT_3D('',#4084,#2326,#2327);
#1986=AXIS2_PLACEMENT_3D('',#4086,#2329,#2330);
#1987=AXIS2_PLACEMENT_3D('',#4088,#2331,#2332);
#1988=AXIS2_PLACEMENT_3D('',#4090,#2333,#2334);
#1989=AXIS2_PLACEMENT_3D('',#4092,#2336,#2337);
#1990=AXIS2_PLACEMENT_3D('',#4093,#2338,#2339);
#1991=AXIS2_PLACEMENT_3D('',#4094,#2340,#2341);
#1992=AXIS2_PLACEMENT_3D('',#4096,#2342,#2343);
#1993=AXIS2_PLACEMENT_3D('',#4098,#2344,#2345);
#1994=AXIS2_PLACEMENT_3D('',#4100,#2347,#2348);
#1995=AXIS2_PLACEMENT_3D('',#4101,#2349,#2350);
#1996=AXIS2_PLACEMENT_3D('',#4102,#2351,#2352);
#1997=AXIS2_PLACEMENT_3D('',#4103,#2353,#2354);
#1998=AXIS2_PLACEMENT_3D('',#4104,#2355,#2356);
#1999=AXIS2_PLACEMENT_3D('',#4105,#2357,#2358);
#2000=AXIS2_PLACEMENT_3D('',#4106,#2359,#2360);
#2001=AXIS2_PLACEMENT_3D('',#4110,#2362,#2363);
#2002=AXIS2_PLACEMENT_3D('',#4112,#2365,#2366);
#2003=AXIS2_PLACEMENT_3D('',#4116,#2369,#2370);
#2004=AXIS2_PLACEMENT_3D('',#4117,#2371,#2372);
#2005=AXIS2_PLACEMENT_3D('',#4118,#2373,#2374);
#2006=AXIS2_PLACEMENT_3D('',#4127,#2379,#2380);
#2007=AXIS2_PLACEMENT_3D('',#4131,#2382,#2383);
#2008=AXIS2_PLACEMENT_3D('',#4132,#2384,#2385);
#2009=AXIS2_PLACEMENT_3D('',#4133,#2386,#2387);
#2010=AXIS2_PLACEMENT_3D('',#4139,#2391,#2392);
#2011=AXIS2_PLACEMENT_3D('',#4143,#2394,#2395);
#2012=AXIS2_PLACEMENT_3D('',#4144,#2396,#2397);
#2013=AXIS2_PLACEMENT_3D('',#4145,#2398,#2399);
#2014=AXIS2_PLACEMENT_3D('',#4151,#2403,#2404);
#2015=AXIS2_PLACEMENT_3D('',#4155,#2406,#2407);
#2016=AXIS2_PLACEMENT_3D('',#4156,#2408,#2409);
#2017=AXIS2_PLACEMENT_3D('',#4157,#2410,#2411);
#2018=AXIS2_PLACEMENT_3D('',#4163,#2415,#2416);
#2019=AXIS2_PLACEMENT_3D('',#4164,#2417,#2418);
#2020=AXIS2_PLACEMENT_3D('',#4165,#2419,#2420);
#2021=AXIS2_PLACEMENT_3D('',#4166,#2421,#2422);
#2022=AXIS2_PLACEMENT_3D('',#4170,#2424,#2425);
#2023=AXIS2_PLACEMENT_3D('',#4172,#2427,#2428);
#2024=AXIS2_PLACEMENT_3D('',#4176,#2431,#2432);
#2025=AXIS2_PLACEMENT_3D('',#4179,#2434,#2435);
#2026=AXIS2_PLACEMENT_3D('',#4180,#2436,#2437);
#2027=AXIS2_PLACEMENT_3D('',#4184,#2440,#2441);
#2028=AXIS2_PLACEMENT_3D('',#4186,#2442,#2443);
#2029=AXIS2_PLACEMENT_3D('',#4190,#2445,#2446);
#2030=AXIS2_PLACEMENT_3D('',#4192,#2448,#2449);
#2031=AXIS2_PLACEMENT_3D('',#4198,#2453,#2454);
#2032=AXIS2_PLACEMENT_3D('',#4201,#2456,#2457);
#2033=AXIS2_PLACEMENT_3D('',#4202,#2458,#2459);
#2034=AXIS2_PLACEMENT_3D('',#4206,#2462,#2463);
#2035=AXIS2_PLACEMENT_3D('',#4208,#2464,#2465);
#2036=AXIS2_PLACEMENT_3D('',#4211,#2467,#2468);
#2037=AXIS2_PLACEMENT_3D('',#4212,#2469,#2470);
#2038=AXIS2_PLACEMENT_3D('',#4218,#2474,#2475);
#2039=AXIS2_PLACEMENT_3D('',#4220,#2476,#2477);
#2040=AXIS2_PLACEMENT_3D('',#4223,#2479,#2480);
#2041=AXIS2_PLACEMENT_3D('',#4224,#2481,#2482);
#2042=AXIS2_PLACEMENT_3D('',#4229,#2486,#2487);
#2043=AXIS2_PLACEMENT_3D('',#4230,#2488,#2489);
#2044=AXIS2_PLACEMENT_3D('',#4231,#2490,#2491);
#2045=AXIS2_PLACEMENT_3D('',#4233,#2493,#2494);
#2046=AXIS2_PLACEMENT_3D('',#4235,#2495,#2496);
#2047=AXIS2_PLACEMENT_3D('',#4236,#2497,#2498);
#2048=AXIS2_PLACEMENT_3D('',#4259,#2499,#2500);
#2049=AXIS2_PLACEMENT_3D('',#4262,#2503,#2504);
#2050=AXIS2_PLACEMENT_3D('',#4263,#2505,#2506);
#2051=AXIS2_PLACEMENT_3D('',#4265,#2508,#2509);
#2052=AXIS2_PLACEMENT_3D('',#4266,#2510,#2511);
#2053=AXIS2_PLACEMENT_3D('',#4268,#2513,#2514);
#2054=AXIS2_PLACEMENT_3D('',#4270,#2516,#2517);
#2055=AXIS2_PLACEMENT_3D('',#4418,#2518,#2519);
#2056=AXIS2_PLACEMENT_3D('',#4518,#2521,#2522);
#2057=AXIS2_PLACEMENT_3D('',#5081,#2525,#2526);
#2058=AXIS2_PLACEMENT_3D('',#5082,#2527,#2528);
#2059=AXIS2_PLACEMENT_3D('',#5091,#2533,#2534);
#2060=AXIS2_PLACEMENT_3D('',#5097,#2538,#2539);
#2061=AXIS2_PLACEMENT_3D('',#5103,#2543,#2544);
#2062=AXIS2_PLACEMENT_3D('',#5109,#2548,#2549);
#2063=AXIS2_PLACEMENT_3D('',#5115,#2553,#2554);
#2064=AXIS2_PLACEMENT_3D('',#5121,#2558,#2559);
#2065=AXIS2_PLACEMENT_3D('',#5127,#2563,#2564);
#2066=AXIS2_PLACEMENT_3D('',#5130,#2567,#2568);
#2067=AXIS2_PLACEMENT_3D('',#5131,#2569,#2570);
#2068=AXIS2_PLACEMENT_3D('',#5132,#2571,#2572);
#2069=DIRECTION('axis',(0.,0.,1.));
#2070=DIRECTION('refdir',(1.,0.,0.));
#2071=DIRECTION('axis',(0.,0.,1.));
#2072=DIRECTION('refdir',(1.,0.,0.));
#2073=DIRECTION('axis',(0.,0.,1.));
#2074=DIRECTION('refdir',(1.,0.,0.));
#2075=DIRECTION('center_axis',(0.,-1.,3.17206526470129E-16));
#2076=DIRECTION('ref_axis',(0.,3.17206526470129E-16,1.));
#2077=DIRECTION('',(0.,3.17206526470129E-16,1.));
#2078=DIRECTION('',(-1.,0.,0.));
#2079=DIRECTION('',(0.,3.17206526470129E-16,1.));
#2080=DIRECTION('',(-1.,0.,0.));
#2081=DIRECTION('center_axis',(0.,0.,1.));
#2082=DIRECTION('ref_axis',(0.,1.,0.));
#2083=DIRECTION('',(0.,1.,0.));
#2084=DIRECTION('',(0.,1.,0.));
#2085=DIRECTION('',(-1.,0.,0.));
#2086=DIRECTION('center_axis',(0.,1.,0.));
#2087=DIRECTION('ref_axis',(0.,0.,-1.));
#2088=DIRECTION('',(0.,0.,-1.));
#2089=DIRECTION('',(0.,0.,-1.));
#2090=DIRECTION('',(-1.,0.,0.));
#2091=DIRECTION('center_axis',(0.,-1.18423787528698E-14,1.));
#2092=DIRECTION('ref_axis',(0.,1.,1.18423787528698E-14));
#2093=DIRECTION('',(0.,1.,1.18423787528698E-14));
#2094=DIRECTION('',(0.,1.,1.18423787528698E-14));
#2095=DIRECTION('',(-1.,0.,0.));
#2096=DIRECTION('center_axis',(0.,-1.,0.));
#2097=DIRECTION('ref_axis',(0.,0.,1.));
#2098=DIRECTION('',(0.,0.,1.));
#2099=DIRECTION('',(0.,0.,1.));
#2100=DIRECTION('',(-1.,0.,0.));
#2101=DIRECTION('center_axis',(0.,0.,-1.));
#2102=DIRECTION('ref_axis',(0.,-1.,0.));
#2103=DIRECTION('',(0.,-1.,0.));
#2104=DIRECTION('',(0.,-1.,0.));
#2105=DIRECTION('',(-1.,0.,0.));
#2106=DIRECTION('center_axis',(0.,1.,0.));
#2107=DIRECTION('ref_axis',(0.,0.,-1.));
#2108=DIRECTION('',(0.,0.,-1.));
#2109=DIRECTION('',(0.,0.,-1.));
#2110=DIRECTION('',(-1.,0.,0.));
#2111=DIRECTION('center_axis',(0.,-1.18423802234132E-14,1.));
#2112=DIRECTION('ref_axis',(0.,1.,1.18423802234132E-14));
#2113=DIRECTION('',(0.,1.,1.18423802234132E-14));
#2114=DIRECTION('',(0.,1.,1.18423802234132E-14));
#2115=DIRECTION('center_axis',(-1.,0.,0.));
#2116=DIRECTION('ref_axis',(0.,0.,1.));
#2117=DIRECTION('center_axis',(-1.,0.,0.));
#2118=DIRECTION('ref_axis',(0.,-1.,0.));
#2119=DIRECTION('center_axis',(0.00037133205583009,0.999999931056182,-3.69243813765566E-7));
#2120=DIRECTION('ref_axis',(-0.563243962157257,0.000208845450099021,-0.82629062410085));
#2121=DIRECTION('center_axis',(-1.,0.,-1.33226762955018E-14));
#2122=DIRECTION('ref_axis',(1.33226762955018E-14,0.,-1.));
#2123=DIRECTION('',(-1.33226762955018E-14,0.,1.));
#2124=DIRECTION('',(0.,-1.,0.));
#2125=DIRECTION('',(1.33226762955018E-14,0.,-1.));
#2126=DIRECTION('',(0.,-1.,0.));
#2127=DIRECTION('center_axis',(0.,-1.,0.));
#2128=DIRECTION('ref_axis',(-1.,0.,-1.1842378929335E-14));
#2129=DIRECTION('center_axis',(0.,1.,0.));
#2130=DIRECTION('ref_axis',(-1.,0.,-1.1842378929335E-14));
#2131=DIRECTION('center_axis',(0.,-1.,0.));
#2132=DIRECTION('ref_axis',(-1.,0.,-1.1842378929335E-14));
#2133=DIRECTION('',(0.,-1.,0.));
#2134=DIRECTION('center_axis',(1.,0.,1.33226762955018E-14));
#2135=DIRECTION('ref_axis',(-1.33226762955018E-14,0.,1.));
#2136=DIRECTION('',(1.33226762955018E-14,0.,-1.));
#2137=DIRECTION('',(-1.33226762955018E-14,0.,1.));
#2138=DIRECTION('',(0.,-1.,0.));
#2139=DIRECTION('center_axis',(0.,-1.,0.));
#2140=DIRECTION('ref_axis',(1.,0.,1.1842378929335E-14));
#2141=DIRECTION('center_axis',(0.,1.,0.));
#2142=DIRECTION('ref_axis',(1.,0.,1.1842378929335E-14));
#2143=DIRECTION('center_axis',(0.,-1.,0.));
#2144=DIRECTION('ref_axis',(1.,0.,1.1842378929335E-14));
#2145=DIRECTION('center_axis',(0.,-1.,0.));
#2146=DIRECTION('ref_axis',(1.,0.,1.57898385724467E-14));
#2147=DIRECTION('',(0.,-1.,0.));
#2148=DIRECTION('center_axis',(0.,-1.,0.));
#2149=DIRECTION('ref_axis',(1.,0.,1.57898385724467E-14));
#2150=DIRECTION('',(0.,-1.,0.));
#2151=DIRECTION('center_axis',(-1.,0.,-1.33226762955018E-14));
#2152=DIRECTION('ref_axis',(1.33226762955018E-14,0.,-1.));
#2153=DIRECTION('center_axis',(1.,0.,1.33226762955018E-14));
#2154=DIRECTION('ref_axis',(0.,0.707106781186547,-0.707106781186547));
#2155=DIRECTION('',(1.33226762955018E-14,0.,-1.));
#2156=DIRECTION('',(0.,-1.,0.));
#2157=DIRECTION('center_axis',(0.,-1.,0.));
#2158=DIRECTION('ref_axis',(-1.,0.,-1.57898385724467E-14));
#2159=DIRECTION('center_axis',(0.,1.,0.));
#2160=DIRECTION('ref_axis',(-1.,0.,-1.57898385724467E-14));
#2161=DIRECTION('center_axis',(0.,-1.,0.));
#2162=DIRECTION('ref_axis',(-1.,0.,-1.57898385724467E-14));
#2163=DIRECTION('',(0.,-1.,0.));
#2164=DIRECTION('center_axis',(1.,0.,1.40628249785853E-14));
#2165=DIRECTION('ref_axis',(-1.40628249785853E-14,0.,1.));
#2166=DIRECTION('center_axis',(-1.,0.,-1.40628249785853E-14));
#2167=DIRECTION('ref_axis',(0.,0.707106781186547,-0.707106781186547));
#2168=DIRECTION('',(-1.40628249785853E-14,0.,1.));
#2169=DIRECTION('center_axis',(-1.,0.,-1.33226762955018E-14));
#2170=DIRECTION('ref_axis',(1.33226762955018E-14,0.,-1.));
#2171=DIRECTION('',(-1.33226762955018E-14,0.,1.));
#2172=DIRECTION('',(0.,-1.,0.));
#2173=DIRECTION('',(1.33226762955018E-14,0.,-1.));
#2174=DIRECTION('',(0.,-1.,0.));
#2175=DIRECTION('center_axis',(0.,-1.,0.));
#2176=DIRECTION('ref_axis',(-1.,0.,-1.1842378929335E-14));
#2177=DIRECTION('center_axis',(0.,1.,0.));
#2178=DIRECTION('ref_axis',(-1.,0.,-1.1842378929335E-14));
#2179=DIRECTION('center_axis',(0.,-1.,0.));
#2180=DIRECTION('ref_axis',(-1.,0.,-1.1842378929335E-14));
#2181=DIRECTION('',(0.,-1.,0.));
#2182=DIRECTION('center_axis',(1.,0.,1.33226762955018E-14));
#2183=DIRECTION('ref_axis',(-1.33226762955018E-14,0.,1.));
#2184=DIRECTION('',(1.33226762955018E-14,0.,-1.));
#2185=DIRECTION('',(-1.33226762955018E-14,0.,1.));
#2186=DIRECTION('',(0.,-1.,0.));
#2187=DIRECTION('center_axis',(0.,-1.,0.));
#2188=DIRECTION('ref_axis',(1.,0.,1.1842378929335E-14));
#2189=DIRECTION('center_axis',(0.,1.,0.));
#2190=DIRECTION('ref_axis',(1.,0.,1.1842378929335E-14));
#2191=DIRECTION('center_axis',(0.,-1.,0.));
#2192=DIRECTION('ref_axis',(1.,0.,1.1842378929335E-14));
#2193=DIRECTION('center_axis',(0.,-1.,0.));
#2194=DIRECTION('ref_axis',(1.,0.,1.1842378929335E-14));
#2195=DIRECTION('',(0.,-1.,0.));
#2196=DIRECTION('center_axis',(0.,-1.,0.));
#2197=DIRECTION('ref_axis',(1.,0.,1.1842378929335E-14));
#2198=DIRECTION('',(0.,-1.,0.));
#2199=DIRECTION('center_axis',(-1.,0.,-1.33226762955018E-14));
#2200=DIRECTION('ref_axis',(1.33226762955018E-14,0.,-1.));
#2201=DIRECTION('center_axis',(1.,0.,1.33226762955018E-14));
#2202=DIRECTION('ref_axis',(0.,0.707106781186547,-0.707106781186547));
#2203=DIRECTION('',(1.33226762955018E-14,0.,-1.));
#2204=DIRECTION('',(0.,-1.,0.));
#2205=DIRECTION('center_axis',(1.,0.,1.33226762955018E-14));
#2206=DIRECTION('ref_axis',(-1.33226762955018E-14,0.,1.));
#2207=DIRECTION('center_axis',(-1.,0.,-1.33226762955018E-14));
#2208=DIRECTION('ref_axis',(0.,0.707106781186547,-0.707106781186547));
#2209=DIRECTION('',(0.,-1.,0.));
#2210=DIRECTION('',(-1.33226762955018E-14,0.,1.));
#2211=DIRECTION('center_axis',(0.,-1.,0.));
#2212=DIRECTION('ref_axis',(-1.,0.,-1.1842378929335E-14));
#2213=DIRECTION('center_axis',(0.,1.,0.));
#2214=DIRECTION('ref_axis',(-1.,0.,-1.1842378929335E-14));
#2215=DIRECTION('center_axis',(0.,-1.,0.));
#2216=DIRECTION('ref_axis',(-1.,0.,-1.1842378929335E-14));
#2217=DIRECTION('center_axis',(1.,0.,0.));
#2218=DIRECTION('ref_axis',(0.,0.707106781186547,-0.707106781186547));
#2219=DIRECTION('',(-1.,0.,0.));
#2220=DIRECTION('center_axis',(-1.,0.,0.));
#2221=DIRECTION('ref_axis',(0.,1.,0.));
#2222=DIRECTION('',(1.,0.,0.));
#2223=DIRECTION('center_axis',(1.,0.,0.));
#2224=DIRECTION('ref_axis',(0.,0.,-1.));
#2225=DIRECTION('',(-1.,0.,0.));
#2226=DIRECTION('',(-1.,0.,0.));
#2227=DIRECTION('',(-1.,0.,0.));
#2228=DIRECTION('',(-1.,0.,0.));
#2229=DIRECTION('center_axis',(0.,1.,0.));
#2230=DIRECTION('ref_axis',(1.,0.,0.));
#2231=DIRECTION('center_axis',(0.,-1.,0.));
#2232=DIRECTION('ref_axis',(1.,0.,0.));
#2233=DIRECTION('',(0.,1.,0.));
#2234=DIRECTION('center_axis',(0.,1.,0.));
#2235=DIRECTION('ref_axis',(1.,0.,0.));
#2236=DIRECTION('',(0.,1.,0.));
#2237=DIRECTION('',(0.,1.,0.));
#2238=DIRECTION('center_axis',(-1.,0.,-1.39067642275211E-14));
#2239=DIRECTION('ref_axis',(-1.39067642275211E-14,0.,1.));
#2240=DIRECTION('',(1.39067642275211E-14,0.,-1.));
#2241=DIRECTION('',(-1.39067642275211E-14,0.,1.));
#2242=DIRECTION('',(0.,1.,0.));
#2243=DIRECTION('',(0.,1.,0.));
#2244=DIRECTION('center_axis',(0.,1.,0.));
#2245=DIRECTION('ref_axis',(-1.,0.,0.));
#2246=DIRECTION('center_axis',(0.,-1.,0.));
#2247=DIRECTION('ref_axis',(-1.,0.,0.));
#2248=DIRECTION('center_axis',(0.,-1.,0.));
#2249=DIRECTION('ref_axis',(-1.,0.,0.));
#2250=DIRECTION('center_axis',(0.,1.,0.));
#2251=DIRECTION('ref_axis',(-1.,0.,0.));
#2252=DIRECTION('',(0.,1.,0.));
#2253=DIRECTION('center_axis',(1.,0.,7.95984936748183E-16));
#2254=DIRECTION('ref_axis',(7.95984936748182E-16,0.,-1.));
#2255=DIRECTION('',(-7.95984936748182E-16,0.,1.));
#2256=DIRECTION('',(7.95984936748182E-16,0.,-1.));
#2257=DIRECTION('center_axis',(0.,-1.,0.));
#2258=DIRECTION('ref_axis',(-1.,0.,0.));
#2259=DIRECTION('center_axis',(0.,-1.,0.));
#2260=DIRECTION('ref_axis',(1.,0.,0.));
#2261=DIRECTION('',(0.,0.,1.));
#2262=DIRECTION('',(1.,0.,0.));
#2263=DIRECTION('',(0.,0.,1.));
#2264=DIRECTION('center_axis',(0.,8.07435383697544E-16,1.));
#2265=DIRECTION('ref_axis',(0.,1.,-8.07435383697544E-16));
#2266=DIRECTION('',(0.,-1.,8.07435383697544E-16));
#2267=DIRECTION('',(-1.,0.,0.));
#2268=DIRECTION('',(-1.6148699782601E-16,1.,-8.07435383697544E-16));
#2269=DIRECTION('',(-1.,0.,0.));
#2270=DIRECTION('center_axis',(0.,8.07435383697544E-16,1.));
#2271=DIRECTION('ref_axis',(0.,1.,-8.07435383697544E-16));
#2272=DIRECTION('',(0.,1.,-8.07435383697544E-16));
#2273=DIRECTION('',(-1.,0.,0.));
#2274=DIRECTION('',(1.6148699481771E-16,-1.,8.07435383697544E-16));
#2275=DIRECTION('',(-1.,0.,0.));
#2276=DIRECTION('center_axis',(-1.,0.,0.));
#2277=DIRECTION('ref_axis',(0.,-1.5582708326019E-15,-1.));
#2278=DIRECTION('center_axis',(1.,0.,0.));
#2279=DIRECTION('ref_axis',(0.,-1.5582708326019E-15,-1.));
#2280=DIRECTION('',(-1.,0.,0.));
#2281=DIRECTION('center_axis',(-1.,-1.6148699782601E-16,0.));
#2282=DIRECTION('ref_axis',(0.,-1.5582708326019E-15,-1.));
#2283=DIRECTION('center_axis',(-1.,0.,0.));
#2284=DIRECTION('ref_axis',(0.,-1.5582708326019E-15,-1.));
#2285=DIRECTION('center_axis',(-1.,0.,0.));
#2286=DIRECTION('ref_axis',(0.,-1.5582708326019E-15,-1.));
#2287=DIRECTION('center_axis',(1.,1.6148699481771E-16,0.));
#2288=DIRECTION('ref_axis',(0.,-1.5582708326019E-15,-1.));
#2289=DIRECTION('',(-1.,0.,0.));
#2290=DIRECTION('center_axis',(-1.,0.,0.));
#2291=DIRECTION('ref_axis',(0.,1.36348697852673E-15,1.));
#2292=DIRECTION('center_axis',(1.,0.,0.));
#2293=DIRECTION('ref_axis',(0.,1.36348697852673E-15,1.));
#2294=DIRECTION('center_axis',(-1.,-1.6148699782601E-16,0.));
#2295=DIRECTION('ref_axis',(0.,1.36348697852673E-15,1.));
#2296=DIRECTION('',(-1.,0.,0.));
#2297=DIRECTION('center_axis',(0.,-8.07435383697544E-16,-1.));
#2298=DIRECTION('ref_axis',(0.,-1.,8.07435383697544E-16));
#2299=DIRECTION('',(0.,1.,-8.07435383697544E-16));
#2300=DIRECTION('',(1.6148699782601E-16,-1.,8.07435383697544E-16));
#2301=DIRECTION('center_axis',(0.,-8.07435383697544E-16,-1.));
#2302=DIRECTION('ref_axis',(0.,-1.,8.07435383697544E-16));
#2303=DIRECTION('',(0.,-1.,8.07435383697544E-16));
#2304=DIRECTION('',(-1.6148699481771E-16,1.,-8.07435383697544E-16));
#2305=DIRECTION('',(-1.,0.,0.));
#2306=DIRECTION('center_axis',(-1.,0.,0.));
#2307=DIRECTION('ref_axis',(0.,1.36348697852673E-15,1.));
#2308=DIRECTION('center_axis',(-1.,0.,0.));
#2309=DIRECTION('ref_axis',(0.,1.36348697852673E-15,1.));
#2310=DIRECTION('center_axis',(1.,1.6148699481771E-16,0.));
#2311=DIRECTION('ref_axis',(0.,1.36348697852673E-15,1.));
#2312=DIRECTION('center_axis',(6.93889390390722E-17,1.,0.));
#2313=DIRECTION('ref_axis',(0.,0.,1.));
#2314=DIRECTION('center_axis',(0.,0.,1.));
#2315=DIRECTION('ref_axis',(1.,0.,0.));
#2316=DIRECTION('',(0.,-1.,0.));
#2317=DIRECTION('',(0.,1.,0.));
#2318=DIRECTION('',(-1.,0.,0.));
#2319=DIRECTION('',(0.,0.,-1.));
#2320=DIRECTION('center_axis',(0.,0.,1.));
#2321=DIRECTION('ref_axis',(1.,0.,0.));
#2322=DIRECTION('center_axis',(0.,-1.,0.));
#2323=DIRECTION('ref_axis',(0.707106781186547,0.,-0.707106781186547));
#2324=DIRECTION('center_axis',(0.,1.,0.));
#2325=DIRECTION('ref_axis',(1.,0.,0.));
#2326=DIRECTION('center_axis',(0.,-1.,0.));
#2327=DIRECTION('ref_axis',(0.,0.,-1.));
#2328=DIRECTION('',(0.,1.,0.));
#2329=DIRECTION('center_axis',(-1.,0.,0.));
#2330=DIRECTION('ref_axis',(0.,-0.707106781186547,-0.707106781186547));
#2331=DIRECTION('center_axis',(1.,0.,0.));
#2332=DIRECTION('ref_axis',(0.,-1.,0.));
#2333=DIRECTION('center_axis',(-1.,0.,0.));
#2334=DIRECTION('ref_axis',(0.,0.,-1.));
#2335=DIRECTION('',(1.,0.,0.));
#2336=DIRECTION('center_axis',(-0.408248290463863,-0.816496580927726,0.408248290463864));
#2337=DIRECTION('ref_axis',(0.577350269189626,-0.577350269189626,-0.577350269189626));
#2338=DIRECTION('center_axis',(0.,0.,1.));
#2339=DIRECTION('ref_axis',(-1.77635683940025E-15,-1.,0.));
#2340=DIRECTION('center_axis',(0.,1.,0.));
#2341=DIRECTION('ref_axis',(-0.707106781186547,0.,-0.707106781186547));
#2342=DIRECTION('center_axis',(0.,-1.,0.));
#2343=DIRECTION('ref_axis',(-1.,0.,0.));
#2344=DIRECTION('center_axis',(0.,1.,0.));
#2345=DIRECTION('ref_axis',(0.,0.,-1.));
#2346=DIRECTION('',(0.,-1.,0.));
#2347=DIRECTION('center_axis',(0.408248290463862,0.408248290463861,-0.816496580927727));
#2348=DIRECTION('ref_axis',(-0.577350269189627,-0.577350269189625,-0.577350269189625));
#2349=DIRECTION('center_axis',(0.,0.,1.));
#2350=DIRECTION('ref_axis',(-1.,0.,0.));
#2351=DIRECTION('center_axis',(-0.408248290463863,-0.816496580927726,-0.408248290463862));
#2352=DIRECTION('ref_axis',(-0.577350269189626,0.577350269189626,-0.577350269189626));
#2353=DIRECTION('center_axis',(0.,0.,1.));
#2354=DIRECTION('ref_axis',(0.,1.,0.));
#2355=DIRECTION('center_axis',(0.408248290463863,-0.816496580927726,-0.408248290463862));
#2356=DIRECTION('ref_axis',(0.577350269189626,0.577350269189626,-0.577350269189626));
#2357=DIRECTION('center_axis',(0.,0.,1.));
#2358=DIRECTION('ref_axis',(1.,0.,0.));
#2359=DIRECTION('center_axis',(0.,0.,1.));
#2360=DIRECTION('ref_axis',(-1.,0.,0.));
#2361=DIRECTION('',(0.,0.,1.));
#2362=DIRECTION('center_axis',(0.,0.,-1.));
#2363=DIRECTION('ref_axis',(-1.,0.,0.));
#2364=DIRECTION('',(0.,0.,1.));
#2365=DIRECTION('center_axis',(1.,0.,0.));
#2366=DIRECTION('ref_axis',(0.,1.,0.));
#2367=DIRECTION('',(0.,0.,1.));
#2368=DIRECTION('',(0.,1.,0.));
#2369=DIRECTION('center_axis',(0.,0.,1.));
#2370=DIRECTION('ref_axis',(0.,1.,0.));
#2371=DIRECTION('center_axis',(0.,0.,-1.));
#2372=DIRECTION('ref_axis',(0.,1.,0.));
#2373=DIRECTION('center_axis',(-0.707106781186548,-1.14188549109039E-16,
0.707106781186548));
#2374=DIRECTION('ref_axis',(0.707106781186548,0.,0.707106781186548));
#2375=DIRECTION('',(0.707106781186548,1.25607396694702E-15,0.707106781186547));
#2376=DIRECTION('',(-1.6148699481771E-16,1.,0.));
#2377=DIRECTION('',(-0.707106781186548,0.,-0.707106781186547));
#2378=DIRECTION('',(1.6148699481771E-16,-1.,0.));
#2379=DIRECTION('center_axis',(0.,0.,-1.));
#2380=DIRECTION('ref_axis',(-1.,8.88178419700125E-16,0.));
#2381=DIRECTION('',(-5.77560604801753E-7,0.707106781186773,0.707106781186087));
#2382=DIRECTION('center_axis',(0.,0.,-1.));
#2383=DIRECTION('ref_axis',(-1.,8.88178419700125E-16,0.));
#2384=DIRECTION('center_axis',(0.,0.,1.));
#2385=DIRECTION('ref_axis',(-1.,8.88178419700125E-16,0.));
#2386=DIRECTION('center_axis',(-1.25607422343551E-15,-0.707106781186548,
0.707106781186548));
#2387=DIRECTION('ref_axis',(1.,0.,1.77635720212975E-15));
#2388=DIRECTION('',(1.25607396694702E-15,0.707106781186547,0.707106781186547));
#2389=DIRECTION('',(-1.,1.77635720212975E-15,0.));
#2390=DIRECTION('',(1.,-1.77635720212975E-15,0.));
#2391=DIRECTION('center_axis',(0.,0.,-1.));
#2392=DIRECTION('ref_axis',(-8.88178419700125E-16,-1.,0.));
#2393=DIRECTION('',(-0.707106781186613,-2.99254733985194E-7,0.707106781186419));
#2394=DIRECTION('center_axis',(0.,0.,-1.));
#2395=DIRECTION('ref_axis',(-8.88178419700125E-16,-1.,0.));
#2396=DIRECTION('center_axis',(0.,0.,1.));
#2397=DIRECTION('ref_axis',(-8.88178419700125E-16,-1.,0.));
#2398=DIRECTION('center_axis',(0.707106781186548,1.14188551236229E-16,0.707106781186548));
#2399=DIRECTION('ref_axis',(0.707106781186548,0.,-0.707106781186548));
#2400=DIRECTION('',(-0.707106781186547,0.,0.707106781186547));
#2401=DIRECTION('',(1.6148699782601E-16,-1.,0.));
#2402=DIRECTION('',(-1.6148699782601E-16,1.,0.));
#2403=DIRECTION('center_axis',(0.,0.,-1.));
#2404=DIRECTION('ref_axis',(1.,0.,0.));
#2405=DIRECTION('',(1.25607396694702E-15,-0.707106781186547,0.707106781186547));
#2406=DIRECTION('center_axis',(0.,0.,-1.));
#2407=DIRECTION('ref_axis',(1.,0.,0.));
#2408=DIRECTION('center_axis',(0.,0.,1.));
#2409=DIRECTION('ref_axis',(1.,0.,0.));
#2410=DIRECTION('center_axis',(0.,0.707106781186548,0.707106781186548));
#2411=DIRECTION('ref_axis',(1.,0.,0.));
#2412=DIRECTION('',(6.2803698347351E-16,-0.707106781186547,0.707106781186547));
#2413=DIRECTION('',(1.,0.,0.));
#2414=DIRECTION('',(-1.,0.,0.));
#2415=DIRECTION('center_axis',(0.,0.,-1.));
#2416=DIRECTION('ref_axis',(0.,1.,0.));
#2417=DIRECTION('center_axis',(0.,0.,-1.));
#2418=DIRECTION('ref_axis',(0.,1.,0.));
#2419=DIRECTION('center_axis',(0.,0.,1.));
#2420=DIRECTION('ref_axis',(0.,1.,0.));
#2421=DIRECTION('center_axis',(0.,0.,1.));
#2422=DIRECTION('ref_axis',(-8.88178419700125E-16,-1.,0.));
#2423=DIRECTION('',(0.,0.,1.));
#2424=DIRECTION('center_axis',(0.,0.,-1.));
#2425=DIRECTION('ref_axis',(-8.88178419700125E-16,-1.,0.));
#2426=DIRECTION('',(0.,0.,1.));
#2427=DIRECTION('center_axis',(-1.77635720212975E-15,-1.,0.));
#2428=DIRECTION('ref_axis',(1.,-1.77635720212975E-15,0.));
#2429=DIRECTION('',(0.,0.,1.));
#2430=DIRECTION('',(-1.,1.77635720212975E-15,0.));
#2431=DIRECTION('center_axis',(0.,0.,1.));
#2432=DIRECTION('ref_axis',(-1.,8.88178419700125E-16,0.));
#2433=DIRECTION('',(0.,0.,1.));
#2434=DIRECTION('center_axis',(0.,0.,-1.));
#2435=DIRECTION('ref_axis',(-1.,8.88178419700125E-16,0.));
#2436=DIRECTION('center_axis',(-1.,-1.6148699481771E-16,0.));
#2437=DIRECTION('ref_axis',(1.6148699481771E-16,-1.,0.));
#2438=DIRECTION('',(0.,0.,1.));
#2439=DIRECTION('',(-1.6148699481771E-16,1.,0.));
#2440=DIRECTION('center_axis',(0.,0.,1.));
#2441=DIRECTION('ref_axis',(1.,0.,0.));
#2442=DIRECTION('center_axis',(0.,0.,-1.));
#2443=DIRECTION('ref_axis',(1.,0.,0.));
#2444=DIRECTION('',(0.,-1.,0.));
#2445=DIRECTION('center_axis',(0.,0.,-1.));
#2446=DIRECTION('ref_axis',(-1.77635683940025E-15,-1.,0.));
#2447=DIRECTION('',(-1.,0.,0.));
#2448=DIRECTION('center_axis',(-1.2560742234355E-15,-0.707106781186547,
-0.707106781186548));
#2449=DIRECTION('ref_axis',(-1.,0.,1.77635720212974E-15));
#2450=DIRECTION('',(1.34579353601466E-15,0.707106781186548,-0.707106781186547));
#2451=DIRECTION('',(1.,-1.77635720212975E-15,0.));
#2452=DIRECTION('',(-1.79439138135289E-15,-0.707106781186548,0.707106781186547));
#2453=DIRECTION('center_axis',(0.,0.,1.));
#2454=DIRECTION('ref_axis',(-1.,8.88178419700125E-16,0.));
#2455=DIRECTION('',(0.707106781186547,-8.97195690676443E-16,-0.707106781186547));
#2456=DIRECTION('center_axis',(0.,0.,1.));
#2457=DIRECTION('ref_axis',(-1.,8.88178419700125E-16,0.));
#2458=DIRECTION('center_axis',(-0.707106781186548,-1.14188549109039E-16,
-0.707106781186548));
#2459=DIRECTION('ref_axis',(-0.707106781186548,0.,0.707106781186548));
#2460=DIRECTION('',(0.707106781186548,0.,-0.707106781186547));
#2461=DIRECTION('',(1.6148699481771E-16,-1.,0.));
#2462=DIRECTION('center_axis',(0.,0.,1.));
#2463=DIRECTION('ref_axis',(0.,1.,0.));
#2464=DIRECTION('center_axis',(0.,0.,-1.));
#2465=DIRECTION('ref_axis',(0.,1.,0.));
#2466=DIRECTION('',(0.,-0.707106781186547,-0.707106781186547));
#2467=DIRECTION('center_axis',(0.,0.,1.));
#2468=DIRECTION('ref_axis',(0.,1.,0.));
#2469=DIRECTION('center_axis',(0.,0.707106781186547,-0.707106781186548));
#2470=DIRECTION('ref_axis',(-1.,0.,0.));
#2471=DIRECTION('',(0.,-0.707106781186548,-0.707106781186547));
#2472=DIRECTION('',(-1.,0.,0.));
#2473=DIRECTION('',(1.,0.,0.));
#2474=DIRECTION('center_axis',(0.,0.,1.));
#2475=DIRECTION('ref_axis',(1.,0.,0.));
#2476=DIRECTION('center_axis',(0.,0.,-1.));
#2477=DIRECTION('ref_axis',(1.,0.,0.));
#2478=DIRECTION('',(-0.707106781186548,0.,-0.707106781186547));
#2479=DIRECTION('center_axis',(0.,0.,1.));
#2480=DIRECTION('ref_axis',(1.,0.,0.));
#2481=DIRECTION('center_axis',(0.707106781186547,1.14188551236229E-16,-0.707106781186548));
#2482=DIRECTION('ref_axis',(-0.707106781186548,0.,-0.707106781186547));
#2483=DIRECTION('',(-0.707106781186548,0.,-0.707106781186547));
#2484=DIRECTION('',(-1.6148699782601E-16,1.,0.));
#2485=DIRECTION('',(1.6148699782601E-16,-1.,0.));
#2486=DIRECTION('center_axis',(0.,0.,1.));
#2487=DIRECTION('ref_axis',(-8.88178419700125E-16,-1.,0.));
#2488=DIRECTION('center_axis',(0.,0.,1.));
#2489=DIRECTION('ref_axis',(-8.88178419700125E-16,-1.,0.));
#2490=DIRECTION('center_axis',(0.,0.,1.));
#2491=DIRECTION('ref_axis',(0.,1.,0.));
#2492=DIRECTION('',(0.,0.,1.));
#2493=DIRECTION('center_axis',(0.,0.,1.));
#2494=DIRECTION('ref_axis',(1.,0.,0.));
#2495=DIRECTION('center_axis',(0.,0.,1.));
#2496=DIRECTION('ref_axis',(1.,0.,0.));
#2497=DIRECTION('center_axis',(0.,0.,1.));
#2498=DIRECTION('ref_axis',(1.,0.,0.));
#2499=DIRECTION('center_axis',(0.,0.,1.));
#2500=DIRECTION('ref_axis',(-1.77635683940025E-15,-1.,0.));
#2501=DIRECTION('',(0.,0.,1.));
#2502=DIRECTION('',(0.,0.,1.));
#2503=DIRECTION('center_axis',(0.,1.,0.));
#2504=DIRECTION('ref_axis',(-1.,0.,0.));
#2505=DIRECTION('center_axis',(-1.,0.,0.));
#2506=DIRECTION('ref_axis',(0.,-1.,0.));
#2507=DIRECTION('',(0.,0.,1.));
#2508=DIRECTION('center_axis',(0.,0.,1.));
#2509=DIRECTION('ref_axis',(1.,0.,0.));
#2510=DIRECTION('center_axis',(0.,1.,0.));
#2511=DIRECTION('ref_axis',(-1.,0.,0.));
#2512=DIRECTION('',(0.,0.,1.));
#2513=DIRECTION('center_axis',(0.,0.,1.));
#2514=DIRECTION('ref_axis',(1.,0.,0.));
#2515=DIRECTION('',(0.,0.,1.));
#2516=DIRECTION('center_axis',(1.,1.6148699782601E-16,0.));
#2517=DIRECTION('ref_axis',(-1.6148699782601E-16,1.,0.));
#2518=DIRECTION('center_axis',(-1.38777878078144E-16,-1.,0.));
#2519=DIRECTION('ref_axis',(0.,0.,-1.));
#2520=DIRECTION('',(0.,0.,-1.));
#2521=DIRECTION('center_axis',(0.,0.,1.));
#2522=DIRECTION('ref_axis',(1.,0.,0.));
#2523=DIRECTION('',(0.707106781186549,-1.73780156958661E-16,-0.707106781186546));
#2524=DIRECTION('',(0.6792227623782,-2.32951652613554E-14,-0.733932176067603));
#2525=DIRECTION('',(0.,0.,1.));
#2526=DIRECTION('',(1.,0.,0.));
#2527=DIRECTION('center_axis',(0.,-1.,3.17206526470129E-16));
#2528=DIRECTION('ref_axis',(0.,3.17206526470129E-16,1.));
#2529=DIRECTION('',(0.,3.17206526470129E-16,1.));
#2530=DIRECTION('',(-1.,0.,0.));
#2531=DIRECTION('',(0.,3.17206526470129E-16,1.));
#2532=DIRECTION('',(-1.,0.,0.));
#2533=DIRECTION('center_axis',(0.,0.,1.));
#2534=DIRECTION('ref_axis',(0.,1.,0.));
#2535=DIRECTION('',(0.,1.,0.));
#2536=DIRECTION('',(0.,1.,0.));
#2537=DIRECTION('',(-1.,0.,0.));
#2538=DIRECTION('center_axis',(0.,1.,0.));
#2539=DIRECTION('ref_axis',(0.,0.,-1.));
#2540=DIRECTION('',(0.,0.,-1.));
#2541=DIRECTION('',(0.,0.,-1.));
#2542=DIRECTION('',(-1.,0.,0.));
#2543=DIRECTION('center_axis',(0.,-1.18423787528698E-14,1.));
#2544=DIRECTION('ref_axis',(0.,1.,1.18423787528698E-14));
#2545=DIRECTION('',(0.,1.,1.18423787528698E-14));
#2546=DIRECTION('',(0.,1.,1.18423787528698E-14));
#2547=DIRECTION('',(-1.,0.,0.));
#2548=DIRECTION('center_axis',(0.,-1.,0.));
#2549=DIRECTION('ref_axis',(0.,0.,1.));
#2550=DIRECTION('',(0.,0.,1.));
#2551=DIRECTION('',(0.,0.,1.));
#2552=DIRECTION('',(-1.,0.,0.));
#2553=DIRECTION('center_axis',(0.,0.,-1.));
#2554=DIRECTION('ref_axis',(0.,-1.,0.));
#2555=DIRECTION('',(0.,-1.,0.));
#2556=DIRECTION('',(0.,-1.,0.));
#2557=DIRECTION('',(-1.,0.,0.));
#2558=DIRECTION('center_axis',(0.,1.,0.));
#2559=DIRECTION('ref_axis',(0.,0.,-1.));
#2560=DIRECTION('',(0.,0.,-1.));
#2561=DIRECTION('',(0.,0.,-1.));
#2562=DIRECTION('',(-1.,0.,0.));
#2563=DIRECTION('center_axis',(0.,-1.18423802234132E-14,1.));
#2564=DIRECTION('ref_axis',(0.,1.,1.18423802234132E-14));
#2565=DIRECTION('',(0.,1.,1.18423802234132E-14));
#2566=DIRECTION('',(0.,1.,1.18423802234132E-14));
#2567=DIRECTION('center_axis',(-1.,0.,0.));
#2568=DIRECTION('ref_axis',(0.,0.,1.));
#2569=DIRECTION('center_axis',(-1.,0.,0.));
#2570=DIRECTION('ref_axis',(0.,-1.,0.));
#2571=DIRECTION('',(0.,0.,1.));
#2572=DIRECTION('',(1.,0.,0.));
#2573=CARTESIAN_POINT('',(0.,0.,0.));
#2574=CARTESIAN_POINT('',(0.,0.,0.));
#2575=CARTESIAN_POINT('',(0.,0.,0.));
#2576=CARTESIAN_POINT('Origin',(52.0589562764537,13.0000001937151,112.5));
#2577=CARTESIAN_POINT('',(52.0589562764537,13.0000001937151,112.5));
#2578=CARTESIAN_POINT('',(52.0589562764537,13.0000001937151,126.500002294779));
#2579=CARTESIAN_POINT('',(52.0589562764537,13.0000001937151,112.5));
#2580=CARTESIAN_POINT('',(42.0589562764537,13.0000001937151,126.500002294779));
#2581=CARTESIAN_POINT('',(52.0589562764537,13.0000001937151,126.500002294779));
#2582=CARTESIAN_POINT('',(42.0589562764537,13.0000001937151,112.5));
#2583=CARTESIAN_POINT('',(42.0589562764537,13.0000001937151,112.5));
#2584=CARTESIAN_POINT('',(52.0589562764537,13.0000001937151,112.5));
#2585=CARTESIAN_POINT('Origin',(52.0589562764537,-3.00000004470349,112.5));
#2586=CARTESIAN_POINT('',(52.0589562764537,-3.00000004470349,112.5));
#2587=CARTESIAN_POINT('',(52.0589562764537,-3.00000004470349,112.5));
#2588=CARTESIAN_POINT('',(42.0589562764537,-3.00000004470349,112.5));
#2589=CARTESIAN_POINT('',(42.0589562764537,-3.00000004470349,112.5));
#2590=CARTESIAN_POINT('',(52.0589562764537,-3.00000004470349,112.5));
#2591=CARTESIAN_POINT('Origin',(52.0589562764537,-3.00000004470349,126.500002294779));
#2592=CARTESIAN_POINT('',(52.0589562764537,-3.00000004470349,126.500002294779));
#2593=CARTESIAN_POINT('',(52.0589562764537,-3.00000004470349,126.500002294779));
#2594=CARTESIAN_POINT('',(42.0589562764537,-3.00000004470349,126.500002294779));
#2595=CARTESIAN_POINT('',(42.0589562764537,-3.00000004470349,126.500002294779));
#2596=CARTESIAN_POINT('',(52.0589562764537,-3.00000004470349,126.500002294779));
#2597=CARTESIAN_POINT('Origin',(52.0589562764537,-6.00000008940697,126.500002294779));
#2598=CARTESIAN_POINT('',(52.0589562764537,-6.00000008940697,126.500002294779));
#2599=CARTESIAN_POINT('',(52.0589562764537,-6.00000008940697,126.500002294779));
#2600=CARTESIAN_POINT('',(42.0589562764537,-6.00000008940697,126.500002294779));
#2601=CARTESIAN_POINT('',(42.0589562764537,-6.00000008940697,126.500002294779));
#2602=CARTESIAN_POINT('',(52.0589562764537,-6.00000008940697,126.500002294779));
#2603=CARTESIAN_POINT('Origin',(52.0589562764537,-6.00000008940697,109.500000029802));
#2604=CARTESIAN_POINT('',(52.0589562764537,-6.00000008940697,109.500000029802));
#2605=CARTESIAN_POINT('',(52.0589562764537,-6.00000008940697,109.500000029802));
#2606=CARTESIAN_POINT('',(42.0589562764537,-6.00000008940697,109.500000029802));
#2607=CARTESIAN_POINT('',(42.0589562764537,-6.00000008940697,109.500000029802));
#2608=CARTESIAN_POINT('',(52.0589562764537,-6.00000008940697,109.500000029802));
#2609=CARTESIAN_POINT('Origin',(52.0589562764537,15.9999998658896,109.500000029802));
#2610=CARTESIAN_POINT('',(52.0589562764537,15.9999998658896,109.500000029802));
#2611=CARTESIAN_POINT('',(52.0589562764537,15.9999998658896,109.500000029802));
#2612=CARTESIAN_POINT('',(42.0589562764537,15.9999998658896,109.500000029802));
#2613=CARTESIAN_POINT('',(42.0589562764537,15.9999998658896,109.500000029802));
#2614=CARTESIAN_POINT('',(52.0589562764537,15.9999998658896,109.500000029802));
#2615=CARTESIAN_POINT('Origin',(52.0589562764537,15.9999998658896,126.500002294779));
#2616=CARTESIAN_POINT('',(52.0589562764537,15.9999998658896,126.500002294779));
#2617=CARTESIAN_POINT('',(52.0589562764537,15.9999998658896,126.500002294779));
#2618=CARTESIAN_POINT('',(42.0589562764537,15.9999998658896,126.500002294779));
#2619=CARTESIAN_POINT('',(42.0589562764537,15.9999998658896,126.500002294779));
#2620=CARTESIAN_POINT('',(52.0589562764537,15.9999998658896,126.500002294779));
#2621=CARTESIAN_POINT('Origin',(52.0589562764537,13.0000001937151,126.500002294779));
#2622=CARTESIAN_POINT('',(52.0589562764537,13.0000001937151,126.500002294779));
#2623=CARTESIAN_POINT('',(42.0589562764537,13.0000001937151,126.500002294779));
#2624=CARTESIAN_POINT('Origin',(42.0589562764537,4.99999988824129,118.000001162291));
#2625=CARTESIAN_POINT('Origin',(52.0589562764537,4.99999988824129,118.000001162291));
#2626=CARTESIAN_POINT('Ctrl Pts',(105.999992713268,-0.0393037789588946,
0.));
#2627=CARTESIAN_POINT('Ctrl Pts',(105.997425056646,-6.96412348948866,0.));
#2628=CARTESIAN_POINT('Ctrl Pts',(104.621861359882,-20.8517159414757,0.));
#2629=CARTESIAN_POINT('Ctrl Pts',(96.5375707252048,-47.5215517540863,0.));
#2630=CARTESIAN_POINT('Ctrl Pts',(76.8960991422804,-76.9275603781831,0.));
#2631=CARTESIAN_POINT('Ctrl Pts',(47.48753511695,-96.5560965685445,0.));
#2632=CARTESIAN_POINT('Ctrl Pts',(20.8044957973822,-104.628232668086,0.));
#2633=CARTESIAN_POINT('Ctrl Pts',(6.93219771369557,-105.998577757889,0.));
#2634=CARTESIAN_POINT('Ctrl Pts',(-13.8420099501203,-106.009263423347,0.));
#2635=CARTESIAN_POINT('Ctrl Pts',(-34.6048976009928,-101.873761620781,0.));
#2636=CARTESIAN_POINT('Ctrl Pts',(-56.0723172408501,-90.4190166665977,0.));
#2637=CARTESIAN_POINT('Ctrl Pts',(-67.2360936323124,-82.170054566182,0.));
#2638=CARTESIAN_POINT('Ctrl Pts',(-80.2241488177897,-70.4217925633459,0.));
#2639=CARTESIAN_POINT('Ctrl Pts',(-90.6202873659274,-56.4014953765465,0.));
#2640=CARTESIAN_POINT('Ctrl Pts',(-98.1033270539982,-40.6088395291254,0.));
#2641=CARTESIAN_POINT('Ctrl Pts',(-101.619549838459,-30.7395700465479,0.));
#2642=CARTESIAN_POINT('Ctrl Pts',(-104.983435767084,-17.3087463052005,0.));
#2643=CARTESIAN_POINT('Ctrl Pts',(-106.675623070345,0.017200202103863,0.));
#2644=CARTESIAN_POINT('Ctrl Pts',(-104.647881235305,20.7396789877697,0.));
#2645=CARTESIAN_POINT('Ctrl Pts',(-99.5803115641831,37.4913682994697,0.));
#2646=CARTESIAN_POINT('Ctrl Pts',(-93.5922049063166,50.128323245381,0.));
#2647=CARTESIAN_POINT('Ctrl Pts',(-88.2509182776083,59.0193424994866,0.));
#2648=CARTESIAN_POINT('Ctrl Pts',(-82.0363992193613,67.4029264972927,0.));
#2649=CARTESIAN_POINT('Ctrl Pts',(-74.9682185784263,75.1798806578386,0.));
#2650=CARTESIAN_POINT('Ctrl Pts',(-62.0629615811825,86.8422912208815,0.));
#2651=CARTESIAN_POINT('Ctrl Pts',(-38.05374257143,101.185186307816,0.));
#2652=CARTESIAN_POINT('Ctrl Pts',(-13.8417653553188,106.010009664127,0.));
#2653=CARTESIAN_POINT('Ctrl Pts',(6.9309081285886,106.000240507388,0.));
#2654=CARTESIAN_POINT('Ctrl Pts',(20.7783581680063,104.629465641954,0.));
#2655=CARTESIAN_POINT('Ctrl Pts',(47.4679459940171,96.5764060494077,0.));
#2656=CARTESIAN_POINT('Ctrl Pts',(70.9831418181091,80.8562212528974,0.));
#2657=CARTESIAN_POINT('Ctrl Pts',(88.6574734581125,59.3414061075152,0.));
#2658=CARTESIAN_POINT('Ctrl Pts',(98.5782668193288,40.7977674125412,0.));
#2659=CARTESIAN_POINT('Ctrl Pts',(104.625839300781,20.8391090736181,0.));
#2660=CARTESIAN_POINT('Ctrl Pts',(106.,6.92279576061907,0.));
#2661=CARTESIAN_POINT('Ctrl Pts',(106.,4.44089209850063E-15,0.));
#2662=CARTESIAN_POINT('Ctrl Pts',(105.652251964675,-0.0391745641378189,
0.237038758899719));
#2663=CARTESIAN_POINT('Ctrl Pts',(105.649685579461,-6.94118716805535,0.237027170420388));
#2664=CARTESIAN_POINT('Ctrl Pts',(104.278768113182,-20.7832251710128,0.236483003442525));
#2665=CARTESIAN_POINT('Ctrl Pts',(96.2214428608206,-47.365684888648,0.234307657151574));
#2666=CARTESIAN_POINT('Ctrl Pts',(76.6445232184812,-76.6758861598102,0.232291956809614));
#2667=CARTESIAN_POINT('Ctrl Pts',(47.3317890900532,-96.2399087419607,0.234310067911888));
#2668=CARTESIAN_POINT('Ctrl Pts',(20.7361409493441,-104.285110258535,0.236488789794833));
#2669=CARTESIAN_POINT('Ctrl Pts',(6.90940070568375,-105.650844202798,0.237035288802862));
#2670=CARTESIAN_POINT('Ctrl Pts',(-13.7964878033132,-105.661490267158,0.237038666085598));
#2671=CARTESIAN_POINT('Ctrl Pts',(-34.4912823829473,-101.539943711738,0.235342304076892));
#2672=CARTESIAN_POINT('Ctrl Pts',(-55.8886166069679,-90.1229903892039,0.233719287087787));
#2673=CARTESIAN_POINT('Ctrl Pts',(-67.0159485418612,-81.901089240202,0.233205044322725));
#2674=CARTESIAN_POINT('Ctrl Pts',(-79.9615827523463,-70.1912659473765,0.232969874350457));
#2675=CARTESIAN_POINT('Ctrl Pts',(-90.323619791116,-56.2167064316722,0.233673298712658));
#2676=CARTESIAN_POINT('Ctrl Pts',(-97.7819200268942,-40.4756466137349,0.234905317521806));
#2677=CARTESIAN_POINT('Ctrl Pts',(-101.286469068663,-30.638681010487,0.235673484639214));
#2678=CARTESIAN_POINT('Ctrl Pts',(-104.63912590914,-17.2518529511246,0.236612791087037));
#2679=CARTESIAN_POINT('Ctrl Pts',(-106.325601242161,0.0171387334822806,
0.237322815816716));
#2680=CARTESIAN_POINT('Ctrl Pts',(-104.304705762383,20.6715205694553,0.23646989199124));
#2681=CARTESIAN_POINT('Ctrl Pts',(-99.2540249183236,37.368369179205,0.235140999207571));
#2682=CARTESIAN_POINT('Ctrl Pts',(-93.2857105752249,49.9640242072971,0.234167843786302));
#2683=CARTESIAN_POINT('Ctrl Pts',(-87.9620050452921,58.8260228620434,0.233583964019235));
#2684=CARTESIAN_POINT('Ctrl Pts',(-81.767869432178,67.1822402891907,0.233194724824916));
#2685=CARTESIAN_POINT('Ctrl Pts',(-74.722818324084,74.9337838884068,0.233071716297312));
#2686=CARTESIAN_POINT('Ctrl Pts',(-61.8597172027526,86.5580447814298,0.233284497796352));
#2687=CARTESIAN_POINT('Ctrl Pts',(-37.9288158058445,100.853694852799,0.235049368608537));
#2688=CARTESIAN_POINT('Ctrl Pts',(-13.7962460068431,105.662232933268,0.237044267206657));
#2689=CARTESIAN_POINT('Ctrl Pts',(6.90811844982682,105.652502561207,0.237031050814055));
#2690=CARTESIAN_POINT('Ctrl Pts',(20.7100805698692,104.2863413258,0.236488259625245));
#2691=CARTESIAN_POINT('Ctrl Pts',(47.3122751405949,96.2601521903798,0.234305853018556));
#2692=CARTESIAN_POINT('Ctrl Pts',(70.7508165211231,80.5916302752676,0.232712372172398));
#2693=CARTESIAN_POINT('Ctrl Pts',(88.3672600397404,59.1470293279186,0.233485491390487));
#2694=CARTESIAN_POINT('Ctrl Pts',(98.2553166474982,40.6639309371682,0.234867573466659));
#2695=CARTESIAN_POINT('Ctrl Pts',(104.282746717288,20.7706498347063,0.236471041751429));
#2696=CARTESIAN_POINT('Ctrl Pts',(105.652244177014,6.90000635047551,0.237035671047672));
#2697=CARTESIAN_POINT('Ctrl Pts',(105.652259226815,4.29905861667116E-15,
0.237038761957948));
#2698=CARTESIAN_POINT('Ctrl Pts',(105.151528701896,-0.0389884184896482,
0.808576476179709));
#2699=CARTESIAN_POINT('Ctrl Pts',(105.149020569873,-6.90821025149412,0.808578761204429));
#2700=CARTESIAN_POINT('Ctrl Pts',(103.784382909663,-20.6845061685529,0.806821595333581));
#2701=CARTESIAN_POINT('Ctrl Pts',(95.7647387329551,-47.1406728995032,0.800093312863899));
#2702=CARTESIAN_POINT('Ctrl Pts',(76.2802364060502,-76.3114626393653,0.793798799494566));
#2703=CARTESIAN_POINT('Ctrl Pts',(47.1069438869581,-95.7831005759226,0.800092956086777));
#2704=CARTESIAN_POINT('Ctrl Pts',(20.6376411296366,-103.790727927232,0.806858076419138));
#2705=CARTESIAN_POINT('Ctrl Pts',(6.87657451039618,-105.150126124765,0.808567427033425));
#2706=CARTESIAN_POINT('Ctrl Pts',(-13.7309441441698,-105.160724692131,0.808574887990376));
#2707=CARTESIAN_POINT('Ctrl Pts',(-34.3274589553515,-101.058266157093,0.803297995151721));
#2708=CARTESIAN_POINT('Ctrl Pts',(-55.6230587268406,-89.6950765669727,0.798248717354192));
#2709=CARTESIAN_POINT('Ctrl Pts',(-66.6975259101801,-81.5120628801552,0.796650408590119));
#2710=CARTESIAN_POINT('Ctrl Pts',(-79.5817075780062,-69.8577358575484,0.795917331879878));
#2711=CARTESIAN_POINT('Ctrl Pts',(-89.8947395053243,-55.9495955978549,0.798107529271003));
#2712=CARTESIAN_POINT('Ctrl Pts',(-97.3179675402749,-40.2833571220327,0.801937195978123));
#2713=CARTESIAN_POINT('Ctrl Pts',(-100.806090461054,-30.4931443482771,0.804328697955733));
#2714=CARTESIAN_POINT('Ctrl Pts',(-104.143094067084,-17.1698971454959,0.807250196333013));
#2715=CARTESIAN_POINT('Ctrl Pts',(-105.821760640957,0.0170523633359371,
0.809460673939637));
#2716=CARTESIAN_POINT('Ctrl Pts',(-103.810221252471,20.5733309279472,0.80680605762081));
#2717=CARTESIAN_POINT('Ctrl Pts',(-98.7831472612397,37.1908540027507,0.802670757095703));
#2718=CARTESIAN_POINT('Ctrl Pts',(-92.8429029132565,49.7266343987419,0.799645117804553));
#2719=CARTESIAN_POINT('Ctrl Pts',(-87.5443111080151,58.5465098379168,0.797826732250106));
#2720=CARTESIAN_POINT('Ctrl Pts',(-81.3794755441927,66.8630255894143,0.796619826100822));
#2721=CARTESIAN_POINT('Ctrl Pts',(-74.3678121071101,74.57778002994,0.796234330606346));
#2722=CARTESIAN_POINT('Ctrl Pts',(-61.5657666337541,86.1469413880966,0.796897929496724));
#2723=CARTESIAN_POINT('Ctrl Pts',(-37.7486675742291,100.375191393296,0.802385166520286));
#2724=CARTESIAN_POINT('Ctrl Pts',(-13.7307027451284,105.161464847568,0.808592363618077));
#2725=CARTESIAN_POINT('Ctrl Pts',(6.87529574590718,105.151776122065,0.808554024800753));
#2726=CARTESIAN_POINT('Ctrl Pts',(20.6117143025041,103.79195038899,0.806861541897972));
#2727=CARTESIAN_POINT('Ctrl Pts',(47.0875089484609,95.8032500660627,0.800073346290168));
#2728=CARTESIAN_POINT('Ctrl Pts',(70.4145879999826,80.2087158851816,0.795120027663918));
#2729=CARTESIAN_POINT('Ctrl Pts',(87.9476149466336,58.8659829376944,0.797519664564728));
#2730=CARTESIAN_POINT('Ctrl Pts',(97.7891083148125,40.4707602474935,0.80182487058676));
#2731=CARTESIAN_POINT('Ctrl Pts',(103.788360315605,20.671980807919,0.806801072099394));
#2732=CARTESIAN_POINT('Ctrl Pts',(105.151528179469,6.86724393953274,0.808578221788253));
#2733=CARTESIAN_POINT('Ctrl Pts',(105.151535930398,3.88217153631167E-15,
0.80857648569804));
#2734=CARTESIAN_POINT('Ctrl Pts',(104.94589852253,-0.0389117950852651,1.52983935091629));
#2735=CARTESIAN_POINT('Ctrl Pts',(104.943383038101,-6.89465825625823,1.52984076026301));
#2736=CARTESIAN_POINT('Ctrl Pts',(103.580511755414,-20.64381883128,1.52702790431052));
#2737=CARTESIAN_POINT('Ctrl Pts',(95.5730377190012,-47.0466820912383,1.51623046042532));
#2738=CARTESIAN_POINT('Ctrl Pts',(76.1251652050548,-76.1563453672431,1.50611619377279));
#2739=CARTESIAN_POINT('Ctrl Pts',(47.0130357625363,-95.5913473840201,1.51623030720284));
#2740=CARTESIAN_POINT('Ctrl Pts',(20.5970259618208,-103.586890799477,1.52708549421989));
#2741=CARTESIAN_POINT('Ctrl Pts',(6.86309933024842,-104.94447779962,1.52982451790388));
#2742=CARTESIAN_POINT('Ctrl Pts',(-13.7040538828158,-104.955091863844,1.52983734027212));
#2743=CARTESIAN_POINT('Ctrl Pts',(-34.2596104944464,-100.85772558889,1.52137583848958));
#2744=CARTESIAN_POINT('Ctrl Pts',(-55.5111911168547,-89.5148519595174,1.51326606780007));
#2745=CARTESIAN_POINT('Ctrl Pts',(-66.5628972974895,-81.3475959662108,1.51069826856015));
#2746=CARTESIAN_POINT('Ctrl Pts',(-79.420826821939,-69.7164586327594,1.50952018640688));
#2747=CARTESIAN_POINT('Ctrl Pts',(-89.7139985098733,-55.8371434125353,1.51303997549848));
#2748=CARTESIAN_POINT('Ctrl Pts',(-97.1243151437284,-40.2030497462329,1.51918902200182));
#2749=CARTESIAN_POINT('Ctrl Pts',(-100.606741370322,-30.4326970967936,1.5230268020193));
#2750=CARTESIAN_POINT('Ctrl Pts',(-103.938710202261,-17.1361569739603,1.5277133224257));
#2751=CARTESIAN_POINT('Ctrl Pts',(-105.615305921706,0.0170194236392325,
1.53125668355337));
#2752=CARTESIAN_POINT('Ctrl Pts',(-103.606242806667,20.5329021084301,1.52700135193383));
#2753=CARTESIAN_POINT('Ctrl Pts',(-98.5869268439917,37.1168919733725,1.52036689231262));
#2754=CARTESIAN_POINT('Ctrl Pts',(-92.6570474533055,49.6269502021622,1.51550871653031));
#2755=CARTESIAN_POINT('Ctrl Pts',(-87.368228254676,58.4286473446496,1.51258834033944));
#2756=CARTESIAN_POINT('Ctrl Pts',(-81.2152604509728,66.7280364842202,1.51064890774596));
#2757=CARTESIAN_POINT('Ctrl Pts',(-74.2175770824631,74.4271261929433,1.51002976631576));
#2758=CARTESIAN_POINT('Ctrl Pts',(-61.4415450412008,85.9732132641178,1.51109578772782));
#2759=CARTESIAN_POINT('Ctrl Pts',(-37.6740162989837,100.175474998042,1.51991209146164));
#2760=CARTESIAN_POINT('Ctrl Pts',(-13.7038108318629,104.955838304016,1.52986546263024));
#2761=CARTESIAN_POINT('Ctrl Pts',(6.86181131746756,104.946123438262,1.52980297883126));
#2762=CARTESIAN_POINT('Ctrl Pts',(20.5711971125928,103.588062945397,1.5270907633684));
#2763=CARTESIAN_POINT('Ctrl Pts',(46.9935794827378,95.6114999035807,1.51619915061704));
#2764=CARTESIAN_POINT('Ctrl Pts',(70.2719094393915,80.0462233883205,1.50823871983572));
#2765=CARTESIAN_POINT('Ctrl Pts',(87.7705161075379,58.7474741086264,1.51209536568182));
#2766=CARTESIAN_POINT('Ctrl Pts',(97.5944181930458,40.3901600031559,1.51900938098715));
#2767=CARTESIAN_POINT('Ctrl Pts',(103.584413119318,20.6313604473486,1.52699394797416));
#2768=CARTESIAN_POINT('Ctrl Pts',(104.945905291321,6.85375908333125,1.52984141894378));
#2769=CARTESIAN_POINT('Ctrl Pts',(104.945905742034,3.26153353359121E-15,
1.52983936617646));
#2770=CARTESIAN_POINT('Ctrl Pts',(104.917934061137,-0.0389012948959438,
1.84423231600601));
#2771=CARTESIAN_POINT('Ctrl Pts',(104.915389749043,-6.89280861382799,1.84422626218471));
#2772=CARTESIAN_POINT('Ctrl Pts',(103.552409145026,-20.6382210493162,1.84107196294536));
#2773=CARTESIAN_POINT('Ctrl Pts',(95.5450633392398,-47.033174242065,1.8289003840675));
#2774=CARTESIAN_POINT('Ctrl Pts',(76.1015740389918,-76.1327502901311,1.81750038871018));
#2775=CARTESIAN_POINT('Ctrl Pts',(46.999545272885,-95.5633654214062,1.8289017502691));
#2776=CARTESIAN_POINT('Ctrl Pts',(20.5914289908649,-103.558800546862,1.84113324924454));
#2777=CARTESIAN_POINT('Ctrl Pts',(6.86126971941868,-104.916501160089,1.84421512198894));
#2778=CARTESIAN_POINT('Ctrl Pts',(-13.7004098909486,-104.927134106294,1.8442306086534));
#2779=CARTESIAN_POINT('Ctrl Pts',(-34.2501237208638,-100.829202455167,1.83470148442593));
#2780=CARTESIAN_POINT('Ctrl Pts',(-55.4946908311416,-89.4882842397296,1.82556005414618));
#2781=CARTESIAN_POINT('Ctrl Pts',(-66.5428200786287,-81.3230738119731,1.82266489468849));
#2782=CARTESIAN_POINT('Ctrl Pts',(-79.3967134566238,-69.6952730505885,1.82133674861282));
#2783=CARTESIAN_POINT('Ctrl Pts',(-89.6873056722022,-55.82058857694,1.82530532933528));
#2784=CARTESIAN_POINT('Ctrl Pts',(-97.0965497878206,-40.1915156835069,1.8322359196046));
#2785=CARTESIAN_POINT('Ctrl Pts',(-100.578681924415,-30.4241666947914,1.83655953983052));
#2786=CARTESIAN_POINT('Ctrl Pts',(-103.910603786078,-17.1315306773383,1.84183866257412));
#2787=CARTESIAN_POINT('Ctrl Pts',(-105.587437873465,0.0170159962176267,
1.84582807716058));
#2788=CARTESIAN_POINT('Ctrl Pts',(-103.578086395834,20.5273565985123,1.84103693123352));
#2789=CARTESIAN_POINT('Ctrl Pts',(-98.5589387122935,37.1063488593155,1.83356336748325));
#2790=CARTESIAN_POINT('Ctrl Pts',(-92.6299363301691,49.6123883512928,1.82808775307627));
#2791=CARTESIAN_POINT('Ctrl Pts',(-87.3421987688975,58.411211830663,1.82479629398423));
#2792=CARTESIAN_POINT('Ctrl Pts',(-81.1907678829666,66.7078938056546,1.8226088523952));
#2793=CARTESIAN_POINT('Ctrl Pts',(-74.1951108715092,74.4045979725217,1.82191141102802));
#2794=CARTESIAN_POINT('Ctrl Pts',(-61.4230461725668,85.9473424448388,1.82311290975687));
#2795=CARTESIAN_POINT('Ctrl Pts',(-37.6635592896756,100.146844610272,1.83305329117105));
#2796=CARTESIAN_POINT('Ctrl Pts',(-13.7001660189546,104.927884777386,1.84426233404417));
#2797=CARTESIAN_POINT('Ctrl Pts',(6.85997591034529,104.918145926276,1.84419087028658));
#2798=CARTESIAN_POINT('Ctrl Pts',(20.5656321509324,103.559943173565,1.84113817295863));
#2799=CARTESIAN_POINT('Ctrl Pts',(46.9800630843617,95.583538808406,1.82886789728355));
#2800=CARTESIAN_POINT('Ctrl Pts',(70.2503988644198,80.0217229457916,1.8198910774128));
#2801=CARTESIAN_POINT('Ctrl Pts',(87.7442498885718,58.7299436501536,1.82424085951515));
#2802=CARTESIAN_POINT('Ctrl Pts',(97.566460112365,40.3786152725398,1.83203309226348));
#2803=CARTESIAN_POINT('Ctrl Pts',(103.556258497387,20.6257970226171,1.84103036022927));
#2804=CARTESIAN_POINT('Ctrl Pts',(104.91794128162,6.85190385998964,1.84423233318913));
#2805=CARTESIAN_POINT('Ctrl Pts',(104.91794128162,2.97732513648299E-15,
1.84423233318913));
#2806=CARTESIAN_POINT('',(104.91794128162,0.,1.84423233318913));
#2807=CARTESIAN_POINT('',(106.,-3.5527136788005E-14,0.));
#2808=CARTESIAN_POINT('Ctrl Pts',(104.91794128162,2.97732513648299E-15,
1.84423233318913));
#2809=CARTESIAN_POINT('Ctrl Pts',(104.945905742034,3.26153353359121E-15,
1.52983936617646));
#2810=CARTESIAN_POINT('Ctrl Pts',(105.151535930398,3.88217153631167E-15,
0.80857648569804));
#2811=CARTESIAN_POINT('Ctrl Pts',(105.652259226815,4.29905861667116E-15,
0.237038761957948));
#2812=CARTESIAN_POINT('Ctrl Pts',(106.,4.44089209850063E-15,0.));
#2813=CARTESIAN_POINT('',(-104.91794128162,2.39647718250187E-17,1.84423233318916));
#2814=CARTESIAN_POINT('Ctrl Pts',(104.91794128162,2.76688394418301E-15,
1.84423233318913));
#2815=CARTESIAN_POINT('Ctrl Pts',(104.91794128162,1.71258656158704,1.84423233318913));
#2816=CARTESIAN_POINT('Ctrl Pts',(104.875403691602,3.42785009946968,1.84412609603546));
#2817=CARTESIAN_POINT('Ctrl Pts',(104.790643619315,5.14258695843564,1.84393113077951));
#2818=CARTESIAN_POINT('Ctrl Pts',(104.707880062529,6.81693335256811,1.84374075791175));
#2819=CARTESIAN_POINT('Ctrl Pts',(104.584859978378,8.49077696613246,1.84346579156648));
#2820=CARTESIAN_POINT('Ctrl Pts',(104.42193017336,10.1611323678473,1.84312265821224));
#2821=CARTESIAN_POINT('Ctrl Pts',(104.253104804632,11.891929054008,1.84276710868559));
#2822=CARTESIAN_POINT('Ctrl Pts',(104.041428960893,13.6189798145829,1.84233837276848));
#2823=CARTESIAN_POINT('Ctrl Pts',(103.787347041836,15.3389702303308,1.84185481064669));
#2824=CARTESIAN_POINT('Ctrl Pts',(103.533265122779,17.0589606460788,1.8413712485249));
#2825=CARTESIAN_POINT('Ctrl Pts',(103.236777219076,18.7718900162319,1.84083286381896));
#2826=CARTESIAN_POINT('Ctrl Pts',(102.898386014664,20.474461421655,1.840258048668));
#2827=CARTESIAN_POINT('Ctrl Pts',(102.609496924433,21.9279693673487,1.8397673212973));
#2828=CARTESIAN_POINT('Ctrl Pts',(102.290068574499,23.373928651117,1.83925004414333));
#2829=CARTESIAN_POINT('Ctrl Pts',(101.940408311259,24.8113476658267,1.83871762954847));
#2830=CARTESIAN_POINT('Ctrl Pts',(101.689573909217,25.8425032672629,1.83833569339335));
#2831=CARTESIAN_POINT('Ctrl Pts',(101.422961666105,26.8701597705474,1.83793612018622));
#2832=CARTESIAN_POINT('Ctrl Pts',(101.140719000291,27.89358992324,1.83752442743635));
#2833=CARTESIAN_POINT('Ctrl Pts',(100.858666497031,28.9163305342185,1.83711301206675));
#2834=CARTESIAN_POINT('Ctrl Pts',(100.561004667657,29.9348503252566,1.83668949531468));
#2835=CARTESIAN_POINT('Ctrl Pts',(100.24793088862,30.9484370350315,1.83625941366217));
#2836=CARTESIAN_POINT('Ctrl Pts',(100.052769809303,31.5802774812996,1.83599131328098));
#2837=CARTESIAN_POINT('Ctrl Pts',(99.8516207741636,32.2102012522029,1.83572066232959));
#2838=CARTESIAN_POINT('Ctrl Pts',(99.6445413718628,32.8380388965261,1.83544880309815));
#2839=CARTESIAN_POINT('Ctrl Pts',(99.1848011811778,34.2319109818871,1.83484524420475));
#2840=CARTESIAN_POINT('Ctrl Pts',(98.6951682066308,35.6175077047736,1.83422915904747));
#2841=CARTESIAN_POINT('Ctrl Pts',(98.175826328555,36.9936949527862,1.83361147870129));
#2842=CARTESIAN_POINT('Ctrl Pts',(97.7772562680112,38.0498528670917,1.83313743856825));
#2843=CARTESIAN_POINT('Ctrl Pts',(97.3611892143944,39.1004689087708,1.83266246084781));
#2844=CARTESIAN_POINT('Ctrl Pts',(96.9277285615765,40.1450351920329,1.83219150488039));
#2845=CARTESIAN_POINT('Ctrl Pts',(96.3657126730795,41.4993976790663,1.83158087336228));
#2846=CARTESIAN_POINT('Ctrl Pts',(95.7744543564672,42.843589319489,1.83097700481161));
#2847=CARTESIAN_POINT('Ctrl Pts',(95.1549013899569,44.1757268864911,1.83038736137161));
#2848=CARTESIAN_POINT('Ctrl Pts',(94.5322282788013,45.5145732614905,1.829794748415));
#2849=CARTESIAN_POINT('Ctrl Pts',(93.8809750107466,46.84124338026,1.82921650571173));
#2850=CARTESIAN_POINT('Ctrl Pts',(93.2021529941339,48.1538437017417,1.82866018699253));
#2851=CARTESIAN_POINT('Ctrl Pts',(92.524148787264,49.4648626700778,1.82810453849743));
#2852=CARTESIAN_POINT('Ctrl Pts',(91.8186424743006,50.7618452764948,1.82757076263968));
#2853=CARTESIAN_POINT('Ctrl Pts',(91.0866873001476,52.0429298203279,1.82706634214029));
#2854=CARTESIAN_POINT('Ctrl Pts',(90.3601216819153,53.3145814411733,1.82656563580617));
#2855=CARTESIAN_POINT('Ctrl Pts',(89.6074955593636,54.5705678624551,1.82609385542231));
#2856=CARTESIAN_POINT('Ctrl Pts',(88.829879772209,55.8090990985143,1.82565825610003));
#2857=CARTESIAN_POINT('Ctrl Pts',(88.2964173994695,56.658760104392,1.82535942491391));
#2858=CARTESIAN_POINT('Ctrl Pts',(87.7511950410918,57.5002068571954,1.82507762021558));
#2859=CARTESIAN_POINT('Ctrl Pts',(87.1945685722138,58.3328714075506,1.82481516217753));
#2860=CARTESIAN_POINT('Ctrl Pts',(86.3773481941968,59.5553616710379,1.82442983005794));
#2861=CARTESIAN_POINT('Ctrl Pts',(85.5355445300724,60.7589202185889,1.82408620375072));
#2862=CARTESIAN_POINT('Ctrl Pts',(84.670111960358,61.9425936397716,1.82378961052881));
#2863=CARTESIAN_POINT('Ctrl Pts',(84.563064130971,62.0890055901359,1.82375292406503));
#2864=CARTESIAN_POINT('Ctrl Pts',(84.4556548254134,62.2351133478008,1.82371695708825));
#2865=CARTESIAN_POINT('Ctrl Pts',(84.3478858868916,62.3809151497601,1.82368171958052));
#2866=CARTESIAN_POINT('Ctrl Pts',(83.6794955973188,63.2851878462215,1.82346317415991));
#2867=CARTESIAN_POINT('Ctrl Pts',(82.996016538452,64.179384269218,1.82326348968711));
#2868=CARTESIAN_POINT('Ctrl Pts',(82.2979071882241,65.0627621938794,1.8230837769954));
#2869=CARTESIAN_POINT('Ctrl Pts',(81.5993174801435,65.9467479567298,1.82290394064627));
#2870=CARTESIAN_POINT('Ctrl Pts',(80.8860774668971,66.8199001473214,1.8227441043753));
#2871=CARTESIAN_POINT('Ctrl Pts',(80.1586896743734,67.6815044279659,1.8226053274898));
#2872=CARTESIAN_POINT('Ctrl Pts',(79.4313629064843,68.5430364238032,1.82246656224706));
#2873=CARTESIAN_POINT('Ctrl Pts',(78.6898908714295,69.3930222728871,1.82234885365322));
#2874=CARTESIAN_POINT('Ctrl Pts',(77.9348170490036,70.2307798816176,1.82225319495969));
#2875=CARTESIAN_POINT('Ctrl Pts',(77.1802954924257,71.0679247490472,1.82215760623154));
#2876=CARTESIAN_POINT('Ctrl Pts',(76.4121921853398,71.8928590905993,1.82208403594297));
#2877=CARTESIAN_POINT('Ctrl Pts',(75.6310882897956,72.7049368782911,1.82203339764172));
#2878=CARTESIAN_POINT('Ctrl Pts',(75.1399789905403,73.2155206246137,1.82200155944352));
#2879=CARTESIAN_POINT('Ctrl Pts',(74.6437311849244,73.7210227336197,1.82197878492258));
#2880=CARTESIAN_POINT('Ctrl Pts',(74.1424967950521,74.2212900876314,1.82196528332573));
#2881=CARTESIAN_POINT('Ctrl Pts',(73.3418677339197,75.020374488164,1.82194371702656));
#2882=CARTESIAN_POINT('Ctrl Pts',(72.528514236296,75.8061007745837,1.82194581279283));
#2883=CARTESIAN_POINT('Ctrl Pts',(71.7032692227782,76.5778909861126,1.82196888638539));
#2884=CARTESIAN_POINT('Ctrl Pts',(71.360456133975,76.8984985414305,1.82197847133217));
#2885=CARTESIAN_POINT('Ctrl Pts',(71.0155913976484,77.2167017192436,1.82199167542724));
#2886=CARTESIAN_POINT('Ctrl Pts',(70.6687363384197,77.5324611782132,1.82200830282678));
#2887=CARTESIAN_POINT('Ctrl Pts',(69.7521614568712,78.3668650048332,1.82205224122804));
#2888=CARTESIAN_POINT('Ctrl Pts',(68.8200202433001,79.1857172227344,1.82212736914233));
#2889=CARTESIAN_POINT('Ctrl Pts',(67.8731805403952,79.9882617702596,1.82223605307157));
#2890=CARTESIAN_POINT('Ctrl Pts',(66.923726566692,80.7930221825912,1.82234503708246));
#2891=CARTESIAN_POINT('Ctrl Pts',(65.9594930575189,81.5813845444311,1.82248776153192));
#2892=CARTESIAN_POINT('Ctrl Pts',(64.9813923688955,82.3526233054871,1.82266653138729));
#2893=CARTESIAN_POINT('Ctrl Pts',(64.0014826422899,83.12528850477,1.82284563188496));
#2894=CARTESIAN_POINT('Ctrl Pts',(63.0076546390519,83.8807665056842,1.82306091010732));
#2895=CARTESIAN_POINT('Ctrl Pts',(62.0008595705086,84.6183676065698,1.82331461956134));
#2896=CARTESIAN_POINT('Ctrl Pts',(60.9943429154645,85.3557647353563,1.82356825885597));
#2897=CARTESIAN_POINT('Ctrl Pts',(59.9748666274124,86.0752946704217,1.82386030699455));
#2898=CARTESIAN_POINT('Ctrl Pts',(58.9434110333663,86.7763109129017,1.82419296854927));
#2899=CARTESIAN_POINT('Ctrl Pts',(57.9141567594828,87.4758310549216,1.82452492014169));
#2900=CARTESIAN_POINT('Ctrl Pts',(56.8729745267919,88.1569162841544,1.82489731087964));
#2901=CARTESIAN_POINT('Ctrl Pts',(55.8208641887842,88.8189692037307,1.82531230115717));
#2902=CARTESIAN_POINT('Ctrl Pts',(55.322801082931,89.1323813254932,1.82550875521627));
#2903=CARTESIAN_POINT('Ctrl Pts',(54.8222893133683,89.4415289316239,1.82571475559334));
#2904=CARTESIAN_POINT('Ctrl Pts',(54.3194367098153,89.7463523266735,1.82593053019334));
#2905=CARTESIAN_POINT('Ctrl Pts',(53.27799814488,90.3776602623509,1.82637741261611));
#2906=CARTESIAN_POINT('Ctrl Pts',(52.2247214924979,90.9915099982796,1.82683336876195));
#2907=CARTESIAN_POINT('Ctrl Pts',(51.1605008311605,91.5871990171746,1.82729734225627));
#2908=CARTESIAN_POINT('Ctrl Pts',(50.0978643773227,92.1820012885694,1.82776062507588));
#2909=CARTESIAN_POINT('Ctrl Pts',(49.0243167274363,92.758696695174,1.82823190036558));
#2910=CARTESIAN_POINT('Ctrl Pts',(47.9407776265515,93.3166284475776,1.82871005981111));
#2911=CARTESIAN_POINT('Ctrl Pts',(46.8594999399581,93.873395761303,1.82918722130778));
#2912=CARTESIAN_POINT('Ctrl Pts',(45.7682727219417,94.4114774957636,1.82967123723685));
#2913=CARTESIAN_POINT('Ctrl Pts',(44.6680356860569,94.9302659607501,1.83016096506646));
#2914=CARTESIAN_POINT('Ctrl Pts',(43.5727016943437,95.4467425214137,1.83064851049619));
#2915=CARTESIAN_POINT('Ctrl Pts',(42.4684382704086,95.9440972466456,1.83114171603109));
#2916=CARTESIAN_POINT('Ctrl Pts',(41.356194233164,96.4217774135032,1.83163942862441));
#2917=CARTESIAN_POINT('Ctrl Pts',(40.9433616940061,96.5990783560893,1.83182416501929));
#2918=CARTESIAN_POINT('Ctrl Pts',(40.5294298782067,96.7736692544765,1.83200952216186));
#2919=CARTESIAN_POINT('Ctrl Pts',(40.1144479550058,96.9455235574319,1.83219544060627));
#2920=CARTESIAN_POINT('Ctrl Pts',(38.9887754746411,97.4116924401075,1.83269975962541));
#2921=CARTESIAN_POINT('Ctrl Pts',(37.8553752159758,97.8577215669029,1.83320820629584));
#2922=CARTESIAN_POINT('Ctrl Pts',(36.7153941028521,98.2834059942314,1.83371609828489));
#2923=CARTESIAN_POINT('Ctrl Pts',(36.4544129600663,98.3808598967842,1.83383237234433));
#2924=CARTESIAN_POINT('Ctrl Pts',(36.1930869629246,98.4772477207312,1.8339486174764));
#2925=CARTESIAN_POINT('Ctrl Pts',(35.9314299644586,98.572567379747,1.83406477780843));
#2926=CARTESIAN_POINT('Ctrl Pts',(34.7675075833173,98.9965754710335,1.83458149095213));
#2927=CARTESIAN_POINT('Ctrl Pts',(33.5950227410539,99.4001775452974,1.83508751284091));
#2928=CARTESIAN_POINT('Ctrl Pts',(32.4150908639644,99.7830177854312,1.8355816110372));
#2929=CARTESIAN_POINT('Ctrl Pts',(31.2284149502548,100.168046193076,1.83607853330867));
#2930=CARTESIAN_POINT('Ctrl Pts',(30.0342069221154,100.532074641295,1.83656339277917));
#2931=CARTESIAN_POINT('Ctrl Pts',(28.8336230389896,100.874789230137,1.83703491586453));
#2932=CARTESIAN_POINT('Ctrl Pts',(27.6305885144016,101.218203370749,1.8375074014266));
#2933=CARTESIAN_POINT('Ctrl Pts',(26.4211523945965,101.540216469677,1.83796649370551));
#2934=CARTESIAN_POINT('Ctrl Pts',(25.2064950607892,101.840562239838,1.83841092767497));
#2935=CARTESIAN_POINT('Ctrl Pts',(23.990437189808,102.141254317887,1.83885587409043));
#2936=CARTESIAN_POINT('Ctrl Pts',(22.7691463802624,102.420229002278,1.83928612604768));
#2937=CARTESIAN_POINT('Ctrl Pts',(21.5438193507286,102.677269813125,1.83970046603712));
#2938=CARTESIAN_POINT('Ctrl Pts',(21.1765737159511,102.754308116751,1.83982464884609));
#2939=CARTESIAN_POINT('Ctrl Pts',(20.8089655829115,102.829376504764,1.83994740280587));
#2940=CARTESIAN_POINT('Ctrl Pts',(20.4410273170325,102.902470049176,1.84006869652025));
#2941=CARTESIAN_POINT('Ctrl Pts',(19.2134679239148,103.146333423389,1.84047337103284));
#2942=CARTESIAN_POINT('Ctrl Pts',(17.982233458185,103.368210830985,1.8408617842289));
#2943=CARTESIAN_POINT('Ctrl Pts',(16.7483982381135,103.567995635786,1.84123473268972));
#2944=CARTESIAN_POINT('Ctrl Pts',(16.5638936873447,103.597870942521,1.84129050244495));
#2945=CARTESIAN_POINT('Ctrl Pts',(16.3793309873779,103.627252321447,1.84134592656825));
#2946=CARTESIAN_POINT('Ctrl Pts',(16.194713737199,103.656139516021,1.84140100792151));
#2947=CARTESIAN_POINT('Ctrl Pts',(15.0405769689814,103.836728130339,1.84174534960665));
#2948=CARTESIAN_POINT('Ctrl Pts',(13.8829674224252,103.998208971006,1.84207518222568));
#2949=CARTESIAN_POINT('Ctrl Pts',(12.7228416371248,104.140400999297,1.84237985528213));
#2950=CARTESIAN_POINT('Ctrl Pts',(11.5639092847569,104.282446753235,1.84268421491837));
#2951=CARTESIAN_POINT('Ctrl Pts',(10.4024661242564,104.405243325456,1.84296346485504));
#2952=CARTESIAN_POINT('Ctrl Pts',(9.23947295065488,104.508661694943,1.84320705186581));
#2953=CARTESIAN_POINT('Ctrl Pts',(8.17908718452549,104.602955771167,1.84342914792354));
#2954=CARTESIAN_POINT('Ctrl Pts',(7.1174130719579,104.68114074698,1.84362159598627));
#2955=CARTESIAN_POINT('Ctrl Pts',(6.05518139845815,104.743156517632,1.84377646381243));
#2956=CARTESIAN_POINT('Ctrl Pts',(4.89449699837805,104.810920207372,1.84394568553155));
#2957=CARTESIAN_POINT('Ctrl Pts',(3.73174135001081,104.859460485758,1.84406308308547));
#2958=CARTESIAN_POINT('Ctrl Pts',(2.56786923828609,104.888606574114,1.84413352364399));
#2959=CARTESIAN_POINT('Ctrl Pts',(1.71238944821113,104.910029795186,1.84418529949943));
#2960=CARTESIAN_POINT('Ctrl Pts',(0.856306658486426,104.920976020357,1.84421170761855));
#2961=CARTESIAN_POINT('Ctrl Pts',(1.68544516256488E-6,104.921395319852,
1.84421471442767));
#2962=CARTESIAN_POINT('Ctrl Pts',(-0.000555102042359947,104.921395592489,
1.84421471638276));
#2963=CARTESIAN_POINT('Ctrl Pts',(-0.00111188968421211,104.921395860677,
1.84421471832795));
#2964=CARTESIAN_POINT('Ctrl Pts',(-0.00166867748022248,104.921396124414,
1.84421472026326));
#2965=CARTESIAN_POINT('Ctrl Pts',(-1.20165929360393,104.921964531479,1.84421889123791));
#2966=CARTESIAN_POINT('Ctrl Pts',(-2.40205713965202,104.901513998837,1.8441735345414));
#2967=CARTESIAN_POINT('Ctrl Pts',(-3.6017941786687,104.860187112074,1.84408177205327));
#2968=CARTESIAN_POINT('Ctrl Pts',(-4.80491283713057,104.818743739948,1.84398975092028));
#2969=CARTESIAN_POINT('Ctrl Pts',(-6.00736666643279,104.756306204992,1.84385106392112));
#2970=CARTESIAN_POINT('Ctrl Pts',(-7.20807993514395,104.673070927596,1.84366897695319));
#2971=CARTESIAN_POINT('Ctrl Pts',(-8.41237707784424,104.589587210583,1.84348634649435));
#2972=CARTESIAN_POINT('Ctrl Pts',(-9.61492295640645,104.485181460152,1.84326005857027));
#2973=CARTESIAN_POINT('Ctrl Pts',(-10.8146379841243,104.360104045799,1.84299349739317));
#2974=CARTESIAN_POINT('Ctrl Pts',(-11.9812302177311,104.238479879382,1.84273429567294));
#2975=CARTESIAN_POINT('Ctrl Pts',(-13.145145532945,104.097310026575,1.84243701591031));
#2976=CARTESIAN_POINT('Ctrl Pts',(-14.3054005662171,103.936871040944,1.84210482305313));
#2977=CARTESIAN_POINT('Ctrl Pts',(-15.5286196672337,103.767725442653,1.84175460294077));
#2978=CARTESIAN_POINT('Ctrl Pts',(-16.7493712281697,103.576940887982,1.84136813823009));
#2979=CARTESIAN_POINT('Ctrl Pts',(-17.9665290347286,103.364718220091,1.84095770454646));
#2980=CARTESIAN_POINT('Ctrl Pts',(-19.1853994525617,103.152196942659,1.84054669335895));
#2981=CARTESIAN_POINT('Ctrl Pts',(-20.4006656907236,102.918177237306,1.84011164806099));
#2982=CARTESIAN_POINT('Ctrl Pts',(-21.6112046335983,102.662912462868,1.83966495407268));
#2983=CARTESIAN_POINT('Ctrl Pts',(-22.5216466985922,102.470928727254,1.83932899710117));
#2984=CARTESIAN_POINT('Ctrl Pts',(-23.429414905323,102.266928803761,1.83898645244895));
#2985=CARTESIAN_POINT('Ctrl Pts',(-24.3340359551414,102.051039376448,1.83864259869293));
#2986=CARTESIAN_POINT('Ctrl Pts',(-25.5184175646477,101.768384592494,1.83819240569215));
#2987=CARTESIAN_POINT('Ctrl Pts',(-26.6989472057404,101.464979646007,1.8377345975911));
#2988=CARTESIAN_POINT('Ctrl Pts',(-27.8745121150616,101.14099844512,1.83727097629759));
#2989=CARTESIAN_POINT('Ctrl Pts',(-29.0505137709405,100.816896878549,1.83680718275922));
#2990=CARTESIAN_POINT('Ctrl Pts',(-30.2215467042438,100.472203822991,1.83633757369762));
#2991=CARTESIAN_POINT('Ctrl Pts',(-31.3865057511289,100.107144731984,1.83586402386401));
#2992=CARTESIAN_POINT('Ctrl Pts',(-32.5502751489505,99.7424584370917,1.8353909576166));
#2993=CARTESIAN_POINT('Ctrl Pts',(-33.7079827618468,99.3574477552116,1.83491396069838));
#2994=CARTESIAN_POINT('Ctrl Pts',(-34.8585401129575,98.9523876823082,1.83443494244003));
#2995=CARTESIAN_POINT('Ctrl Pts',(-36.0055215713477,98.5485865221958,1.83395741295398));
#2996=CARTESIAN_POINT('Ctrl Pts',(-37.1453968588406,98.1248604984691,1.833477876755));
#2997=CARTESIAN_POINT('Ctrl Pts',(-38.2771051983111,97.6815307005805,1.83299823453266));
#2998=CARTESIAN_POINT('Ctrl Pts',(-38.870547551713,97.449058543739,1.83274672095864));
#2999=CARTESIAN_POINT('Ctrl Pts',(-39.461744544027,97.2111967038571,1.83249517819243));
#3000=CARTESIAN_POINT('Ctrl Pts',(-40.0505455659371,96.9679967151637,1.83224387834053));
#3001=CARTESIAN_POINT('Ctrl Pts',(-41.177500900036,96.5025159936428,1.83176289461595));
#3002=CARTESIAN_POINT('Ctrl Pts',(-42.2956774392736,96.0174771409427,1.8312828029088));
#3003=CARTESIAN_POINT('Ctrl Pts',(-43.4041768230511,95.5134457700434,1.8308033535103));
#3004=CARTESIAN_POINT('Ctrl Pts',(-43.476970849942,95.4803465426518,1.83077186855603));
#3005=CARTESIAN_POINT('Ctrl Pts',(-43.5497231541771,95.4471654278221,1.8307403863579));
#3006=CARTESIAN_POINT('Ctrl Pts',(-43.6224334853162,95.4139025925164,1.83070890683903));
#3007=CARTESIAN_POINT('Ctrl Pts',(-44.6889037736031,94.9260238412858,1.83024718467331));
#3008=CARTESIAN_POINT('Ctrl Pts',(-45.7480255135273,94.4197896958933,1.82979312155752));
#3009=CARTESIAN_POINT('Ctrl Pts',(-46.7988952514601,93.8956031494477,1.82934996373925));
#3010=CARTESIAN_POINT('Ctrl Pts',(-47.8513514587882,93.3706252528629,1.8289061368977));
#3011=CARTESIAN_POINT('Ctrl Pts',(-48.8955304906813,92.8276408237058,1.82847324948499));
#3012=CARTESIAN_POINT('Ctrl Pts',(-49.930544884291,92.2671029556239,1.8280545455669));
#3013=CARTESIAN_POINT('Ctrl Pts',(-50.9663703473268,91.7061258326584,1.82763551353941));
#3014=CARTESIAN_POINT('Ctrl Pts',(-51.993016566641,91.1275678752842,1.82723068842733));
#3015=CARTESIAN_POINT('Ctrl Pts',(-53.0096176641141,90.5319297431815,1.82684328726513));
#3016=CARTESIAN_POINT('Ctrl Pts',(-54.0257701964265,89.9365544305025,1.82645605703986));
#3017=CARTESIAN_POINT('Ctrl Pts',(-55.0318862411696,89.3241141530402,1.82608623655728));
#3018=CARTESIAN_POINT('Ctrl Pts',(-56.0271281883156,88.6951533353089,1.82573698636688));
#3019=CARTESIAN_POINT('Ctrl Pts',(-57.020501167186,88.0673736452605,1.82538839203462));
#3020=CARTESIAN_POINT('Ctrl Pts',(-58.0030406358018,87.4231355582078,1.82506029193492));
#3021=CARTESIAN_POINT('Ctrl Pts',(-58.9739440340315,86.7630224902648,1.82475575965765));
#3022=CARTESIAN_POINT('Ctrl Pts',(-59.7460210650933,86.2380906189872,1.82451359099604));
#3023=CARTESIAN_POINT('Ctrl Pts',(-60.5107403761892,85.7031207739557,1.8242863247147));
#3024=CARTESIAN_POINT('Ctrl Pts',(-61.2677134793596,85.1584243993124,1.82407546799801));
#3025=CARTESIAN_POINT('Ctrl Pts',(-62.5499566923419,84.2357585521414,1.8237182960024));
#3026=CARTESIAN_POINT('Ctrl Pts',(-63.8130413885746,83.2829782789126,1.82340129577913));
#3027=CARTESIAN_POINT('Ctrl Pts',(-65.0553626091571,82.3008571658809,1.82313229814215));
#3028=CARTESIAN_POINT('Ctrl Pts',(-65.5157849377315,81.9368687848469,1.82303260370213));
#3029=CARTESIAN_POINT('Ctrl Pts',(-65.9733554771671,81.5688507713263,1.82293950255374));
#3030=CARTESIAN_POINT('Ctrl Pts',(-66.4279932149862,81.1968441856173,1.82285339269915));
#3031=CARTESIAN_POINT('Ctrl Pts',(-67.6547343948851,80.1930652206948,1.82262104396118));
#3032=CARTESIAN_POINT('Ctrl Pts',(-68.8601205802916,79.1602433979742,1.82243960396379));
#3033=CARTESIAN_POINT('Ctrl Pts',(-70.0431335795133,78.0989571917743,1.82230892013941));
#3034=CARTESIAN_POINT('Ctrl Pts',(-71.2251797747196,77.0385383097428,1.8221783431149));
#3035=CARTESIAN_POINT('Ctrl Pts',(-72.3848891610413,75.9497016653088,1.82209843892023));
#3036=CARTESIAN_POINT('Ctrl Pts',(-73.5212752603732,74.8330673703848,1.82206897124944));
#3037=CARTESIAN_POINT('Ctrl Pts',(-73.7094422656575,74.6481709417879,1.82206409188373));
#3038=CARTESIAN_POINT('Ctrl Pts',(-73.8969698624399,74.4625124518299,1.82206059520567));
#3039=CARTESIAN_POINT('Ctrl Pts',(-74.083853654767,74.2760948263742,1.82205847993205));
#3040=CARTESIAN_POINT('Ctrl Pts',(-75.2084884739387,73.1542653200048,1.82204575057583));
#3041=CARTESIAN_POINT('Ctrl Pts',(-76.3098059531359,72.0049407873971,1.82208305344969));
#3042=CARTESIAN_POINT('Ctrl Pts',(-77.3847136882981,70.8310881198588,1.82217261482637));
#3043=CARTESIAN_POINT('Ctrl Pts',(-78.4577067923635,69.6593263246314,1.82226201667588));
#3044=CARTESIAN_POINT('Ctrl Pts',(-79.5043834760735,68.4631243692109,1.82240349120705));
#3045=CARTESIAN_POINT('Ctrl Pts',(-80.5217038415902,67.2454700544172,1.82259918126356));
#3046=CARTESIAN_POINT('Ctrl Pts',(-80.69872169847,67.033593280363,1.82263323212462));
#3047=CARTESIAN_POINT('Ctrl Pts',(-80.8748508248775,66.821067060078,1.82266892431202));
#3048=CARTESIAN_POINT('Ctrl Pts',(-81.0500753405595,66.6079072248793,1.82270626888714));
#3049=CARTESIAN_POINT('Ctrl Pts',(-82.0675626063125,65.370138542566,1.8229231199909));
#3050=CARTESIAN_POINT('Ctrl Pts',(-83.0545440893306,64.1110032125462,1.82319569139044));
#3051=CARTESIAN_POINT('Ctrl Pts',(-84.0105603943483,62.8323942773591,1.82351847758346));
#3052=CARTESIAN_POINT('Ctrl Pts',(-84.974292279553,61.5434662610899,1.82384386883953));
#3053=CARTESIAN_POINT('Ctrl Pts',(-85.9065570181329,60.2347494267609,1.82422028707614));
#3054=CARTESIAN_POINT('Ctrl Pts',(-86.8069314633332,58.9082060894838,1.82464205246553));
#3055=CARTESIAN_POINT('Ctrl Pts',(-86.9380517675935,58.7150233898575,1.8247034735848));
#3056=CARTESIAN_POINT('Ctrl Pts',(-87.0684958356664,58.5214626648087,1.82476585636903));
#3057=CARTESIAN_POINT('Ctrl Pts',(-87.1982624464832,58.3275300076216,1.82482918323828));
#3058=CARTESIAN_POINT('Ctrl Pts',(-87.8236126463891,57.392961206164,1.82513435781361));
#3059=CARTESIAN_POINT('Ctrl Pts',(-88.4332293310651,56.4497542339433,1.82546145733176));
#3060=CARTESIAN_POINT('Ctrl Pts',(-89.0272304416045,55.4975584218816,1.82580908353149));
#3061=CARTESIAN_POINT('Ctrl Pts',(-89.8983430294735,54.1011472985926,1.82631888318183));
#3062=CARTESIAN_POINT('Ctrl Pts',(-90.737035453857,52.6835366273048,1.82686581114044));
#3063=CARTESIAN_POINT('Ctrl Pts',(-91.5434768423988,51.2434479475605,1.8274448244646));
#3064=CARTESIAN_POINT('Ctrl Pts',(-91.864000623097,50.6710781824038,1.82767495593153));
#3065=CARTESIAN_POINT('Ctrl Pts',(-92.1794302375672,50.0951577823448,1.82791015497986));
#3066=CARTESIAN_POINT('Ctrl Pts',(-92.4897783956897,49.5156074148749,1.8281501015027));
#3067=CARTESIAN_POINT('Ctrl Pts',(-93.25341174083,48.0895832088162,1.82874050670119));
#3068=CARTESIAN_POINT('Ctrl Pts',(-93.9862775941428,46.6415787083456,1.82935966006925));
#3069=CARTESIAN_POINT('Ctrl Pts',(-94.6861829958734,45.1753149668899,1.82999796574055));
#3070=CARTESIAN_POINT('Ctrl Pts',(-95.393782806301,43.6929318577931,1.83064328862403));
#3071=CARTESIAN_POINT('Ctrl Pts',(-96.0676929417308,42.1918865785375,1.83130818504891));
#3072=CARTESIAN_POINT('Ctrl Pts',(-96.7056876093808,40.6760581243995,1.83198268571948));
#3073=CARTESIAN_POINT('Ctrl Pts',(-96.7766425843503,40.5074743172378,1.83205770073234));
#3074=CARTESIAN_POINT('Ctrl Pts',(-96.8471533694601,40.3387076855149,1.83213283450545));
#3075=CARTESIAN_POINT('Ctrl Pts',(-96.9172169377921,40.1697635844103,1.83220807330315));
#3076=CARTESIAN_POINT('Ctrl Pts',(-97.5791975812183,38.5735313710819,1.83291895099461));
#3077=CARTESIAN_POINT('Ctrl Pts',(-98.2012501648826,36.9614547341579,1.83363920413144));
#3078=CARTESIAN_POINT('Ctrl Pts',(-98.7827886717692,35.3361864815295,1.83435548316173));
#3079=CARTESIAN_POINT('Ctrl Pts',(-99.3367861020542,33.7878892925776,1.83503783994025));
#3080=CARTESIAN_POINT('Ctrl Pts',(-99.8540163283708,32.2276209878822,1.83571658747625));
#3081=CARTESIAN_POINT('Ctrl Pts',(-100.334024469071,30.6576882852126,1.83638021053601));
#3082=CARTESIAN_POINT('Ctrl Pts',(-100.812841048199,29.0916527486961,1.83704218623259));
#3083=CARTESIAN_POINT('Ctrl Pts',(-101.254620043638,27.5160011931139,1.83768910986176));
#3084=CARTESIAN_POINT('Ctrl Pts',(-101.658961388894,25.9330290913548,1.83830961685164));
#3085=CARTESIAN_POINT('Ctrl Pts',(-102.060465178318,24.3611658503904,1.83892576929492));
#3086=CARTESIAN_POINT('Ctrl Pts',(-102.425054905597,22.7820848893037,1.83951587216826));
#3087=CARTESIAN_POINT('Ctrl Pts',(-102.752390255766,21.1980328228629,1.84006889984068));
#3088=CARTESIAN_POINT('Ctrl Pts',(-102.805630528436,20.9403907322734,1.84015884840279));
#3089=CARTESIAN_POINT('Ctrl Pts',(-102.8578853776,20.6826171249189,1.84024781643386));
#3090=CARTESIAN_POINT('Ctrl Pts',(-102.909153469343,20.4247216529052,1.84033575681638));
#3091=CARTESIAN_POINT('Ctrl Pts',(-103.098157913341,19.4739667361491,1.84065995696775));
#3092=CARTESIAN_POINT('Ctrl Pts',(-103.273750898768,18.5215555908376,1.84097018881914));
#3093=CARTESIAN_POINT('Ctrl Pts',(-103.435953252966,17.5678069586003,1.84126400177281));
#3094=CARTESIAN_POINT('Ctrl Pts',(-103.616544396249,16.5059323837709,1.84159112413474));
#3095=CARTESIAN_POINT('Ctrl Pts',(-103.780861176746,15.4404696187352,1.84189814921796));
#3096=CARTESIAN_POINT('Ctrl Pts',(-103.928725681747,14.3721730149578,1.84218097721725));
#3097=CARTESIAN_POINT('Ctrl Pts',(-104.076731402049,13.3028561539768,1.84246407532627));
#3098=CARTESIAN_POINT('Ctrl Pts',(-104.208253380562,12.2307002187808,1.84272292826196));
#3099=CARTESIAN_POINT('Ctrl Pts',(-104.323164518688,11.1564713768891,1.84295346013612));
#3100=CARTESIAN_POINT('Ctrl Pts',(-104.438211156005,10.0809758419544,1.8431842638454));
#3101=CARTESIAN_POINT('Ctrl Pts',(-104.536607734167,9.00340269221479,1.84338667778817));
#3102=CARTESIAN_POINT('Ctrl Pts',(-104.618278490503,7.92452775074424,1.84355667536646));
#3103=CARTESIAN_POINT('Ctrl Pts',(-104.69998811765,6.84513932383297,1.84372675385429));
#3104=CARTESIAN_POINT('Ctrl Pts',(-104.764955988915,5.76444805203375,1.84386438323848));
#3105=CARTESIAN_POINT('Ctrl Pts',(-104.813158261513,4.68323503401231,1.8439656230683));
#3106=CARTESIAN_POINT('Ctrl Pts',(-104.861384365388,3.60148746262807,1.84406691295125));
#3107=CARTESIAN_POINT('Ctrl Pts',(-104.892828286077,2.51921781621429,1.84413177541839));
#3108=CARTESIAN_POINT('Ctrl Pts',(-104.90751830039,1.43720971887682,1.84415638425828));
#3109=CARTESIAN_POINT('Ctrl Pts',(-104.91399900288,0.95986691847085,1.84416724078753));
#3110=CARTESIAN_POINT('Ctrl Pts',(-104.917219649289,0.482575023113052,1.84417026467163));
#3111=CARTESIAN_POINT('Ctrl Pts',(-104.917185891822,0.0054012560400731,
1.8441651362494));
#3112=CARTESIAN_POINT('Ctrl Pts',(-104.917185764454,0.00360086671339704,
1.84416511689973));
#3113=CARTESIAN_POINT('Ctrl Pts',(-104.91718559076,0.00180047906827924,
1.84416509743401));
#3114=CARTESIAN_POINT('Ctrl Pts',(-104.91718537074,9.31094299057609E-8,
1.84416507785226));
#3115=CARTESIAN_POINT('',(104.917934061137,-0.038901294895945,1.84423231600603));
#3116=CARTESIAN_POINT('Ctrl Pts',(-104.91718537074,9.31094299057495E-8,
1.84416507785225));
#3117=CARTESIAN_POINT('Ctrl Pts',(-104.917073282074,-0.917201139630736,
1.84415510198725));
#3118=CARTESIAN_POINT('Ctrl Pts',(-104.904936832452,-1.8339708203019,1.84411816991938));
#3119=CARTESIAN_POINT('Ctrl Pts',(-104.880846795933,-2.74984625367325,1.84405865884714));
#3120=CARTESIAN_POINT('Ctrl Pts',(-104.846911515508,-4.04002651720222,1.84397482647423));
#3121=CARTESIAN_POINT('Ctrl Pts',(-104.789189488113,-5.33084994290261,1.84384418250237));
#3122=CARTESIAN_POINT('Ctrl Pts',(-104.707654039737,-6.62093551760955,1.84367026803536));
#3123=CARTESIAN_POINT('Ctrl Pts',(-104.625955274998,-7.91360514732003,1.84349600521585));
#3124=CARTESIAN_POINT('Ctrl Pts',(-104.520347587355,-9.20553359362006,1.84327830033687));
#3125=CARTESIAN_POINT('Ctrl Pts',(-104.390856315194,-10.4953285680798,1.843020852081));
#3126=CARTESIAN_POINT('Ctrl Pts',(-104.261479676148,-11.7839817419095,1.84276363173312));
#3127=CARTESIAN_POINT('Ctrl Pts',(-104.108261740673,-13.0705048442118,1.84246674041257));
#3128=CARTESIAN_POINT('Ctrl Pts',(-103.931279686335,-14.3535119508592,1.84213397260036));
#3129=CARTESIAN_POINT('Ctrl Pts',(-103.755012670303,-15.6313354854642,1.84180254922803));
#3130=CARTESIAN_POINT('Ctrl Pts',(-103.555173221685,-16.9056710132686,1.84143554079317));
#3131=CARTESIAN_POINT('Ctrl Pts',(-103.331888514423,-18.1751575157752,1.84103676938043));
#3132=CARTESIAN_POINT('Ctrl Pts',(-103.200010126379,-18.9249528584499,1.84080124348277));
#3133=CARTESIAN_POINT('Ctrl Pts',(-103.059953998392,-19.6730568370596,1.84055463854733));
#3134=CARTESIAN_POINT('Ctrl Pts',(-102.91175461987,-20.4191911614698,1.84029774958637));
#3135=CARTESIAN_POINT('Ctrl Pts',(-102.741834468433,-21.274682315755,1.84000320981446));
#3136=CARTESIAN_POINT('Ctrl Pts',(-102.561208916387,-22.127584172857,1.8396951507154));
#3137=CARTESIAN_POINT('Ctrl Pts',(-102.369959064642,-22.9778265063519,1.8393747865593));
#3138=CARTESIAN_POINT('Ctrl Pts',(-102.031374271734,-24.4830779968986,1.838807620465));
#3139=CARTESIAN_POINT('Ctrl Pts',(-101.658985248634,-25.9822271661462,1.83821300282756));
#3140=CARTESIAN_POINT('Ctrl Pts',(-101.252928852559,-27.475136592615,1.8376010707272));
#3141=CARTESIAN_POINT('Ctrl Pts',(-100.987887740004,-28.449588366211,1.83720165043422));
#3142=CARTESIAN_POINT('Ctrl Pts',(-100.708503912041,-29.4213819801769,1.83679485592375));
#3143=CARTESIAN_POINT('Ctrl Pts',(-100.414827106641,-30.3904818332114,1.83638352747578));
#3144=CARTESIAN_POINT('Ctrl Pts',(-99.9612119403152,-31.8873599759115,1.83574818679204));
#3145=CARTESIAN_POINT('Ctrl Pts',(-99.4734939238552,-33.3778115498775,1.83510202804649));
#3146=CARTESIAN_POINT('Ctrl Pts',(-98.9520207694376,-34.8585898314546,1.83445320960948));
#3147=CARTESIAN_POINT('Ctrl Pts',(-98.4329176217502,-36.3326382277764,1.83380733994184));
#3148=CARTESIAN_POINT('Ctrl Pts',(-97.8803655742203,-37.7971003329812,1.83315883676262));
#3149=CARTESIAN_POINT('Ctrl Pts',(-97.2947583003108,-39.2487820378786,1.83251577209639));
#3150=CARTESIAN_POINT('Ctrl Pts',(-97.1765161152156,-39.5418965951889,1.83238592847135));
#3151=CARTESIAN_POINT('Ctrl Pts',(-97.0569264583511,-39.8344901545199,1.8322563065917));
#3152=CARTESIAN_POINT('Ctrl Pts',(-96.9359928163081,-40.1265365057328,1.83212697291079));
#3153=CARTESIAN_POINT('Ctrl Pts',(-96.3367707401722,-41.573616226026,1.83148612892828));
#3154=CARTESIAN_POINT('Ctrl Pts',(-95.704547871081,-43.0072590998892,1.83085236324516));
#3155=CARTESIAN_POINT('Ctrl Pts',(-95.0410085633675,-44.4250890754046,1.83023675831862));
#3156=CARTESIAN_POINT('Ctrl Pts',(-94.3767561837525,-45.8444427205878,1.82962049183283));
#3157=CARTESIAN_POINT('Ctrl Pts',(-93.6811204021942,-47.2479489284344,1.82902242796718));
#3158=CARTESIAN_POINT('Ctrl Pts',(-92.9558339656772,-48.6332532514998,1.82845362881207));
#3159=CARTESIAN_POINT('Ctrl Pts',(-92.8074407274987,-48.9166858155356,1.82833725279254));
#3160=CARTESIAN_POINT('Ctrl Pts',(-92.6578064169878,-49.199356544569,1.82822210155263));
#3161=CARTESIAN_POINT('Ctrl Pts',(-92.5069460733957,-49.4812454556108,1.82810826938132));
#3162=CARTESIAN_POINT('Ctrl Pts',(-91.7701340894859,-50.8580097055214,1.82755230546145));
#3163=CARTESIAN_POINT('Ctrl Pts',(-91.0040729060148,-52.2161218229389,1.82702781221876));
#3164=CARTESIAN_POINT('Ctrl Pts',(-90.2094965007156,-53.5546255475582,1.82653813215811));
#3165=CARTESIAN_POINT('Ctrl Pts',(-89.4163833103539,-54.8906644133787,1.82604935384481));
#3166=CARTESIAN_POINT('Ctrl Pts',(-88.5948599662402,-56.2071668660652,1.82559526148181));
#3167=CARTESIAN_POINT('Ctrl Pts',(-87.7456957765076,-57.5032156922794,1.82517910157442));
#3168=CARTESIAN_POINT('Ctrl Pts',(-87.1641466697361,-58.3908132220982,1.82489409494631));
#3169=CARTESIAN_POINT('Ctrl Pts',(-86.5696343272838,-59.2688183354321,1.82462687770907));
#3170=CARTESIAN_POINT('Ctrl Pts',(-85.9624160185755,-60.1369462102985,1.82437846843544));
#3171=CARTESIAN_POINT('Ctrl Pts',(-85.1401394001225,-61.3125386505998,1.82404208013064));
#3172=CARTESIAN_POINT('Ctrl Pts',(-84.2928961063495,-62.472397123337,1.82373852000379));
#3173=CARTESIAN_POINT('Ctrl Pts',(-83.4211157628314,-63.6155584497246,1.82347099851195));
#3174=CARTESIAN_POINT('Ctrl Pts',(-82.5493359441128,-64.7587190879452,1.82320347718116));
#3175=CARTESIAN_POINT('Ctrl Pts',(-81.6530192058269,-65.8851824150565,1.82297199529315));
#3176=CARTESIAN_POINT('Ctrl Pts',(-80.732641101597,-66.9940098534173,1.82277972872719));
#3177=CARTESIAN_POINT('Ctrl Pts',(-79.812728580716,-68.1022763792684,1.82258755942138));
#3178=CARTESIAN_POINT('Ctrl Pts',(-78.8687791394803,-69.1929246728888,1.82243456662058));
#3179=CARTESIAN_POINT('Ctrl Pts',(-77.9013119197494,-70.265044899444,1.82232387411377));
#3180=CARTESIAN_POINT('Ctrl Pts',(-76.9351292428571,-71.3357416314033,1.82221332857759));
#3181=CARTESIAN_POINT('Ctrl Pts',(-75.945491314121,-72.3879592893891,1.82214497191633));
#3182=CARTESIAN_POINT('Ctrl Pts',(-74.9329577144229,-73.420821577724,1.82212185574411));
#3183=CARTESIAN_POINT('Ctrl Pts',(-74.6658916656055,-73.6932495252018,1.82211575861826));
#3184=CARTESIAN_POINT('Ctrl Pts',(-74.3972330020932,-73.9643311000799,1.82211280848713));
#3185=CARTESIAN_POINT('Ctrl Pts',(-74.1269924697475,-74.2340505938387,1.82211306053993));
#3186=CARTESIAN_POINT('Ctrl Pts',(-73.1040516654981,-75.2550191120416,1.82211401463476));
#3187=CARTESIAN_POINT('Ctrl Pts',(-72.0584419602365,-76.2564684850464,1.82216085760933));
#3188=CARTESIAN_POINT('Ctrl Pts',(-70.9927727799152,-77.2359825523839,1.8222510468007));
#3189=CARTESIAN_POINT('Ctrl Pts',(-69.9320250768606,-78.2109730243094,1.82234081948003));
#3190=CARTESIAN_POINT('Ctrl Pts',(-68.8514034599603,-79.164229729169,1.82247353811931));
#3191=CARTESIAN_POINT('Ctrl Pts',(-67.7535149418385,-80.0934083812343,1.82264662057737));
#3192=CARTESIAN_POINT('Ctrl Pts',(-67.3207044366102,-80.4597099457463,1.82271485328486));
#3193=CARTESIAN_POINT('Ctrl Pts',(-66.8852107920295,-80.8222700105213,1.8227893581838));
#3194=CARTESIAN_POINT('Ctrl Pts',(-66.447194801705,-81.1809469198192,1.82286997429803));
#3195=CARTESIAN_POINT('Ctrl Pts',(-65.3216970557302,-82.1025800607666,1.82307712028553));
#3196=CARTESIAN_POINT('Ctrl Pts',(-64.1795434146914,-82.9985715958693,1.82332461961114));
#3197=CARTESIAN_POINT('Ctrl Pts',(-63.0213834064327,-83.8689214451079,1.82360975390308));
#3198=CARTESIAN_POINT('Ctrl Pts',(-61.8541667071919,-84.746077339776,1.82389711791557));
#3199=CARTESIAN_POINT('Ctrl Pts',(-60.6706924012477,-85.5971889399733,1.82422270704894));
#3200=CARTESIAN_POINT('Ctrl Pts',(-59.471653334075,-86.4223011377047,1.82458368739379));
#3201=CARTESIAN_POINT('Ctrl Pts',(-59.0383754602537,-86.7204589446392,1.82471412917888));
#3202=CARTESIAN_POINT('Ctrl Pts',(-58.6030654454132,-87.0152222537175,1.82484919181223));
#3203=CARTESIAN_POINT('Ctrl Pts',(-58.1657568385409,-87.3065946138354,1.82498874024473));
#3204=CARTESIAN_POINT('Ctrl Pts',(-57.6694083157538,-87.6373044106535,1.82514712875398));
#3205=CARTESIAN_POINT('Ctrl Pts',(-57.1704851274121,-87.9636458026654,1.82531129598976));
#3206=CARTESIAN_POINT('Ctrl Pts',(-56.6690807489257,-88.2855745159754,1.82548084150774));
#3207=CARTESIAN_POINT('Ctrl Pts',(-55.6788001596152,-88.9213881817733,1.82581569625307));
#3208=CARTESIAN_POINT('Ctrl Pts',(-54.6770441001932,-89.5411384236061,1.82617456187496));
#3209=CARTESIAN_POINT('Ctrl Pts',(-53.664616330479,-90.1442136945564,1.82655356490523));
#3210=CARTESIAN_POINT('Ctrl Pts',(-52.6516731535871,-90.747595979333,1.82693276087854));
#3211=CARTESIAN_POINT('Ctrl Pts',(-51.6280476203523,-91.3342861567303,1.82733211350944));
#3212=CARTESIAN_POINT('Ctrl Pts',(-50.5945753102851,-91.9037139890857,1.82774766885108));
#3213=CARTESIAN_POINT('Ctrl Pts',(-49.5619037549564,-92.4727006175205,1.82816290221224));
#3214=CARTESIAN_POINT('Ctrl Pts',(-48.5194009079784,-93.0244515002675,1.82859431189428));
#3215=CARTESIAN_POINT('Ctrl Pts',(-47.4679275271086,-93.5584420908072,1.82903789785828));
#3216=CARTESIAN_POINT('Ctrl Pts',(-46.4178408654173,-94.091728436231,1.82948089880589));
#3217=CARTESIAN_POINT('Ctrl Pts',(-45.3588075511904,-94.6073011736138,1.82993604263985));
#3218=CARTESIAN_POINT('Ctrl Pts',(-44.2917084907326,-95.1046841230674,1.83039930939368));
#3219=CARTESIAN_POINT('Ctrl Pts',(-43.2276921411733,-95.6006301976367,1.8308612378299));
#3220=CARTESIAN_POINT('Ctrl Pts',(-42.1556568192358,-96.0784913175095,1.83133124102825));
#3221=CARTESIAN_POINT('Ctrl Pts',(-41.0764956852822,-96.5378432634456,1.83180531762297));
#3222=CARTESIAN_POINT('Ctrl Pts',(-40.7383511951199,-96.6817766619683,1.83195386484486));
#3223=CARTESIAN_POINT('Ctrl Pts',(-40.3995072108096,-96.8238931525799,1.83210281195929));
#3224=CARTESIAN_POINT('Ctrl Pts',(-40.0599915554153,-96.964180681265,1.83225203584991));
#3225=CARTESIAN_POINT('Ctrl Pts',(-39.5465463821353,-97.1763357124994,1.83247770522675));
#3226=CARTESIAN_POINT('Ctrl Pts',(-39.0315650614775,-97.3843077708553,1.83270400749012));
#3227=CARTESIAN_POINT('Ctrl Pts',(-38.5151584906457,-97.5880749571138,1.83293035671661));
#3228=CARTESIAN_POINT('Ctrl Pts',(-37.3716036455651,-98.0393065375696,1.83343159502233));
#3229=CARTESIAN_POINT('Ctrl Pts',(-36.2191126651771,-98.4706839095665,1.83392599684182));
#3230=CARTESIAN_POINT('Ctrl Pts',(-35.0587503994619,-98.8818278527286,1.83441346519282));
#3231=CARTESIAN_POINT('Ctrl Pts',(-33.8946647777838,-99.2942910694467,1.83490249772618));
#3232=CARTESIAN_POINT('Ctrl Pts',(-32.7226575604142,-99.6863906965881,1.83538455015412));
#3233=CARTESIAN_POINT('Ctrl Pts',(-31.5438258329848,-100.057791485723,1.83585950938956));
#3234=CARTESIAN_POINT('Ctrl Pts',(-30.3618689577294,-100.430176878802,1.83633572776809));
#3235=CARTESIAN_POINT('Ctrl Pts',(-29.1730516364381,-100.781753445287,1.83680481325126));
#3236=CARTESIAN_POINT('Ctrl Pts',(-27.9784973554998,-101.112232561436,1.83726666760134));
#3237=CARTESIAN_POINT('Ctrl Pts',(-26.7836805054565,-101.442784318575,1.83772862346935));
#3238=CARTESIAN_POINT('Ctrl Pts',(-25.583124480167,-101.75222927866,1.83818334305572));
#3239=CARTESIAN_POINT('Ctrl Pts',(-24.3779666031825,-102.040329103991,1.83863077393679));
#3240=CARTESIAN_POINT('Ctrl Pts',(-23.1744816069697,-102.328029017686,1.83907758373864));
#3241=CARTESIAN_POINT('Ctrl Pts',(-21.9664078340157,-102.594442962185,1.83951712320095));
#3242=CARTESIAN_POINT('Ctrl Pts',(-20.754886323436,-102.839384821388,1.83994941450555));
#3243=CARTESIAN_POINT('Ctrl Pts',(-20.1435104995961,-102.96299098905,1.840167563709));
#3244=CARTESIAN_POINT('Ctrl Pts',(-19.5312567928219,-103.081129972718,1.84038386847597));
#3245=CARTESIAN_POINT('Ctrl Pts',(-18.9182722749205,-103.193782880099,1.84059834110753));
#3246=CARTESIAN_POINT('Ctrl Pts',(-17.7212191356843,-103.413774596832,1.84101716920088));
#3247=CARTESIAN_POINT('Ctrl Pts',(-16.5193050708035,-103.613224712416,1.8414091824999));
#3248=CARTESIAN_POINT('Ctrl Pts',(-15.3136182043852,-103.791810658832,1.8417690989242));
#3249=CARTESIAN_POINT('Ctrl Pts',(-14.0474915465138,-103.979348927496,1.84214705757341));
#3250=CARTESIAN_POINT('Ctrl Pts',(-12.7772045900056,-104.143878228367,1.84248961787755));
#3251=CARTESIAN_POINT('Ctrl Pts',(-11.5040324365718,-104.285085046082,1.84279070829358));
#3252=CARTESIAN_POINT('Ctrl Pts',(-10.2955249950088,-104.419119936451,1.84307650625686));
#3253=CARTESIAN_POINT('Ctrl Pts',(-9.08441838760378,-104.532141677275,1.84332493828523));
#3254=CARTESIAN_POINT('Ctrl Pts',(-7.87181127359575,-104.623934593506,1.8435308830175));
#3255=CARTESIAN_POINT('Ctrl Pts',(-6.66257830671178,-104.715472090812,1.84373625469703));
#3256=CARTESIAN_POINT('Ctrl Pts',(-5.45185346875014,-104.7858986968,1.84389937320588));
#3257=CARTESIAN_POINT('Ctrl Pts',(-4.24072964051715,-104.83505218748,1.8440152596355));
#3258=CARTESIAN_POINT('Ctrl Pts',(-3.03573164363454,-104.883957061142,1.84413055991471));
#3259=CARTESIAN_POINT('Ctrl Pts',(-1.83033896985721,-104.911803456289,1.84419910283216));
#3260=CARTESIAN_POINT('Ctrl Pts',(-0.625626978372051,-104.918483219931,
1.84421611236776));
#3261=CARTESIAN_POINT('Ctrl Pts',(-0.417835026085135,-104.919635363463,
1.84421904621803));
#3262=CARTESIAN_POINT('Ctrl Pts',(-0.21006331577517,-104.920157918995,1.84422044728402));
#3263=CARTESIAN_POINT('Ctrl Pts',(-0.00231735277059306,-104.920050488427,
1.84422029150779));
#3264=CARTESIAN_POINT('Ctrl Pts',(-0.00154452504270633,-104.920050088779,
1.84422029092829));
#3265=CARTESIAN_POINT('Ctrl Pts',(-0.000771697646733154,-104.920049680569,
1.84422029032803));
#3266=CARTESIAN_POINT('Ctrl Pts',(1.12941702544575E-6,-104.920049263798,
1.84422028970701));
#3267=CARTESIAN_POINT('Ctrl Pts',(0.459263277601249,-104.919801592369,1.84421992065846));
#3268=CARTESIAN_POINT('Ctrl Pts',(0.918395717546629,-104.91653037801,1.84421267580349));
#3269=CARTESIAN_POINT('Ctrl Pts',(1.37734012084606,-104.910247202038,1.84418615001152));
#3270=CARTESIAN_POINT('Ctrl Pts',(2.60793637743347,-104.89339973037,1.84411502475091));
#3271=CARTESIAN_POINT('Ctrl Pts',(3.83927793184585,-104.854856634176,1.84399549081728));
#3272=CARTESIAN_POINT('Ctrl Pts',(5.07022846067801,-104.794633036734,1.84383398900303));
#3273=CARTESIAN_POINT('Ctrl Pts',(6.36141973711775,-104.731462192877,1.84366458354863));
#3274=CARTESIAN_POINT('Ctrl Pts',(7.65218043956721,-104.644436460309,1.84344900307744));
#3275=CARTESIAN_POINT('Ctrl Pts',(8.94119651885095,-104.533634590246,1.84319483095257));
#3276=CARTESIAN_POINT('Ctrl Pts',(10.1746412563647,-104.427609548564,1.84295161655448));
#3277=CARTESIAN_POINT('Ctrl Pts',(11.4064882415492,-104.299814661361,1.84267306905974));
#3278=CARTESIAN_POINT('Ctrl Pts',(12.6355887156594,-104.150372268904,1.84236593453851));
#3279=CARTESIAN_POINT('Ctrl Pts',(13.8640451190005,-104.00100818695,1.84205896096129));
#3280=CARTESIAN_POINT('Ctrl Pts',(15.0897575797107,-103.830019323128,1.84172343219674));
#3281=CARTESIAN_POINT('Ctrl Pts',(16.311586357576,-103.637579366467,1.84136615436739));
#3282=CARTESIAN_POINT('Ctrl Pts',(17.5307460550079,-103.445559794177,1.84100965701012));
#3283=CARTESIAN_POINT('Ctrl Pts',(18.7460387174996,-103.232182806878,1.84063150735905));
#3284=CARTESIAN_POINT('Ctrl Pts',(19.956343810217,-102.997671498359,1.8402385093617));
#3285=CARTESIAN_POINT('Ctrl Pts',(20.1242959237465,-102.96512873691,1.84018397365441));
#3286=CARTESIAN_POINT('Ctrl Pts',(20.2921520160065,-102.932179077631,1.84012915205844));
#3287=CARTESIAN_POINT('Ctrl Pts',(20.4599091156931,-102.898823192756,1.84007406278891));
#3288=CARTESIAN_POINT('Ctrl Pts',(20.8520086706889,-102.820860306889,1.83994530234832));
#3289=CARTESIAN_POINT('Ctrl Pts',(21.2435674165295,-102.740678175656,1.8398150796154));
#3290=CARTESIAN_POINT('Ctrl Pts',(21.6345483382218,-102.658288854418,1.83968367463343));
#3291=CARTESIAN_POINT('Ctrl Pts',(22.8248390836421,-102.407465243471,1.83928362919575));
#3292=CARTESIAN_POINT('Ctrl Pts',(24.0118061135714,-102.135753782114,1.83886226996806));
#3293=CARTESIAN_POINT('Ctrl Pts',(25.1943458589334,-101.84332103935,1.83842423874807));
#3294=CARTESIAN_POINT('Ctrl Pts',(26.3779943990766,-101.550614100391,1.83798579681315));
#3295=CARTESIAN_POINT('Ctrl Pts',(27.557207050359,-101.237147056643,1.83753065388234));
#3296=CARTESIAN_POINT('Ctrl Pts',(28.7308847454703,-100.903138582031,1.83706354645841));
#3297=CARTESIAN_POINT('Ctrl Pts',(29.9037242264426,-100.569368648739,1.83659677263208));
#3298=CARTESIAN_POINT('Ctrl Pts',(31.0710363591425,-100.215086687081,1.83611805372093));
#3299=CARTESIAN_POINT('Ctrl Pts',(32.231736470091,-99.8405614780669,1.8356321630259));
#3300=CARTESIAN_POINT('Ctrl Pts',(33.3905902980269,-99.4666320125399,1.83514704521934));
#3301=CARTESIAN_POINT('Ctrl Pts',(34.542852833368,-99.0725237331349,1.83465478075693));
#3302=CARTESIAN_POINT('Ctrl Pts',(35.6874609507596,-98.6585533868323,1.83416013212525));
#3303=CARTESIAN_POINT('Ctrl Pts',(36.827905054421,-98.2460890391153,1.83366728299478));
#3304=CARTESIAN_POINT('Ctrl Pts',(37.9607500572202,-97.8139069794554,1.83317206930183));
#3305=CARTESIAN_POINT('Ctrl Pts',(39.0849648707012,-97.3623680060556,1.83267917904238));
#3306=CARTESIAN_POINT('Ctrl Pts',(39.4364889261767,-97.2211789652857,1.83252506011348));
#3307=CARTESIAN_POINT('Ctrl Pts',(39.7871693639496,-97.0780977174324,1.83237116804552));
#3308=CARTESIAN_POINT('Ctrl Pts',(40.1369751401152,-96.9331362257093,1.83221764515406));
#3309=CARTESIAN_POINT('Ctrl Pts',(40.4552878741584,-96.8012256287285,1.83207794394084));
#3310=CARTESIAN_POINT('Ctrl Pts',(40.7728763516676,-96.6677581113277,1.83193854840301));
#3311=CARTESIAN_POINT('Ctrl Pts',(41.0897196109054,-96.5327482958767,1.83179949240521));
#3312=CARTESIAN_POINT('Ctrl Pts',(42.2110432076555,-96.0549420385419,1.83130736651313));
#3313=CARTESIAN_POINT('Ctrl Pts',(43.3248928404703,-95.5570229457654,1.8308085201354));
#3314=CARTESIAN_POINT('Ctrl Pts',(44.4302767573849,-95.0394694531804,1.83031195796964));
#3315=CARTESIAN_POINT('Ctrl Pts',(45.53963385489,-94.5200556716408,1.82981361096594));
#3316=CARTESIAN_POINT('Ctrl Pts',(46.6404640032634,-93.9808662156712,1.82931756558188));
#3317=CARTESIAN_POINT('Ctrl Pts',(47.7317825430336,-93.4224340792326,1.82883289744443));
#3318=CARTESIAN_POINT('Ctrl Pts',(48.8268162123823,-92.8621008958749,1.82834657937173));
#3319=CARTESIAN_POINT('Ctrl Pts',(49.9122731320376,-92.2823939320192,1.82787171706546));
#3320=CARTESIAN_POINT('Ctrl Pts',(50.9871805089017,-91.6838992846866,1.82741743831228));
#3321=CARTESIAN_POINT('Ctrl Pts',(52.0628451453906,-91.0849830049028,1.82696283952506));
#3322=CARTESIAN_POINT('Ctrl Pts',(53.1279451083534,-90.4672527255819,1.826528854159));
#3323=CARTESIAN_POINT('Ctrl Pts',(54.1815314850408,-89.8313411103028,1.82612457510419));
#3324=CARTESIAN_POINT('Ctrl Pts',(55.2344579238493,-89.1958278127807,1.8257205492788));
#3325=CARTESIAN_POINT('Ctrl Pts',(56.2758849436209,-88.5421561270494,1.82534619334085));
#3326=CARTESIAN_POINT('Ctrl Pts',(57.3048951510473,-87.871000195339,1.8250105167448));
#3327=CARTESIAN_POINT('Ctrl Pts',(57.872669269531,-87.5006783416374,1.82482530139703));
#3328=CARTESIAN_POINT('Ctrl Pts',(58.4366636725897,-87.1250341979195,1.82465186062129));
#3329=CARTESIAN_POINT('Ctrl Pts',(58.9967285558917,-86.7441862721938,1.82449169792986));
#3330=CARTESIAN_POINT('Ctrl Pts',(60.0052826917047,-86.0583626077252,1.82420328001677));
#3331=CARTESIAN_POINT('Ctrl Pts',(61.0028452593979,-85.3544720405893,1.82393754150706));
#3332=CARTESIAN_POINT('Ctrl Pts',(61.9884310364194,-84.6330649105968,1.82369615979493));
#3333=CARTESIAN_POINT('Ctrl Pts',(62.9741221654523,-83.911580667385,1.82345475228083));
#3334=CARTESIAN_POINT('Ctrl Pts',(63.9478336808141,-83.1725762752849,1.82323770783767));
#3335=CARTESIAN_POINT('Ctrl Pts',(64.9086065676708,-82.4166471032084,1.82304666074567));
#3336=CARTESIAN_POINT('Ctrl Pts',(65.8674450903855,-81.6622398748759,1.82285599829676));
#3337=CARTESIAN_POINT('Ctrl Pts',(66.813396783902,-80.8909761265913,1.82269122966507));
#3338=CARTESIAN_POINT('Ctrl Pts',(67.7455386386822,-80.1034897610965,1.8225539200262));
#3339=CARTESIAN_POINT('Ctrl Pts',(68.6755038413292,-79.3178422615087,1.8224169310202));
#3340=CARTESIAN_POINT('Ctrl Pts',(69.5917233857646,-78.5160480009224,1.82230727394121));
#3341=CARTESIAN_POINT('Ctrl Pts',(70.4933144688028,-77.6987757276885,1.82222642852538));
#3342=CARTESIAN_POINT('Ctrl Pts',(71.39062545205,-76.8853832697629,1.82214596690489));
#3343=CARTESIAN_POINT('Ctrl Pts',(72.2734463208897,-76.0566596022158,1.82209404500109));
#3344=CARTESIAN_POINT('Ctrl Pts',(73.1409436214986,-75.2133001078814,1.82207203294564));
#3345=CARTESIAN_POINT('Ctrl Pts',(73.4863638499947,-74.8774910753543,1.82206326818151));
#3346=CARTESIAN_POINT('Ctrl Pts',(73.8293549942756,-74.5393619566099,1.82205924448023));
#3347=CARTESIAN_POINT('Ctrl Pts',(74.1698661901694,-74.1989581511367,1.82206004388309));
#3348=CARTESIAN_POINT('Ctrl Pts',(74.3416790180196,-74.0271995096159,1.82206044724035));
#3349=CARTESIAN_POINT('Ctrl Pts',(74.5128604821115,-73.8548617596664,1.82206207848308));
#3350=CARTESIAN_POINT('Ctrl Pts',(74.6834058402398,-73.6819525444647,1.82206490876413));
#3351=CARTESIAN_POINT('Ctrl Pts',(75.537522991927,-72.8159968362041,1.82207908324307));
#3352=CARTESIAN_POINT('Ctrl Pts',(76.3770830426197,-71.9342860617589,1.82211673462618));
#3353=CARTESIAN_POINT('Ctrl Pts',(77.2013672582358,-71.0376488357435,1.82217931897777));
#3354=CARTESIAN_POINT('Ctrl Pts',(78.0289341860325,-70.1374407516581,1.82224215257156));
#3355=CARTESIAN_POINT('Ctrl Pts',(78.841103170196,-69.2221873094775,1.82233011699477));
#3356=CARTESIAN_POINT('Ctrl Pts',(79.6371822283161,-68.2927659177993,1.82244458905593));
#3357=CARTESIAN_POINT('Ctrl Pts',(80.4364867975506,-67.3595787455768,1.82255952492895));
#3358=CARTESIAN_POINT('Ctrl Pts',(81.2195705949023,-66.4121088120955,1.82270118253196));
#3359=CARTESIAN_POINT('Ctrl Pts',(81.9857717329349,-65.4512799338874,1.82287087530251));
#3360=CARTESIAN_POINT('Ctrl Pts',(82.7528027953961,-64.4894103167426,1.8230407518788));
#3361=CARTESIAN_POINT('Ctrl Pts',(83.5029144288618,-63.5141530543568,1.82323872320545));
#3362=CARTESIAN_POINT('Ctrl Pts',(84.2354839191496,-62.5264669922137,1.82346604440364));
#3363=CARTESIAN_POINT('Ctrl Pts',(84.9680090348266,-61.5388407580939,1.82369335183209));
#3364=CARTESIAN_POINT('Ctrl Pts',(85.6829939684165,-60.5387874939832,1.82395000440375));
#3365=CARTESIAN_POINT('Ctrl Pts',(86.3798599609314,-59.5272939677145,1.82423721216841));
#3366=CARTESIAN_POINT('Ctrl Pts',(86.768992510801,-58.9624722383128,1.82439759004738));
#3367=CARTESIAN_POINT('Ctrl Pts',(87.1524761067545,-58.3940837470456,1.82456749478346));
#3368=CARTESIAN_POINT('Ctrl Pts',(87.5302162108031,-57.8223036533595,1.82474713303397));
#3369=CARTESIAN_POINT('Ctrl Pts',(88.2079112548021,-56.7964858183048,1.82506941798804));
#3370=CARTESIAN_POINT('Ctrl Pts',(88.8683029656194,-55.7579530243781,1.82543343202207));
#3371=CARTESIAN_POINT('Ctrl Pts',(89.5106931740609,-54.7076140797945,1.82583002525959));
#3372=CARTESIAN_POINT('Ctrl Pts',(90.1534872822064,-53.656614739733,1.82622686785318));
#3373=CARTESIAN_POINT('Ctrl Pts',(90.7782570626184,-52.5937946502047,1.82665632987046));
#3374=CARTESIAN_POINT('Ctrl Pts',(91.384344630895,-51.5200958015625,1.82710917186481));
#3375=CARTESIAN_POINT('Ctrl Pts',(91.9896103215768,-50.4478529290421,1.82756139978834));
#3376=CARTESIAN_POINT('Ctrl Pts',(92.5762442704352,-49.3647610456864,1.82803694347871));
#3377=CARTESIAN_POINT('Ctrl Pts',(93.1436353035927,-48.2717858011315,1.82852654101534));
#3378=CARTESIAN_POINT('Ctrl Pts',(93.7098749688851,-47.181028456579,1.82901514504513));
#3379=CARTESIAN_POINT('Ctrl Pts',(94.2569495845661,-46.0804280876543,1.82951774503968));
#3380=CARTESIAN_POINT('Ctrl Pts',(94.7842979234863,-44.9709678948686,1.83002508863078));
#3381=CARTESIAN_POINT('Ctrl Pts',(95.3092983983721,-43.8664472486634,1.83053017342312));
#3382=CARTESIAN_POINT('Ctrl Pts',(95.8147477330702,-42.7531457639209,1.83103995871489));
#3383=CARTESIAN_POINT('Ctrl Pts',(96.3001400554473,-41.6320527856422,1.83154528270178));
#3384=CARTESIAN_POINT('Ctrl Pts',(96.5098305606961,-41.1477382585912,1.83176358372806));
#3385=CARTESIAN_POINT('Ctrl Pts',(96.7157785281324,-40.6619698576399,1.83198105183231));
#3386=CARTESIAN_POINT('Ctrl Pts',(96.91794604363,-40.1748282709242,1.83219694717264));
#3387=CARTESIAN_POINT('Ctrl Pts',(96.9706116775002,-40.047925487429,1.83225318897251));
#3388=CARTESIAN_POINT('Ctrl Pts',(97.0230207685863,-39.9209295183381,1.83230932403713));
#3389=CARTESIAN_POINT('Ctrl Pts',(97.075173001496,-39.7938418813976,1.83236533491759));
#3390=CARTESIAN_POINT('Ctrl Pts',(97.5253500801926,-38.6968238259028,1.83284881976828));
#3391=CARTESIAN_POINT('Ctrl Pts',(97.9571090427606,-37.5912040115579,1.83333971757856));
#3392=CARTESIAN_POINT('Ctrl Pts',(98.3700742854189,-36.4779365821665,1.83383203911429));
#3393=CARTESIAN_POINT('Ctrl Pts',(98.7840731218307,-35.3618828014257,1.83432559286138));
#3394=CARTESIAN_POINT('Ctrl Pts',(99.1791839476134,-34.2381433335388,1.83482057530961));
#3395=CARTESIAN_POINT('Ctrl Pts',(99.5550758540523,-33.1077015556876,1.83531091328047));
#3396=CARTESIAN_POINT('Ctrl Pts',(99.9317618150244,-31.9748717710642,1.83580228706796));
#3397=CARTESIAN_POINT('Ctrl Pts',(100.289147482344,-30.835311596349,1.83628899451481));
#3398=CARTESIAN_POINT('Ctrl Pts',(100.626948914019,-29.6900288262077,1.83676491785116));
#3399=CARTESIAN_POINT('Ctrl Pts',(100.96481356657,-28.544531711858,1.83724093025844));
#3400=CARTESIAN_POINT('Ctrl Pts',(101.283086582524,-27.3933101351191,1.83770615227502));
#3401=CARTESIAN_POINT('Ctrl Pts',(101.581534074073,-26.2373865395598,1.83815449020141));
#3402=CARTESIAN_POINT('Ctrl Pts',(101.879662060009,-25.0827004282773,1.83860234815564));
#3403=CARTESIAN_POINT('Ctrl Pts',(102.158006894314,-23.9233226374658,1.83903335592598));
#3404=CARTESIAN_POINT('Ctrl Pts',(102.416386447368,-22.7602822368836,1.83944150029595));
#3405=CARTESIAN_POINT('Ctrl Pts',(102.583356033719,-22.0087042876986,1.83970525064236));
#3406=CARTESIAN_POINT('Ctrl Pts',(102.741989193848,-21.2555970297285,1.83995945459963));
#3407=CARTESIAN_POINT('Ctrl Pts',(102.892248280647,-20.5012395479847,1.84020250961418));
#3408=CARTESIAN_POINT('Ctrl Pts',(102.907544676064,-20.4244458540235,1.84022725264763));
#3409=CARTESIAN_POINT('Ctrl Pts',(102.922754296499,-20.3476392042872,1.84025188015758));
#3410=CARTESIAN_POINT('Ctrl Pts',(102.937877125969,-20.2708199427154,1.84027639068516));
#3411=CARTESIAN_POINT('Ctrl Pts',(103.201808856297,-18.9301289913733,1.84070416155751));
#3412=CARTESIAN_POINT('Ctrl Pts',(103.439807724397,-17.5830091392249,1.84112012110275));
#3413=CARTESIAN_POINT('Ctrl Pts',(103.65156194645,-16.2309915841201,1.84151165041931));
#3414=CARTESIAN_POINT('Ctrl Pts',(103.864488503917,-14.8714888509373,1.84190534736058));
#3415=CARTESIAN_POINT('Ctrl Pts',(104.050878911164,-13.5070344149536,1.8422743404582));
#3416=CARTESIAN_POINT('Ctrl Pts',(104.210466269256,-12.1392014433846,1.84260580949861));
#3417=CARTESIAN_POINT('Ctrl Pts',(104.3701561532,-10.770489716486,1.84293749148914));
#3418=CARTESIAN_POINT('Ctrl Pts',(104.503008478506,-9.3983955129614,1.84323159870414));
#3419=CARTESIAN_POINT('Ctrl Pts',(104.608807012671,-8.02450550295405,1.84347533209357));
#3420=CARTESIAN_POINT('Ctrl Pts',(104.714318275339,-6.65434597412782,1.84371840368126));
#3421=CARTESIAN_POINT('Ctrl Pts',(104.792922437697,-5.28240078017523,1.84391137210611));
#3422=CARTESIAN_POINT('Ctrl Pts',(104.844456510887,-3.91024808330522,1.84404162540695));
#3423=CARTESIAN_POINT('Ctrl Pts',(104.89293157211,-2.61954502275546,1.84416414699979));
#3424=CARTESIAN_POINT('Ctrl Pts',(104.917455276534,-1.32865867206542,1.84423117680754));
#3425=CARTESIAN_POINT('Ctrl Pts',(104.917934061137,-0.0389012948959438,
1.84423231600601));
#3426=CARTESIAN_POINT('',(105.999992713268,-0.0393037789588924,0.));
#3427=CARTESIAN_POINT('Origin',(107.408102618662,-0.0398258925841399,2.06572656025218));
#3428=CARTESIAN_POINT('',(-106.,-1.4210854715202E-13,0.));
#3429=CARTESIAN_POINT('Ctrl Pts',(-105.999229474555,0.0054588021535551,
0.));
#3430=CARTESIAN_POINT('Ctrl Pts',(-105.998732685044,-6.91333673339573,0.));
#3431=CARTESIAN_POINT('Ctrl Pts',(-105.321868073071,-13.8436097812655,0.));
#3432=CARTESIAN_POINT('Ctrl Pts',(-103.974951226205,-20.630642044338,0.));
#3433=CARTESIAN_POINT('Ctrl Pts',(-103.301492802772,-24.0241581758742,0.));
#3434=CARTESIAN_POINT('Ctrl Pts',(-102.460521320615,-27.381864111211,0.));
#3435=CARTESIAN_POINT('Ctrl Pts',(-101.453998448794,-30.7055953259757,0.));
#3436=CARTESIAN_POINT('Ctrl Pts',(-100.447475576972,-34.0293265407404,0.));
#3437=CARTESIAN_POINT('Ctrl Pts',(-99.2754013154851,-37.3190830349329,0.));
#3438=CARTESIAN_POINT('Ctrl Pts',(-97.9410602159346,-40.5432268667712,0.));
#3439=CARTESIAN_POINT('Ctrl Pts',(-96.606719116384,-43.7673706986096,0.));
#3440=CARTESIAN_POINT('Ctrl Pts',(-95.1101111787699,-46.9259018680938,0.));
#3441=CARTESIAN_POINT('Ctrl Pts',(-93.4678482981524,-49.995815104547,0.));
#3442=CARTESIAN_POINT('Ctrl Pts',(-88.5410596562999,-59.2055548139064,0.));
#3443=CARTESIAN_POINT('Ctrl Pts',(-82.3033765274172,-67.617733125986,0.));
#3444=CARTESIAN_POINT('Ctrl Pts',(-74.8993309117318,-75.0074956052822,0.));
#3445=CARTESIAN_POINT('Ctrl Pts',(-72.4313157065033,-77.4707497650476,0.));
#3446=CARTESIAN_POINT('Ctrl Pts',(-69.8337046694079,-79.8204021656148,0.));
#3447=CARTESIAN_POINT('Ctrl Pts',(-67.1394271019274,-82.0263486284504,0.));
#3448=CARTESIAN_POINT('Ctrl Pts',(-64.4451495344468,-84.2322950912859,0.));
#3449=CARTESIAN_POINT('Ctrl Pts',(-61.6542054365813,-86.2945356163899,0.));
#3450=CARTESIAN_POINT('Ctrl Pts',(-58.7713179599157,-88.2148266785631,0.));
#3451=CARTESIAN_POINT('Ctrl Pts',(-53.0055430065848,-92.0554088029096,0.));
#3452=CARTESIAN_POINT('Ctrl Pts',(-46.8719945380541,-95.3281930755334,0.));
#3453=CARTESIAN_POINT('Ctrl Pts',(-40.4759747089367,-97.9695494575677,0.));
#3454=CARTESIAN_POINT('Ctrl Pts',(-27.683935050702,-103.252262221636,0.));
#3455=CARTESIAN_POINT('Ctrl Pts',(-13.8420099501203,-106.009263423347,0.));
#3456=CARTESIAN_POINT('Ctrl Pts',(-0.0023322399979181,-106.002144684166,
0.));
#3457=CARTESIAN_POINT('Ctrl Pts',(6.93219771369557,-105.998577757889,0.));
#3458=CARTESIAN_POINT('Ctrl Pts',(13.8683467555389,-105.313405212988,0.));
#3459=CARTESIAN_POINT('Ctrl Pts',(20.6718011914065,-103.961801928094,0.));
#3460=CARTESIAN_POINT('Ctrl Pts',(27.4752556272742,-102.610198643201,0.));
#3461=CARTESIAN_POINT('Ctrl Pts',(34.1460154571661,-100.592164618315,0.));
#3462=CARTESIAN_POINT('Ctrl Pts',(40.5537596121161,-97.9382395223677,0.));
#3463=CARTESIAN_POINT('Ctrl Pts',(53.369247922016,-92.6303893304722,0.));
#3464=CARTESIAN_POINT('Ctrl Pts',(65.1326735321482,-84.7789748543277,0.));
#3465=CARTESIAN_POINT('Ctrl Pts',(74.9426806537992,-74.972065891436,0.));
#3466=CARTESIAN_POINT('Ctrl Pts',(84.7526877754501,-65.1651569285444,0.));
#3467=CARTESIAN_POINT('Ctrl Pts',(92.6092764086199,-53.4027534789057,0.));
#3468=CARTESIAN_POINT('Ctrl Pts',(97.9229028312356,-40.5920070581559,0.));
#3469=CARTESIAN_POINT('Ctrl Pts',(100.579716042543,-34.186633847781,0.));
#3470=CARTESIAN_POINT('Ctrl Pts',(102.600788701213,-27.5191748946283,0.));
#3471=CARTESIAN_POINT('Ctrl Pts',(103.955215954738,-20.7135473050552,0.));
#3472=CARTESIAN_POINT('Ctrl Pts',(105.309643208264,-13.9079197154822,0.));
#3473=CARTESIAN_POINT('Ctrl Pts',(105.997425056646,-6.96412348948866,0.));
#3474=CARTESIAN_POINT('Ctrl Pts',(105.999992713268,-0.0393037789588946,
0.));
#3475=CARTESIAN_POINT('Ctrl Pts',(106.,3.5527136788005E-14,7.81658078807171E-17));
#3476=CARTESIAN_POINT('Ctrl Pts',(106.,6.92279576061909,7.81647886233735E-17));
#3477=CARTESIAN_POINT('Ctrl Pts',(105.31291965039,13.8809524171186,7.80716926572763E-17));
#3478=CARTESIAN_POINT('Ctrl Pts',(103.961450728677,20.6864738018555,7.79370181635712E-17));
#3479=CARTESIAN_POINT('Ctrl Pts',(102.609981806963,27.4919951865925,7.78023436698661E-17));
#3480=CARTESIAN_POINT('Ctrl Pts',(100.594124313146,34.1448812995668,7.76260906485531E-17));
#3481=CARTESIAN_POINT('Ctrl Pts',(97.9327300060347,40.5619308052163,7.74620049985916E-17));
#3482=CARTESIAN_POINT('Ctrl Pts',(95.2713356989234,46.9789803108659,7.72979193486301E-17));
#3483=CARTESIAN_POINT('Ctrl Pts',(91.9644045785179,53.1601932091905,7.71460010700202E-17));
#3484=CARTESIAN_POINT('Ctrl Pts',(88.1016475633148,58.9401515515256,7.70381739949761E-17));
#3485=CARTESIAN_POINT('Ctrl Pts',(84.2388905481117,64.7201098938608,7.69303469199321E-17));
#3486=CARTESIAN_POINT('Ctrl Pts',(79.8203076381108,70.0988136802063,7.68666110484538E-17));
#3487=CARTESIAN_POINT('Ctrl Pts',(74.9149860461026,74.9946316041459,7.68679092683145E-17));
#3488=CARTESIAN_POINT('Ctrl Pts',(65.1043428620861,84.786267452025,7.68705057080358E-17));
#3489=CARTESIAN_POINT('Ctrl Pts',(53.3467449500401,92.6463598502801,7.71332385131128E-17));
#3490=CARTESIAN_POINT('Ctrl Pts',(40.5310163706878,97.9507438472141,7.74607059597218E-17));
#3491=CARTESIAN_POINT('Ctrl Pts',(34.1231520810117,100.602935845681,7.76244396830264E-17));
#3492=CARTESIAN_POINT('Ctrl Pts',(27.450755124509,102.616200743818,7.7804357066714E-17));
#3493=CARTESIAN_POINT('Ctrl Pts',(20.6526941364032,103.965526909245,7.79390634102008E-17));
#3494=CARTESIAN_POINT('Ctrl Pts',(13.8546331482975,105.314853074671,7.80737697536875E-17));
#3495=CARTESIAN_POINT('Ctrl Pts',(6.9309081285886,106.000240507388,7.81632650569735E-17));
#3496=CARTESIAN_POINT('Ctrl Pts',(-0.00166573571907025,106.003500819584,
7.81647195528445E-17));
#3497=CARTESIAN_POINT('Ctrl Pts',(-13.8417653553188,106.010009664127,7.81676232893422E-17));
#3498=CARTESIAN_POINT('Ctrl Pts',(-27.6771809073824,103.252967746235,7.77917164502505E-17));
#3499=CARTESIAN_POINT('Ctrl Pts',(-40.4664215753389,97.9734083280144,7.74643326342983E-17));
#3500=CARTESIAN_POINT('Ctrl Pts',(-50.0583520763063,94.0137387643489,7.72187947723342E-17));
#3501=CARTESIAN_POINT('Ctrl Pts',(-59.0618092049635,88.6351531067484,7.70005511108861E-17));
#3502=CARTESIAN_POINT('Ctrl Pts',(-67.1200391358875,82.0424219389789,7.69144151613958E-17));
#3503=CARTESIAN_POINT('Ctrl Pts',(-69.8061157795288,79.8448448830557,7.68857031782324E-17));
#3504=CARTESIAN_POINT('Ctrl Pts',(-72.3871671789775,77.5123627704472,7.6871669829731E-17));
#3505=CARTESIAN_POINT('Ctrl Pts',(-74.8557229855244,75.0499626873852,7.68714136960046E-17));
#3506=CARTESIAN_POINT('Ctrl Pts',(-77.3242787920713,72.5875626043233,7.68711575622782E-17));
#3507=CARTESIAN_POINT('Ctrl Pts',(-79.6803390057163,69.995244550808,7.6884678643327E-17));
#3508=CARTESIAN_POINT('Ctrl Pts',(-81.8941222889133,67.301821524416,7.69128317441732E-17));
#3509=CARTESIAN_POINT('Ctrl Pts',(-84.1079055721103,64.608398498024,7.69409848450194E-17));
#3510=CARTESIAN_POINT('Ctrl Pts',(-86.1794119248593,61.8138704987553,7.69837699656631E-17));
#3511=CARTESIAN_POINT('Ctrl Pts',(-88.1053795393519,58.93476995677,7.70372525192846E-17));
#3512=CARTESIAN_POINT('Ctrl Pts',(-90.0313471538444,56.0556694147847,7.70907350729062E-17));
#3513=CARTESIAN_POINT('Ctrl Pts',(-91.8117760300805,53.0919963300828,7.71549150595056E-17));
#3514=CARTESIAN_POINT('Ctrl Pts',(-93.4505038004318,50.030540419493,7.7227118470896E-17));
#3515=CARTESIAN_POINT('Ctrl Pts',(-95.0892315707832,46.9690845089032,7.72993218822865E-17));
#3516=CARTESIAN_POINT('Ctrl Pts',(-96.5862582352498,43.8098457724254,7.73795487184679E-17));
#3517=CARTESIAN_POINT('Ctrl Pts',(-97.9221139896357,40.5869073273268,7.74622476196478E-17));
#3518=CARTESIAN_POINT('Ctrl Pts',(-100.593825498407,34.1410304371297,7.76276454220078E-17));
#3519=CARTESIAN_POINT('Ctrl Pts',(-102.620853366856,27.4403547124497,7.7802931484362E-17));
#3520=CARTESIAN_POINT('Ctrl Pts',(-103.972328563,20.6362265502416,7.79374517474243E-17));
#3521=CARTESIAN_POINT('Ctrl Pts',(-105.323803759143,13.8320983880336,7.80719720104866E-17));
#3522=CARTESIAN_POINT('Ctrl Pts',(-105.999726282982,6.92451778829738,7.8165726474257E-17));
#3523=CARTESIAN_POINT('Ctrl Pts',(-105.999229474555,0.0054588021535501,
7.8165773357804E-17));
#3524=CARTESIAN_POINT('Origin',(-20.0036491761049,79.5902149170393,159.96360937649));
#3525=CARTESIAN_POINT('',(-20.0036491761048,69.5902149170393,156.96360937649));
#3526=CARTESIAN_POINT('',(-20.0036491761049,69.5902149170393,159.96360937649));
#3527=CARTESIAN_POINT('',(-20.0036491761042,69.5902149170393,109.981804688245));
#3528=CARTESIAN_POINT('',(-20.0036491761048,79.5902149170393,156.96360937649));
#3529=CARTESIAN_POINT('',(-20.0036491761048,79.5902149170393,156.96360937649));
#3530=CARTESIAN_POINT('',(-20.0036491761049,79.5902149170393,159.96360937649));
#3531=CARTESIAN_POINT('',(-20.0036491761042,79.5902149170393,109.981804688245));
#3532=CARTESIAN_POINT('',(-20.0036491761049,79.5902149170393,159.96360937649));
#3533=CARTESIAN_POINT('Origin',(-18.5036491761049,79.5902149170393,159.96360937649));
#3534=CARTESIAN_POINT('',(-17.0036491761049,69.5902149170393,159.96360937649));
#3535=CARTESIAN_POINT('Origin',(-18.5036491761049,69.5902149170393,159.96360937649));
#3536=CARTESIAN_POINT('',(-17.0036491761049,79.5902149170393,159.96360937649));
#3537=CARTESIAN_POINT('Origin',(-18.5036491761049,79.5902149170393,159.96360937649));
#3538=CARTESIAN_POINT('',(-17.0036491761049,79.5902149170393,159.96360937649));
#3539=CARTESIAN_POINT('Origin',(-17.0036491761048,79.5902149170393,156.96360937649));
#3540=CARTESIAN_POINT('',(-17.0036491761048,69.5902149170393,156.96360937649));
#3541=CARTESIAN_POINT('',(-17.0036491761042,69.5902149170393,108.481804688245));
#3542=CARTESIAN_POINT('',(-17.0036491761048,79.5902149170393,156.96360937649));
#3543=CARTESIAN_POINT('',(-17.0036491761042,79.5902149170393,108.481804688245));
#3544=CARTESIAN_POINT('',(-17.0036491761048,79.5902149170393,156.96360937649));
#3545=CARTESIAN_POINT('Origin',(-18.5036491761048,79.5902149170393,156.96360937649));
#3546=CARTESIAN_POINT('Origin',(-18.5036491761048,69.5902149170393,156.96360937649));
#3547=CARTESIAN_POINT('Origin',(-18.5036491761048,79.5902149170393,156.96360937649));
#3548=CARTESIAN_POINT('Origin',(-18.5036491761038,79.5902149170393,81.46360937649));
#3549=CARTESIAN_POINT('',(-16.2536491761038,68.9440345303284,81.4636093764901));
#3550=CARTESIAN_POINT('',(-20.7536491761038,68.9440345303283,81.46360937649));
#3551=CARTESIAN_POINT('Ctrl Pts',(-16.2536491761038,68.9440345303283,81.46360937649));
#3552=CARTESIAN_POINT('Ctrl Pts',(-16.2536491761038,68.832112421264,81.1675732960957));
#3553=CARTESIAN_POINT('Ctrl Pts',(-16.3150713935211,68.697453625038,80.8578774777484));
#3554=CARTESIAN_POINT('Ctrl Pts',(-16.5574061196566,68.4190753223591,80.293600125986));
#3555=CARTESIAN_POINT('Ctrl Pts',(-16.7380477085091,68.2758669909541,80.038650270604));
#3556=CARTESIAN_POINT('Ctrl Pts',(-17.139507058292,68.0446045220021,79.6550642248404));
#3557=CARTESIAN_POINT('Ctrl Pts',(-17.3812180301224,67.9376027019278,79.4919204442493));
#3558=CARTESIAN_POINT('Ctrl Pts',(-17.9205178782427,67.7875820840606,79.2710388607425));
#3559=CARTESIAN_POINT('Ctrl Pts',(-18.2186460373596,67.7460523082675,79.21360937649));
#3560=CARTESIAN_POINT('Ctrl Pts',(-18.5036491761038,67.7460523082675,79.21360937649));
#3561=CARTESIAN_POINT('Ctrl Pts',(-18.798001404091,67.7460523082675,79.21360937649));
#3562=CARTESIAN_POINT('Ctrl Pts',(-19.1048162726989,67.7903231583952,79.2747787934301));
#3563=CARTESIAN_POINT('Ctrl Pts',(-19.6569716437357,67.948682792931,79.5085569533558));
#3564=CARTESIAN_POINT('Ctrl Pts',(-19.9028970757382,68.0611538300701,79.680876760785));
#3565=CARTESIAN_POINT('Ctrl Pts',(-20.2947738426057,68.2951894667453,80.0727535276525));
#3566=CARTESIAN_POINT('Ctrl Pts',(-20.4661383642179,68.4345659993719,80.3232723846375));
#3567=CARTESIAN_POINT('Ctrl Pts',(-20.6957000964128,68.7048960260758,80.8748435699227));
#3568=CARTESIAN_POINT('Ctrl Pts',(-20.7536491761038,68.8353841485992,81.1762270763412));
#3569=CARTESIAN_POINT('Ctrl Pts',(-20.7536491761038,68.9440345303283,81.46360937649));
#3570=CARTESIAN_POINT('',(-16.2536491761038,79.5902149170393,81.4636093764901));
#3571=CARTESIAN_POINT('',(-16.2536491761038,79.5902149170393,81.4636093764901));
#3572=CARTESIAN_POINT('',(-20.7536491761038,79.5902149170393,81.46360937649));
#3573=CARTESIAN_POINT('Origin',(-18.5036491761038,79.5902149170393,81.46360937649));
#3574=CARTESIAN_POINT('',(-20.7536491761038,79.5902149170393,81.46360937649));
#3575=CARTESIAN_POINT('Origin',(-20.7536491761038,79.5902149170393,84.46360937649));
#3576=CARTESIAN_POINT('',(-20.7536491761038,69.5758188095943,84.46360937649));
#3577=CARTESIAN_POINT('Origin',(-20.7536491761038,59.5902149170393,85.));
#3578=CARTESIAN_POINT('',(-20.7536491761038,79.5902149170393,84.46360937649));
#3579=CARTESIAN_POINT('',(-20.7536491761037,79.5902149170393,72.2318046882446));
#3580=CARTESIAN_POINT('',(-20.7536491761038,79.5902149170393,84.46360937649));
#3581=CARTESIAN_POINT('Origin',(-18.5036491761038,79.5902149170393,84.46360937649));
#3582=CARTESIAN_POINT('',(-16.3185210107528,69.5902149170393,85.));
#3583=CARTESIAN_POINT('',(-16.2536491761038,69.5758188095944,84.4636093764901));
#3584=CARTESIAN_POINT('Ctrl Pts',(-16.3185210107527,69.5902149170393,85.));
#3585=CARTESIAN_POINT('Ctrl Pts',(-16.2745513659101,69.5902149170393,84.8208780967543));
#3586=CARTESIAN_POINT('Ctrl Pts',(-16.2536491761038,69.5852140239151,84.6385134195145));
#3587=CARTESIAN_POINT('Ctrl Pts',(-16.2536491761038,69.5758188095944,84.4636093764901));
#3588=CARTESIAN_POINT('',(-20.6887773414549,69.5902149170393,85.));
#3589=CARTESIAN_POINT('Origin',(-18.5036491761038,69.5902149170393,84.46360937649));
#3590=CARTESIAN_POINT('Ctrl Pts',(-20.7536491761038,69.5758188095944,84.46360937649));
#3591=CARTESIAN_POINT('Ctrl Pts',(-20.7536491761038,69.5852134066837,84.6385019289559));
#3592=CARTESIAN_POINT('Ctrl Pts',(-20.7327484877879,69.5902149170393,84.8208719800389));
#3593=CARTESIAN_POINT('Ctrl Pts',(-20.6887773414549,69.5902149170393,85.));
#3594=CARTESIAN_POINT('',(-16.2536491761038,79.5902149170393,84.4636093764901));
#3595=CARTESIAN_POINT('Origin',(-18.5036491761038,79.5902149170393,84.46360937649));
#3596=CARTESIAN_POINT('',(-16.2536491761038,79.5902149170393,84.4636093764901));
#3597=CARTESIAN_POINT('Origin',(-16.2536491761038,79.5902149170393,81.4636093764901));
#3598=CARTESIAN_POINT('Origin',(-16.2536491761038,59.5902149170393,85.));
#3599=CARTESIAN_POINT('',(-16.2536491761036,79.5902149170393,70.7318046882446));
#3600=CARTESIAN_POINT('Origin',(21.4963508238951,79.5902149170393,159.963609376491));
#3601=CARTESIAN_POINT('',(21.4963508238952,69.5902149170393,156.963609376491));
#3602=CARTESIAN_POINT('',(21.4963508238951,69.5902149170393,159.963609376491));
#3603=CARTESIAN_POINT('',(21.4963508238958,69.5902149170393,109.981804688246));
#3604=CARTESIAN_POINT('',(21.4963508238952,79.5902149170393,156.963609376491));
#3605=CARTESIAN_POINT('',(21.4963508238952,79.5902149170393,156.963609376491));
#3606=CARTESIAN_POINT('',(21.4963508238951,79.5902149170393,159.963609376491));
#3607=CARTESIAN_POINT('',(21.4963508238958,79.5902149170393,109.981804688245));
#3608=CARTESIAN_POINT('',(21.4963508238951,79.5902149170393,159.963609376491));
#3609=CARTESIAN_POINT('Origin',(22.9963508238951,79.5902149170393,159.963609376491));
#3610=CARTESIAN_POINT('',(24.4963508238951,69.5902149170393,159.963609376491));
#3611=CARTESIAN_POINT('Origin',(22.9963508238951,69.5902149170393,159.963609376491));
#3612=CARTESIAN_POINT('',(24.4963508238951,79.5902149170393,159.963609376491));
#3613=CARTESIAN_POINT('Origin',(22.9963508238951,79.5902149170393,159.963609376491));
#3614=CARTESIAN_POINT('',(24.4963508238951,79.5902149170393,159.963609376491));
#3615=CARTESIAN_POINT('Origin',(24.4963508238951,79.5902149170393,156.963609376491));
#3616=CARTESIAN_POINT('',(24.4963508238951,69.5902149170393,156.963609376491));
#3617=CARTESIAN_POINT('',(24.4963508238958,69.5902149170393,108.481804688246));
#3618=CARTESIAN_POINT('',(24.4963508238951,79.5902149170393,156.963609376491));
#3619=CARTESIAN_POINT('',(24.4963508238958,79.5902149170393,108.481804688245));
#3620=CARTESIAN_POINT('',(24.4963508238951,79.5902149170393,156.963609376491));
#3621=CARTESIAN_POINT('Origin',(22.9963508238951,79.5902149170393,156.963609376491));
#3622=CARTESIAN_POINT('Origin',(22.9963508238951,69.5902149170393,156.963609376491));
#3623=CARTESIAN_POINT('Origin',(22.9963508238951,79.5902149170393,156.963609376491));
#3624=CARTESIAN_POINT('Origin',(22.9963508238962,79.5902149170393,81.4636093764906));
#3625=CARTESIAN_POINT('',(24.4963508238962,68.9440345303286,81.4636093764906));
#3626=CARTESIAN_POINT('',(21.4963508238962,68.9440345303285,81.4636093764906));
#3627=CARTESIAN_POINT('Ctrl Pts',(24.4963508238962,68.9440345303286,81.4636093764906));
#3628=CARTESIAN_POINT('Ctrl Pts',(24.4963508238962,68.8706197506382,81.2694259054659));
#3629=CARTESIAN_POINT('Ctrl Pts',(24.4566128043076,68.7855588027632,81.0645010278293));
#3630=CARTESIAN_POINT('Ctrl Pts',(24.2968989973404,68.6155474371145,80.688866246315));
#3631=CARTESIAN_POINT('Ctrl Pts',(24.1770115334662,68.5308524282838,80.5180032554722));
#3632=CARTESIAN_POINT('Ctrl Pts',(23.9082766726705,68.3962741863715,80.2594730418301));
#3633=CARTESIAN_POINT('Ctrl Pts',(23.7455420650419,68.3354997664162,80.1495130356023));
#3634=CARTESIAN_POINT('Ctrl Pts',(23.38410548478,68.2517485208108,80.001493546838));
#3635=CARTESIAN_POINT('Ctrl Pts',(23.1851964648511,68.229356627153,79.9636093764906));
#3636=CARTESIAN_POINT('Ctrl Pts',(22.9963508238962,68.229356627153,79.9636093764906));
#3637=CARTESIAN_POINT('Ctrl Pts',(22.8023185841429,68.229356627153,79.9636093764906));
#3638=CARTESIAN_POINT('Ctrl Pts',(22.5984687208897,68.2529870569347,80.0035676212963));
#3639=CARTESIAN_POINT('Ctrl Pts',(22.2296868731871,68.3407427173693,80.1589029535001));
#3640=CARTESIAN_POINT('Ctrl Pts',(22.0645324085778,68.4042371487541,80.2741074482494));
#3641=CARTESIAN_POINT('Ctrl Pts',(21.801261059641,68.5405180193389,80.5373787971862));
#3642=CARTESIAN_POINT('Ctrl Pts',(21.6866644279797,68.6234661525597,80.7056792712406));
#3643=CARTESIAN_POINT('Ctrl Pts',(21.5341695311147,68.7895450801421,81.0740424157958));
#3644=CARTESIAN_POINT('Ctrl Pts',(21.4963508238962,68.872441231745,81.2742437572011));
#3645=CARTESIAN_POINT('Ctrl Pts',(21.4963508238962,68.9440345303285,81.4636093764906));
#3646=CARTESIAN_POINT('',(24.4963508238962,79.5902149170393,81.4636093764906));
#3647=CARTESIAN_POINT('',(24.4963508238962,79.5902149170393,81.4636093764906));
#3648=CARTESIAN_POINT('',(21.4963508238962,79.5902149170393,81.4636093764906));
#3649=CARTESIAN_POINT('Origin',(22.9963508238962,79.5902149170393,81.4636093764906));
#3650=CARTESIAN_POINT('',(21.4963508238962,79.5902149170393,81.4636093764906));
#3651=CARTESIAN_POINT('Origin',(21.4963508238962,79.5902149170393,84.4636093764906));
#3652=CARTESIAN_POINT('',(21.4963508238962,69.5758188095944,84.4636093764906));
#3653=CARTESIAN_POINT('Origin',(21.4963508238962,59.5902149170393,85.));
#3654=CARTESIAN_POINT('',(21.4963508238962,79.5902149170393,84.4636093764906));
#3655=CARTESIAN_POINT('',(21.4963508238963,79.5902149170393,72.2318046882452));
#3656=CARTESIAN_POINT('',(21.4963508238962,79.5902149170393,84.4636093764906));
#3657=CARTESIAN_POINT('Origin',(24.4963508238962,79.5902149170393,81.4636093764906));
#3658=CARTESIAN_POINT('',(24.4963508238962,69.5758188095944,84.4636093764906));
#3659=CARTESIAN_POINT('Origin',(24.4963508238962,59.5902149170393,85.));
#3660=CARTESIAN_POINT('',(24.4963508238962,79.5902149170393,84.4636093764906));
#3661=CARTESIAN_POINT('',(24.4963508238962,79.5902149170393,84.4636093764906));
#3662=CARTESIAN_POINT('',(24.4963508238963,79.5902149170393,70.7318046882452));
#3663=CARTESIAN_POINT('Origin',(22.9963508238962,79.5902149170393,84.4636093764906));
#3664=CARTESIAN_POINT('',(24.3971666929565,69.5902149170393,85.));
#3665=CARTESIAN_POINT('Ctrl Pts',(24.3971666929565,69.5902149170393,85.));
#3666=CARTESIAN_POINT('Ctrl Pts',(24.4638687699223,69.5902149170393,84.8258035770617));
#3667=CARTESIAN_POINT('Ctrl Pts',(24.4963508238962,69.5852468811111,84.639125098635));
#3668=CARTESIAN_POINT('Ctrl Pts',(24.4963508238962,69.5758188095944,84.4636093764906));
#3669=CARTESIAN_POINT('',(21.5955349548358,69.5902149170393,85.));
#3670=CARTESIAN_POINT('Origin',(22.9963508238962,69.5902149170393,84.4636093764906));
#3671=CARTESIAN_POINT('Ctrl Pts',(21.4963508238962,69.5758188095944,84.4636093764906));
#3672=CARTESIAN_POINT('Ctrl Pts',(21.4963508238962,69.5852468811111,84.639125098635));
#3673=CARTESIAN_POINT('Ctrl Pts',(21.52883287787,69.5902149170393,84.8258035770616));
#3674=CARTESIAN_POINT('Ctrl Pts',(21.5955349548358,69.5902149170393,85.));
#3675=CARTESIAN_POINT('Origin',(22.9963508238962,79.5902149170393,84.4636093764906));
#3676=CARTESIAN_POINT('Origin',(-17.9410437235463,59.5902149170393,85.));
#3677=CARTESIAN_POINT('',(-37.9410437235463,69.5902149170393,85.));
#3678=CARTESIAN_POINT('',(-17.9410437235463,69.5902149170393,85.));
#3679=CARTESIAN_POINT('',(-37.9410437235463,59.5902149170393,75.));
#3680=CARTESIAN_POINT('Origin',(-37.9410437235463,59.5902149170393,85.));
#3681=CARTESIAN_POINT('',(42.0589562764537,59.5902149170393,75.));
#3682=CARTESIAN_POINT('',(-17.9410437235463,59.5902149170393,75.));
#3683=CARTESIAN_POINT('',(42.0589562764537,69.5902149170393,85.));
#3684=CARTESIAN_POINT('Origin',(42.0589562764537,59.5902149170393,85.));
#3685=CARTESIAN_POINT('',(-17.9410437235463,69.5902149170393,85.));
#3686=CARTESIAN_POINT('',(15.1127951621677,69.5902149170393,85.));
#3687=CARTESIAN_POINT('',(-17.9410437235463,69.5902149170393,85.));
#3688=CARTESIAN_POINT('',(-11.0907646163443,69.5902149170393,85.));
#3689=CARTESIAN_POINT('',(-17.9410437235463,69.5902149170393,85.));
#3690=CARTESIAN_POINT('',(-17.9410437235463,69.5902149170393,85.));
#3691=CARTESIAN_POINT('Origin',(1.9528904093646,69.5902149170393,140.15118142959));
#3692=CARTESIAN_POINT('',(22.7449189702707,79.5902149170393,140.15118142959));
#3693=CARTESIAN_POINT('',(-12.8955626713567,79.5902149170393,154.705627237904));
#3694=CARTESIAN_POINT('Origin',(1.9528904093646,79.5902149170393,140.15118142959));
#3695=CARTESIAN_POINT('',(22.7449189702707,69.5902149170393,140.15118142959));
#3696=CARTESIAN_POINT('',(22.7449189702707,69.5902149170393,140.15118142959));
#3697=CARTESIAN_POINT('',(-12.8955626713567,69.5902149170393,154.705627237904));
#3698=CARTESIAN_POINT('Origin',(1.9528904093646,69.5902149170393,140.15118142959));
#3699=CARTESIAN_POINT('',(-12.8955626713567,69.5902149170393,154.705627237904));
#3700=CARTESIAN_POINT('Ctrl Pts',(-18.5036491761046,69.5902149170393,140.512270344809));
#3701=CARTESIAN_POINT('Ctrl Pts',(-18.5036491761046,134.590214917039,140.512270344809));
#3702=CARTESIAN_POINT('Ctrl Pts',(-18.5036491747535,69.5902149170393,142.567267092878));
#3703=CARTESIAN_POINT('Ctrl Pts',(-18.5036491747535,134.590214917039,142.567267092878));
#3704=CARTESIAN_POINT('Ctrl Pts',(-18.1973618697707,69.5902149170393,144.609871037616));
#3705=CARTESIAN_POINT('Ctrl Pts',(-18.1973618697707,134.590214917039,144.609871037616));
#3706=CARTESIAN_POINT('Ctrl Pts',(-16.944501204677,69.5902149170393,148.701991361854));
#3707=CARTESIAN_POINT('Ctrl Pts',(-16.944501204677,134.590214917039,148.701991361854));
#3708=CARTESIAN_POINT('Ctrl Pts',(-15.9558832752376,69.5902149170393,150.709946420502));
#3709=CARTESIAN_POINT('Ctrl Pts',(-15.9558832752376,134.590214917039,150.709946420502));
#3710=CARTESIAN_POINT('Ctrl Pts',(-14.1270481555474,69.5902149170393,153.292058072084));
#3711=CARTESIAN_POINT('Ctrl Pts',(-14.1270481555474,134.590214917039,153.292058072084));
#3712=CARTESIAN_POINT('Ctrl Pts',(-13.5340461393776,69.5902149170393,154.020188180641));
#3713=CARTESIAN_POINT('Ctrl Pts',(-13.5340461393776,134.590214917039,154.020188180641));
#3714=CARTESIAN_POINT('Ctrl Pts',(-12.8955626713567,69.5902149170393,154.705627237904));
#3715=CARTESIAN_POINT('Ctrl Pts',(-12.8955626713567,134.590214917039,154.705627237904));
#3716=CARTESIAN_POINT('',(-18.5036491761046,79.5902149170393,140.512270344809));
#3717=CARTESIAN_POINT('Ctrl Pts',(-12.8955626713567,79.5902149170393,154.705627237904));
#3718=CARTESIAN_POINT('Ctrl Pts',(-13.5340461393776,79.5902149170393,154.020188180641));
#3719=CARTESIAN_POINT('Ctrl Pts',(-14.1270481555474,79.5902149170393,153.292058072084));
#3720=CARTESIAN_POINT('Ctrl Pts',(-14.6699930238004,79.5902149170393,152.525480344333));
#3721=CARTESIAN_POINT('Ctrl Pts',(-15.9558832752376,79.5902149170393,150.709946420502));
#3722=CARTESIAN_POINT('Ctrl Pts',(-16.944501204677,79.5902149170393,148.701991361854));
#3723=CARTESIAN_POINT('Ctrl Pts',(-17.595746244057,79.5902149170393,146.574880873069));
#3724=CARTESIAN_POINT('Ctrl Pts',(-18.1973618697707,79.5902149170393,144.609871037616));
#3725=CARTESIAN_POINT('Ctrl Pts',(-18.5036491747535,79.5902149170393,142.567267092878));
#3726=CARTESIAN_POINT('Ctrl Pts',(-18.5036491761046,79.5902149170393,140.512270344809));
#3727=CARTESIAN_POINT('',(-18.5036491761046,69.5902149170393,140.512270344809));
#3728=CARTESIAN_POINT('Ctrl Pts',(-18.5036491761046,69.5902149170393,140.512270344809));
#3729=CARTESIAN_POINT('Ctrl Pts',(-18.5036491747535,69.5902149170393,142.567267092878));
#3730=CARTESIAN_POINT('Ctrl Pts',(-18.1973618697707,69.5902149170393,144.609871037616));
#3731=CARTESIAN_POINT('Ctrl Pts',(-16.944501204677,69.5902149170393,148.701991361854));
#3732=CARTESIAN_POINT('Ctrl Pts',(-15.9558832752376,69.5902149170393,150.709946420502));
#3733=CARTESIAN_POINT('Ctrl Pts',(-14.1270481555474,69.5902149170393,153.292058072084));
#3734=CARTESIAN_POINT('Ctrl Pts',(-13.5340461393776,69.5902149170393,154.020188180641));
#3735=CARTESIAN_POINT('Ctrl Pts',(-12.8955626713567,69.5902149170393,154.705627237904));
#3736=CARTESIAN_POINT('',(-18.5036491761046,69.5902149170393,140.512270344809));
#3737=CARTESIAN_POINT('Origin',(-18.5036491761041,69.5902149170393,100.914948408171));
#3738=CARTESIAN_POINT('',(-18.503649176104,79.5902149170393,100.914948408171));
#3739=CARTESIAN_POINT('',(-18.5036491761038,79.5902149170393,80.4574742040851));
#3740=CARTESIAN_POINT('',(-18.503649176104,69.5902149170393,100.914948408171));
#3741=CARTESIAN_POINT('',(-18.5036491761038,69.5902149170393,80.4574742040856));
#3742=CARTESIAN_POINT('',(-18.503649176104,69.5902149170393,100.914948408171));
#3743=CARTESIAN_POINT('Ctrl Pts',(-8.58252247416665,69.5902149170393,83.1721507512082));
#3744=CARTESIAN_POINT('Ctrl Pts',(-8.58252247416665,134.590214917039,83.1721507512082));
#3745=CARTESIAN_POINT('Ctrl Pts',(-9.14850345719581,69.5902149170393,83.5244647429818));
#3746=CARTESIAN_POINT('Ctrl Pts',(-9.14850345719581,134.590214917039,83.5244647429818));
#3747=CARTESIAN_POINT('Ctrl Pts',(-9.6983098427229,69.5902149170393,83.9035315068291));
#3748=CARTESIAN_POINT('Ctrl Pts',(-9.6983098427229,134.590214917039,83.9035315068291));
#3749=CARTESIAN_POINT('Ctrl Pts',(-11.9340460894142,69.5902149170393,85.6060822473837));
#3750=CARTESIAN_POINT('Ctrl Pts',(-11.9340460894142,134.590214917039,85.6060822473837));
#3751=CARTESIAN_POINT('Ctrl Pts',(-13.4321132427315,69.5902149170393,87.153989925723));
#3752=CARTESIAN_POINT('Ctrl Pts',(-13.4321132427315,134.590214917039,87.153989925723));
#3753=CARTESIAN_POINT('Ctrl Pts',(-15.9558832752405,69.5902149170393,90.7172723324851));
#3754=CARTESIAN_POINT('Ctrl Pts',(-15.9558832752405,134.590214917039,90.7172723324851));
#3755=CARTESIAN_POINT('Ctrl Pts',(-16.9445012046785,69.5902149170393,92.725227391132));
#3756=CARTESIAN_POINT('Ctrl Pts',(-16.9445012046785,134.590214917039,92.725227391132));
#3757=CARTESIAN_POINT('Ctrl Pts',(-18.1973618697705,69.5902149170393,96.8173477153675));
#3758=CARTESIAN_POINT('Ctrl Pts',(-18.1973618697705,134.590214917039,96.8173477153675));
#3759=CARTESIAN_POINT('Ctrl Pts',(-18.5036491747529,69.5902149170393,98.8599516601036));
#3760=CARTESIAN_POINT('Ctrl Pts',(-18.5036491747529,134.590214917039,98.8599516601036));
#3761=CARTESIAN_POINT('Ctrl Pts',(-18.503649176104,69.5902149170393,100.914948408171));
#3762=CARTESIAN_POINT('Ctrl Pts',(-18.503649176104,134.590214917039,100.914948408171));
#3763=CARTESIAN_POINT('',(-8.5825224741663,79.5902149170393,83.1721507512082));
#3764=CARTESIAN_POINT('Ctrl Pts',(-18.503649176104,79.5902149170393,100.914948408171));
#3765=CARTESIAN_POINT('Ctrl Pts',(-18.5036491747529,79.5902149170393,98.8599516601036));
#3766=CARTESIAN_POINT('Ctrl Pts',(-18.1973618697705,79.5902149170393,96.8173477153675));
#3767=CARTESIAN_POINT('Ctrl Pts',(-17.5957462440576,79.5902149170393,94.852337879915));
#3768=CARTESIAN_POINT('Ctrl Pts',(-16.9445012046785,79.5902149170393,92.725227391132));
#3769=CARTESIAN_POINT('Ctrl Pts',(-15.9558832752405,79.5902149170393,90.7172723324851));
#3770=CARTESIAN_POINT('Ctrl Pts',(-14.669993023805,79.5902149170393,88.9017384086546));
#3771=CARTESIAN_POINT('Ctrl Pts',(-13.4321132427315,79.5902149170393,87.153989925723));
#3772=CARTESIAN_POINT('Ctrl Pts',(-11.9340460894142,79.5902149170393,85.6060822473837));
#3773=CARTESIAN_POINT('Ctrl Pts',(-10.2299419666961,79.5902149170393,84.308378307391));
#3774=CARTESIAN_POINT('Ctrl Pts',(-9.6983098427229,79.5902149170393,83.9035315068291));
#3775=CARTESIAN_POINT('Ctrl Pts',(-9.14850345719581,79.5902149170393,83.5244647429818));
#3776=CARTESIAN_POINT('Ctrl Pts',(-8.58252247416665,79.5902149170393,83.1721507512082));
#3777=CARTESIAN_POINT('Ctrl Pts',(-11.090764703021,69.5902149170393,84.9999998976896));
#3778=CARTESIAN_POINT('Ctrl Pts',(-12.4417234400327,69.5902149170393,86.1445177292752));
#3779=CARTESIAN_POINT('Ctrl Pts',(-13.6450454440985,69.5902149170393,87.4546264960883));
#3780=CARTESIAN_POINT('Ctrl Pts',(-14.669993023805,69.5902149170393,88.9017384086546));
#3781=CARTESIAN_POINT('Ctrl Pts',(-15.9558832752405,69.5902149170393,90.7172723324851));
#3782=CARTESIAN_POINT('Ctrl Pts',(-16.9445012046785,69.5902149170393,92.725227391132));
#3783=CARTESIAN_POINT('Ctrl Pts',(-17.5957462440576,69.5902149170393,94.852337879915));
#3784=CARTESIAN_POINT('Ctrl Pts',(-18.1973618697705,69.5902149170393,96.8173477153675));
#3785=CARTESIAN_POINT('Ctrl Pts',(-18.5036491747529,69.5902149170393,98.8599516601036));
#3786=CARTESIAN_POINT('Ctrl Pts',(-18.503649176104,69.5902149170393,100.914948408171));
#3787=CARTESIAN_POINT('',(-8.5825224741663,69.5902149170393,83.1721507512082));
#3788=CARTESIAN_POINT('Ctrl Pts',(-11.090764703021,69.5902149170393,84.9999998976896));
#3789=CARTESIAN_POINT('Ctrl Pts',(-10.8101038931186,69.5902149170393,84.7622270532938));
#3790=CARTESIAN_POINT('Ctrl Pts',(-10.5230711119951,69.5902149170393,84.5316010798202));
#3791=CARTESIAN_POINT('Ctrl Pts',(-10.2299419666961,69.5902149170393,84.308378307391));
#3792=CARTESIAN_POINT('Ctrl Pts',(-9.69830984272298,69.5902149170393,83.9035315068292));
#3793=CARTESIAN_POINT('Ctrl Pts',(-9.14850345719598,69.5902149170393,83.524464742982));
#3794=CARTESIAN_POINT('Ctrl Pts',(-8.58252247416692,69.5902149170393,83.1721507512084));
#3795=CARTESIAN_POINT('',(-8.5825224741663,69.5902149170393,83.1721507512082));
#3796=CARTESIAN_POINT('Origin',(1.9528904093646,69.5902149170393,101.097371169687));
#3797=CARTESIAN_POINT('',(22.7449189702707,79.5902149170393,101.097371169687));
#3798=CARTESIAN_POINT('Origin',(1.9528904093646,79.5902149170393,101.097371169687));
#3799=CARTESIAN_POINT('Origin',(1.9528904093646,69.5902149170393,101.097371169687));
#3800=CARTESIAN_POINT('',(22.7449189702707,69.5902149170393,101.097371169687));
#3801=CARTESIAN_POINT('Origin',(1.9528904093646,69.5902149170393,101.097371169687));
#3802=CARTESIAN_POINT('',(22.7449189702707,69.5902149170393,101.097371169687));
#3803=CARTESIAN_POINT('Origin',(22.7449189702707,69.5902149170393,140.15118142959));
#3804=CARTESIAN_POINT('',(22.7449189702707,79.5902149170393,100.075590714795));
#3805=CARTESIAN_POINT('',(22.7449189702707,69.5902149170393,100.075590714795));
#3806=CARTESIAN_POINT('Origin',(2.1206326818838,69.5902149170393,120.624276299639));
#3807=CARTESIAN_POINT('Origin',(-37.9410437235463,69.5902149170393,60.));
#3808=CARTESIAN_POINT('',(42.0589562764537,69.5902149170393,180.));
#3809=CARTESIAN_POINT('',(42.0589562764537,69.5902149170393,60.));
#3810=CARTESIAN_POINT('',(-37.9410437235463,69.5902149170393,180.));
#3811=CARTESIAN_POINT('',(-37.9410437235463,69.5902149170393,180.));
#3812=CARTESIAN_POINT('',(-37.9410437235463,69.5902149170393,60.));
#3813=CARTESIAN_POINT('Origin',(62.0589562764537,-11.1974099067403,151.39954061461));
#3814=CARTESIAN_POINT('',(52.0589562764537,10.8025776497333,151.39954061461));
#3815=CARTESIAN_POINT('',(52.0589562764537,-11.1974099067403,151.39954061461));
#3816=CARTESIAN_POINT('',(52.0589562764537,24.1964025051495,151.39954061461));
#3817=CARTESIAN_POINT('',(62.0589562764537,10.8025776497333,151.39954061461));
#3818=CARTESIAN_POINT('',(62.0589562764537,10.8025776497333,151.39954061461));
#3819=CARTESIAN_POINT('',(62.0589562764537,-11.1974099067403,151.39954061461));
#3820=CARTESIAN_POINT('',(62.0589562764538,-30.8035932627494,151.39954061461));
#3821=CARTESIAN_POINT('',(62.0589562764537,-11.1974099067403,151.39954061461));
#3822=CARTESIAN_POINT('Origin',(62.0589562764537,-11.1974099067403,151.39954061461));
#3823=CARTESIAN_POINT('',(-47.9410437235463,-11.1974099067403,151.39954061461));
#3824=CARTESIAN_POINT('',(-47.9410437235463,10.8025776497333,151.39954061461));
#3825=CARTESIAN_POINT('',(-47.9410437235463,-30.8035974948505,151.39954061461));
#3826=CARTESIAN_POINT('',(-57.9410437235463,-11.1974099067403,151.39954061461));
#3827=CARTESIAN_POINT('',(62.0589562764537,-11.1974099067403,151.39954061461));
#3828=CARTESIAN_POINT('',(-57.9410437235463,10.8025776497333,151.39954061461));
#3829=CARTESIAN_POINT('',(-57.9410437235463,24.1963992976294,151.39954061461));
#3830=CARTESIAN_POINT('',(62.0589562764537,10.8025776497333,151.39954061461));
#3831=CARTESIAN_POINT('Origin',(62.0589562764537,10.8025776497334,140.000002086163));
#3832=CARTESIAN_POINT('',(52.0589562764537,10.8025776497333,128.600463557714));
#3833=CARTESIAN_POINT('Origin',(52.0589562764537,10.8025776497334,140.000002086163));
#3834=CARTESIAN_POINT('',(62.0589562764537,10.8025776497333,128.600463557714));
#3835=CARTESIAN_POINT('',(62.0589562764537,10.8025776497333,128.600463557714));
#3836=CARTESIAN_POINT('Origin',(62.0589562764538,10.8025776497334,140.000002086163));
#3837=CARTESIAN_POINT('Origin',(62.0589562764537,10.8025776497334,140.000002086163));
#3838=CARTESIAN_POINT('',(-47.9410437235463,10.8025776497333,128.600463557714));
#3839=CARTESIAN_POINT('Origin',(-47.9410437235463,10.8025776497334,140.000002086163));
#3840=CARTESIAN_POINT('',(-57.9410437235463,10.8025776497333,128.600463557714));
#3841=CARTESIAN_POINT('Origin',(-57.9410437235463,10.8025776497334,140.000002086163));
#3842=CARTESIAN_POINT('',(62.0589562764537,10.8025776497333,128.600463557714));
#3843=CARTESIAN_POINT('Origin',(62.0589562764537,-11.1974099067403,140.000002086163));
#3844=CARTESIAN_POINT('',(52.0589562764537,-11.1974099067403,128.600463557715));
#3845=CARTESIAN_POINT('Origin',(52.0589562764537,-11.1974099067403,140.000002086163));
#3846=CARTESIAN_POINT('',(62.0589562764537,-11.1974099067403,128.600463557715));
#3847=CARTESIAN_POINT('Origin',(62.0589562764538,-11.1974099067403,140.000002086163));
#3848=CARTESIAN_POINT('',(62.0589562764537,-11.1974099067403,128.600463557715));
#3849=CARTESIAN_POINT('Origin',(62.0589562764537,10.8025776497333,128.600463557714));
#3850=CARTESIAN_POINT('',(52.0589562764537,35.1963962833863,128.600463557714));
#3851=CARTESIAN_POINT('',(62.0589562764537,-19.8035994845126,128.600463557714));
#3852=CARTESIAN_POINT('Origin',(62.0589562764537,10.8025776497333,128.600463557714));
#3853=CARTESIAN_POINT('',(-47.9410437235463,-11.1974099067403,128.600463557715));
#3854=CARTESIAN_POINT('',(-47.9410437235463,-19.8036037166137,128.600463557714));
#3855=CARTESIAN_POINT('',(-57.9410437235463,-11.1974099067403,128.600463557715));
#3856=CARTESIAN_POINT('',(-57.9410437235463,35.1963930758662,128.600463557714));
#3857=CARTESIAN_POINT('',(62.0589562764537,-11.1974099067403,128.600463557715));
#3858=CARTESIAN_POINT('Origin',(62.0589562764537,-11.1974099067403,140.000002086163));
#3859=CARTESIAN_POINT('Origin',(-47.9410437235463,-11.1974099067403,140.000002086163));
#3860=CARTESIAN_POINT('Origin',(-57.9410437235463,-11.1974099067403,140.000002086163));
#3861=CARTESIAN_POINT('Ctrl Pts',(-25.,-1.38777878078145E-16,73.));
#3862=CARTESIAN_POINT('Ctrl Pts',(-25.,1.20275328524228,73.));
#3863=CARTESIAN_POINT('Ctrl Pts',(-24.2727076016298,3.61311264245679,73.));
#3864=CARTESIAN_POINT('Ctrl Pts',(-21.4439385845688,6.65302564572923,73.));
#3865=CARTESIAN_POINT('Ctrl Pts',(-17.7132615401781,8.93548630709565,73.));
#3866=CARTESIAN_POINT('Ctrl Pts',(-12.1372277574813,11.1214879499917,73.));
#3867=CARTESIAN_POINT('Ctrl Pts',(-4.60990468154864,12.5264791631556,73.));
#3868=CARTESIAN_POINT('Ctrl Pts',(3.58366148674626,12.5304533025952,73.));
#3869=CARTESIAN_POINT('Ctrl Pts',(10.6285363065193,11.428820482462,73.));
#3870=CARTESIAN_POINT('Ctrl Pts',(16.3950699992431,9.62715570474488,73.));
#3871=CARTESIAN_POINT('Ctrl Pts',(20.6972619113077,7.22825438167665,73.));
#3872=CARTESIAN_POINT('Ctrl Pts',(23.3454111486515,4.64504775971927,73.));
#3873=CARTESIAN_POINT('Ctrl Pts',(24.6838314591862,2.40687198371916,73.));
#3874=CARTESIAN_POINT('Ctrl Pts',(25.1579044137097,0.000541921309733143,
73.));
#3875=CARTESIAN_POINT('Ctrl Pts',(24.6847495997233,-2.40599325414968,73.));
#3876=CARTESIAN_POINT('Ctrl Pts',(23.3460938382592,-4.64389080809556,73.));
#3877=CARTESIAN_POINT('Ctrl Pts',(20.6971029862107,-7.22729602928325,73.));
#3878=CARTESIAN_POINT('Ctrl Pts',(16.3962509870335,-9.62676389038659,73.));
#3879=CARTESIAN_POINT('Ctrl Pts',(10.6316134105812,-11.4274589983446,73.));
#3880=CARTESIAN_POINT('Ctrl Pts',(4.59136018013659,-12.3764457899637,73.));
#3881=CARTESIAN_POINT('Ctrl Pts',(-3.56566095816448,-12.6111144918543,73.));
#3882=CARTESIAN_POINT('Ctrl Pts',(-11.2013797344086,-11.4799759041435,73.));
#3883=CARTESIAN_POINT('Ctrl Pts',(-17.7147567266271,-8.93716530826348,73.));
#3884=CARTESIAN_POINT('Ctrl Pts',(-21.4427597399875,-6.65256248430462,73.));
#3885=CARTESIAN_POINT('Ctrl Pts',(-24.273282651744,-3.61352532304136,73.));
#3886=CARTESIAN_POINT('Ctrl Pts',(-25.,-1.20275328524228,73.));
#3887=CARTESIAN_POINT('Ctrl Pts',(-25.,1.52655665885959E-15,73.));
#3888=CARTESIAN_POINT('Ctrl Pts',(-25.,-1.38777878078145E-16,73.5983986006838));
#3889=CARTESIAN_POINT('Ctrl Pts',(-25.,1.20149315386343,73.5983986006838));
#3890=CARTESIAN_POINT('Ctrl Pts',(-24.2724215681043,3.61226801624642,73.5983986006838));
#3891=CARTESIAN_POINT('Ctrl Pts',(-21.4442604086088,6.65189326328985,73.5983986006838));
#3892=CARTESIAN_POINT('Ctrl Pts',(-17.7135463208459,8.93495349683538,73.5983986006837));
#3893=CARTESIAN_POINT('Ctrl Pts',(-12.1377781199203,11.120994414056,73.5983986006838));
#3894=CARTESIAN_POINT('Ctrl Pts',(-4.60970251889302,12.526481654146,73.5983986006837));
#3895=CARTESIAN_POINT('Ctrl Pts',(3.58370591397279,12.530322886219,73.5983986006838));
#3896=CARTESIAN_POINT('Ctrl Pts',(10.6288780515291,11.4284754866887,73.5983986006838));
#3897=CARTESIAN_POINT('Ctrl Pts',(16.3949349737426,9.62699659095601,73.5983986006838));
#3898=CARTESIAN_POINT('Ctrl Pts',(20.6977928055186,7.22675114765456,73.5983986006837));
#3899=CARTESIAN_POINT('Ctrl Pts',(23.345234106214,4.64374614314743,73.5983986006838));
#3900=CARTESIAN_POINT('Ctrl Pts',(24.6830594158785,2.40569089979467,73.5983986006838));
#3901=CARTESIAN_POINT('Ctrl Pts',(25.1569052127002,0.000160613234970571,
73.5983986006837));
#3902=CARTESIAN_POINT('Ctrl Pts',(24.6839536453585,-2.40516632309173,73.5983986006838));
#3903=CARTESIAN_POINT('Ctrl Pts',(23.3460760416843,-4.64261443715026,73.5983986006837));
#3904=CARTESIAN_POINT('Ctrl Pts',(20.6974704043903,-7.2260077150514,73.5983986006838));
#3905=CARTESIAN_POINT('Ctrl Pts',(16.3964015155316,-9.62640152372447,73.5983986006838));
#3906=CARTESIAN_POINT('Ctrl Pts',(10.6319815959049,-11.4271070733382,73.5983986006838));
#3907=CARTESIAN_POINT('Ctrl Pts',(4.59142610842221,-12.3763170750118,73.5983986006837));
#3908=CARTESIAN_POINT('Ctrl Pts',(-3.5656339996048,-12.6110379536673,73.5983986006838));
#3909=CARTESIAN_POINT('Ctrl Pts',(-11.201712657298,-11.4796643954581,73.5983986006838));
#3910=CARTESIAN_POINT('Ctrl Pts',(-17.7150153776163,-8.93663939149602,73.5983986006838));
#3911=CARTESIAN_POINT('Ctrl Pts',(-21.4430526686914,-6.65145010970616,73.5983986006838));
#3912=CARTESIAN_POINT('Ctrl Pts',(-24.2729951384102,-3.61267941399108,73.5983986006838));
#3913=CARTESIAN_POINT('Ctrl Pts',(-25.,-1.20149315386343,73.5983986006838));
#3914=CARTESIAN_POINT('Ctrl Pts',(-25.,1.52655665885959E-15,73.5983986006838));
#3915=CARTESIAN_POINT('Ctrl Pts',(-25.5020439036924,-1.03941584249893E-16,
74.6344616134162));
#3916=CARTESIAN_POINT('Ctrl Pts',(-25.5020439036924,1.30037017054964,74.6344616134162));
#3917=CARTESIAN_POINT('Ctrl Pts',(-24.7093638667379,3.89450512181455,74.6344616134162));
#3918=CARTESIAN_POINT('Ctrl Pts',(-21.7533144201084,7.05394561369513,74.6344616134162));
#3919=CARTESIAN_POINT('Ctrl Pts',(-17.9328826267682,9.38999996399343,74.6344616134162));
#3920=CARTESIAN_POINT('Ctrl Pts',(-12.2647488372976,11.6101951478193,74.6344616134161));
#3921=CARTESIAN_POINT('Ctrl Pts',(-4.65468721608287,13.0291478754912,74.6344616134162));
#3922=CARTESIAN_POINT('Ctrl Pts',(3.61824493961683,13.0332999192531,74.6344616134162));
#3923=CARTESIAN_POINT('Ctrl Pts',(10.7398990809124,11.9203740930218,74.6344616134162));
#3924=CARTESIAN_POINT('Ctrl Pts',(16.5870632640623,10.0941173805297,74.6344616134162));
#3925=CARTESIAN_POINT('Ctrl Pts',(20.984620513956,7.64783596695659,74.6344616134162));
#3926=CARTESIAN_POINT('Ctrl Pts',(23.7373529227767,4.96742838310308,74.6344616134162));
#3927=CARTESIAN_POINT('Ctrl Pts',(25.1583547406533,2.60085353865923,74.6344616134162));
#3928=CARTESIAN_POINT('Ctrl Pts',(25.6741481914444,0.00078359509976127,
74.6344616134162));
#3929=CARTESIAN_POINT('Ctrl Pts',(25.1595085471248,-2.59986615168512,74.6344616134162));
#3930=CARTESIAN_POINT('Ctrl Pts',(23.738202397208,-4.96620889263459,74.6344616134162));
#3931=CARTESIAN_POINT('Ctrl Pts',(20.9846382539732,-7.64659907210929,74.6344616134162));
#3932=CARTESIAN_POINT('Ctrl Pts',(16.5882888695175,-10.0939128526811,74.6344616134162));
#3933=CARTESIAN_POINT('Ctrl Pts',(10.7429212604718,-11.9189616496056,74.6344616134162));
#3934=CARTESIAN_POINT('Ctrl Pts',(4.63703161076795,-12.8778977287301,74.6344616134162));
#3935=CARTESIAN_POINT('Ctrl Pts',(-3.60144705304103,-13.1141237030301,74.6344616134162));
#3936=CARTESIAN_POINT('Ctrl Pts',(-11.3139639204877,-11.9739258725152,74.6344616134162));
#3937=CARTESIAN_POINT('Ctrl Pts',(-17.9342900078674,-9.39180156794183,74.6344616134162));
#3938=CARTESIAN_POINT('Ctrl Pts',(-21.7521752331092,-7.05343246563372,74.6344616134162));
#3939=CARTESIAN_POINT('Ctrl Pts',(-24.7099169081935,-3.89495473727084,74.6344616134162));
#3940=CARTESIAN_POINT('Ctrl Pts',(-25.5020439036924,-1.30037017054964,74.6344616134162));
#3941=CARTESIAN_POINT('Ctrl Pts',(-25.5020439036924,1.56139295268784E-15,
74.6344616134162));
#3942=CARTESIAN_POINT('Ctrl Pts',(-26.5512010494872,-3.11416830179342E-17,
75.));
#3943=CARTESIAN_POINT('Ctrl Pts',(-26.5512010494872,1.50351724909502,75.));
#3944=CARTESIAN_POINT('Ctrl Pts',(-25.6216828530769,4.48198148496904,75.));
#3945=CARTESIAN_POINT('Ctrl Pts',(-22.4000563502846,7.891013056546,75.));
#3946=CARTESIAN_POINT('Ctrl Pts',(-18.3920326371762,10.3394703778373,75.));
#3947=CARTESIAN_POINT('Ctrl Pts',(-12.5316099874438,12.6311487456049,75.));
#3948=CARTESIAN_POINT('Ctrl Pts',(-4.7481361361728,14.0796124088208,75.));
#3949=CARTESIAN_POINT('Ctrl Pts',(3.69054642600205,14.0840465893668,75.));
#3950=CARTESIAN_POINT('Ctrl Pts',(10.9728523544017,12.9473762301604,75.));
#3951=CARTESIAN_POINT('Ctrl Pts',(16.9881942856252,11.0698533608122,75.));
#3952=CARTESIAN_POINT('Ctrl Pts',(21.5854924662687,8.52365179973357,75.));
#3953=CARTESIAN_POINT('Ctrl Pts',(24.5563023426641,5.64025238161722,75.));
#3954=CARTESIAN_POINT('Ctrl Pts',(26.1494793451977,3.00543409288861,75.));
#3955=CARTESIAN_POINT('Ctrl Pts',(26.7523058966199,0.00103145556036312,
75.));
#3956=CARTESIAN_POINT('Ctrl Pts',(26.1511095122721,-3.00445850383612,75.));
#3957=CARTESIAN_POINT('Ctrl Pts',(24.5576077665808,-5.63891922677263,75.));
#3958=CARTESIAN_POINT('Ctrl Pts',(21.5857691356224,-8.52197777267344,75.));
#3959=CARTESIAN_POINT('Ctrl Pts',(16.9897057307157,-11.0699031301245,75.));
#3960=CARTESIAN_POINT('Ctrl Pts',(10.9757775876082,-12.9458526198522,75.));
#3961=CARTESIAN_POINT('Ctrl Pts',(4.73251894128663,-13.9257309880127,74.9999999999999));
#3962=CARTESIAN_POINT('Ctrl Pts',(-3.67621363876921,-14.1652464980342,75.));
#3963=CARTESIAN_POINT('Ctrl Pts',(-11.5494637152659,-13.005958436598,75.));
#3964=CARTESIAN_POINT('Ctrl Pts',(-18.3932389013365,-10.3415328430932,75.));
#3965=CARTESIAN_POINT('Ctrl Pts',(-22.3989805494102,-7.89040894260456,75.));
#3966=CARTESIAN_POINT('Ctrl Pts',(-25.6221889033673,-4.48250742063242,75.));
#3967=CARTESIAN_POINT('Ctrl Pts',(-26.5512010494872,-1.50351724909501,75.));
#3968=CARTESIAN_POINT('Ctrl Pts',(-26.5512010494872,1.6341928539198E-15,
75.));
#3969=CARTESIAN_POINT('Ctrl Pts',(-27.,-8.49769420904307E-33,75.));
#3970=CARTESIAN_POINT('Ctrl Pts',(-27.,1.59025640321025,75.));
#3971=CARTESIAN_POINT('Ctrl Pts',(-26.0119098088585,4.7331787170039,75.));
#3972=CARTESIAN_POINT('Ctrl Pts',(-22.6767549464634,8.24894127670052,75.));
#3973=CARTESIAN_POINT('Ctrl Pts',(-18.5884801187297,10.7455580539273,75.));
#3974=CARTESIAN_POINT('Ctrl Pts',(-12.6458358680371,13.0678198774255,75.));
#3975=CARTESIAN_POINT('Ctrl Pts',(-4.78808499792478,14.5289709405271,75.));
#3976=CARTESIAN_POINT('Ctrl Pts',(3.72148058718883,14.5335088022103,75.));
#3977=CARTESIAN_POINT('Ctrl Pts',(11.0725467325768,13.3866537608015,75.));
#3978=CARTESIAN_POINT('Ctrl Pts',(17.1597692045377,11.4872245069515,75.));
#3979=CARTESIAN_POINT('Ctrl Pts',(21.8425959740696,8.89810799588635,75.));
#3980=CARTESIAN_POINT('Ctrl Pts',(24.9066024582696,5.92790036962144,75.));
#3981=CARTESIAN_POINT('Ctrl Pts',(26.5733548582937,3.17835075263406,75.));
#3982=CARTESIAN_POINT('Ctrl Pts',(27.2133825715393,0.00108868526983917,
75.));
#3983=CARTESIAN_POINT('Ctrl Pts',(26.5751857385855,-3.17742553300505,75.));
#3984=CARTESIAN_POINT('Ctrl Pts',(24.9081233035767,-5.92652182326063,75.));
#3985=CARTESIAN_POINT('Ctrl Pts',(21.8429624850719,-8.89627448066442,75.));
#3986=CARTESIAN_POINT('Ctrl Pts',(17.1614394672151,-11.4873570459721,75.));
#3987=CARTESIAN_POINT('Ctrl Pts',(11.0754338786416,-13.3850817097593,75.));
#3988=CARTESIAN_POINT('Ctrl Pts',(4.77337408467142,-14.3739471460721,74.9999999999999));
#3989=CARTESIAN_POINT('Ctrl Pts',(-3.70819316227113,-14.6148765012262,75.));
#3990=CARTESIAN_POINT('Ctrl Pts',(-11.6502462922673,-13.4473921232601,75.));
#3991=CARTESIAN_POINT('Ctrl Pts',(-18.5895970069673,-10.7477329902656,75.));
#3992=CARTESIAN_POINT('Ctrl Pts',(-22.6757025624591,-8.24830081069595,75.));
#3993=CARTESIAN_POINT('Ctrl Pts',(-26.0123955683155,-4.7337371360638,75.));
#3994=CARTESIAN_POINT('Ctrl Pts',(-27.,-1.59025640321025,75.));
#3995=CARTESIAN_POINT('Ctrl Pts',(-27.,1.66533453693773E-15,75.));
#3996=CARTESIAN_POINT('',(-27.,1.94289029309402E-15,75.));
#3997=CARTESIAN_POINT('',(-25.,-1.38777878078145E-16,73.));
#3998=CARTESIAN_POINT('Origin',(-27.,0.,73.));
#3999=CARTESIAN_POINT('Ctrl Pts',(-25.,-1.38777878078145E-16,73.));
#4000=CARTESIAN_POINT('Ctrl Pts',(-25.,1.20275328524228,73.));
#4001=CARTESIAN_POINT('Ctrl Pts',(-24.2727076016298,3.61311264245679,73.));
#4002=CARTESIAN_POINT('Ctrl Pts',(-21.4439385845688,6.65302564572923,73.));
#4003=CARTESIAN_POINT('Ctrl Pts',(-17.7132615401781,8.93548630709565,73.));
#4004=CARTESIAN_POINT('Ctrl Pts',(-12.1372277574813,11.1214879499917,73.));
#4005=CARTESIAN_POINT('Ctrl Pts',(-4.60990468154864,12.5264791631556,73.));
#4006=CARTESIAN_POINT('Ctrl Pts',(3.58366148674626,12.5304533025952,73.));
#4007=CARTESIAN_POINT('Ctrl Pts',(10.6285363065193,11.428820482462,73.));
#4008=CARTESIAN_POINT('Ctrl Pts',(16.3950699992431,9.62715570474488,73.));
#4009=CARTESIAN_POINT('Ctrl Pts',(20.6972619113077,7.22825438167665,73.));
#4010=CARTESIAN_POINT('Ctrl Pts',(23.3454111486515,4.64504775971927,73.));
#4011=CARTESIAN_POINT('Ctrl Pts',(24.6838314591862,2.40687198371916,73.));
#4012=CARTESIAN_POINT('Ctrl Pts',(25.1579044137097,0.000541921309733143,
73.));
#4013=CARTESIAN_POINT('Ctrl Pts',(24.6847495997233,-2.40599325414968,73.));
#4014=CARTESIAN_POINT('Ctrl Pts',(23.3460938382592,-4.64389080809556,73.));
#4015=CARTESIAN_POINT('Ctrl Pts',(20.6971029862107,-7.22729602928325,73.));
#4016=CARTESIAN_POINT('Ctrl Pts',(16.3962509870335,-9.62676389038659,73.));
#4017=CARTESIAN_POINT('Ctrl Pts',(10.6316134105812,-11.4274589983446,73.));
#4018=CARTESIAN_POINT('Ctrl Pts',(4.59136018013659,-12.3764457899637,73.));
#4019=CARTESIAN_POINT('Ctrl Pts',(-3.56566095816448,-12.6111144918543,73.));
#4020=CARTESIAN_POINT('Ctrl Pts',(-11.2013797344086,-11.4799759041435,73.));
#4021=CARTESIAN_POINT('Ctrl Pts',(-17.7147567266271,-8.93716530826348,73.));
#4022=CARTESIAN_POINT('Ctrl Pts',(-21.4427597399875,-6.65256248430462,73.));
#4023=CARTESIAN_POINT('Ctrl Pts',(-24.273282651744,-3.61352532304136,73.));
#4024=CARTESIAN_POINT('Ctrl Pts',(-25.,-1.20275328524228,73.));
#4025=CARTESIAN_POINT('Ctrl Pts',(-25.,1.52655665885959E-15,73.));
#4026=CARTESIAN_POINT('Ctrl Pts',(-27.,1.66533453693773E-15,75.));
#4027=CARTESIAN_POINT('Ctrl Pts',(-27.,-1.59025640321025,75.));
#4028=CARTESIAN_POINT('Ctrl Pts',(-26.0123955683155,-4.7337371360638,75.));
#4029=CARTESIAN_POINT('Ctrl Pts',(-22.6757025624591,-8.24830081069595,75.));
#4030=CARTESIAN_POINT('Ctrl Pts',(-18.5895970069673,-10.7477329902656,75.));
#4031=CARTESIAN_POINT('Ctrl Pts',(-11.6502462922673,-13.4473921232601,75.));
#4032=CARTESIAN_POINT('Ctrl Pts',(-3.70819316227113,-14.6148765012262,75.));
#4033=CARTESIAN_POINT('Ctrl Pts',(4.77337408467142,-14.3739471460721,74.9999999999999));
#4034=CARTESIAN_POINT('Ctrl Pts',(11.0754338786416,-13.3850817097593,75.));
#4035=CARTESIAN_POINT('Ctrl Pts',(17.1614394672151,-11.4873570459721,75.));
#4036=CARTESIAN_POINT('Ctrl Pts',(21.8429624850719,-8.89627448066442,75.));
#4037=CARTESIAN_POINT('Ctrl Pts',(24.9081233035767,-5.92652182326063,75.));
#4038=CARTESIAN_POINT('Ctrl Pts',(26.5751857385855,-3.17742553300505,75.));
#4039=CARTESIAN_POINT('Ctrl Pts',(27.2133825715393,0.00108868526983917,
75.));
#4040=CARTESIAN_POINT('Ctrl Pts',(26.5733548582937,3.17835075263406,75.));
#4041=CARTESIAN_POINT('Ctrl Pts',(24.9066024582696,5.92790036962144,75.));
#4042=CARTESIAN_POINT('Ctrl Pts',(21.8425959740696,8.89810799588635,75.));
#4043=CARTESIAN_POINT('Ctrl Pts',(17.1597692045377,11.4872245069515,75.));
#4044=CARTESIAN_POINT('Ctrl Pts',(11.0725467325768,13.3866537608015,75.));
#4045=CARTESIAN_POINT('Ctrl Pts',(3.72148058718883,14.5335088022103,75.));
#4046=CARTESIAN_POINT('Ctrl Pts',(-4.78808499792478,14.5289709405271,75.));
#4047=CARTESIAN_POINT('Ctrl Pts',(-12.6458358680371,13.0678198774255,75.));
#4048=CARTESIAN_POINT('Ctrl Pts',(-18.5884801187297,10.7455580539273,75.));
#4049=CARTESIAN_POINT('Ctrl Pts',(-22.6767549464634,8.24894127670052,75.));
#4050=CARTESIAN_POINT('Ctrl Pts',(-26.0119098088585,4.7331787170039,75.));
#4051=CARTESIAN_POINT('Ctrl Pts',(-27.,1.59025640321025,75.));
#4052=CARTESIAN_POINT('Ctrl Pts',(-27.,-8.49769420904307E-33,75.));
#4053=CARTESIAN_POINT('Origin',(2.05895627645374,4.59021491703928,75.));
#4054=CARTESIAN_POINT('',(42.0589562764537,-50.4097850829607,75.));
#4055=CARTESIAN_POINT('',(42.0589562764537,32.0902149170393,75.));
#4056=CARTESIAN_POINT('',(-37.9410437235463,-50.4097850829607,75.));
#4057=CARTESIAN_POINT('',(-37.9410437235463,-22.9097850829607,75.));
#4058=CARTESIAN_POINT('',(22.0589562764537,-50.4097850829607,75.));
#4059=CARTESIAN_POINT('Ctrl Pts',(-25.,0.,73.));
#4060=CARTESIAN_POINT('Ctrl Pts',(-25.,12.4576371576401,73.));
#4061=CARTESIAN_POINT('Ctrl Pts',(0.,12.4576371576401,73.));
#4062=CARTESIAN_POINT('Ctrl Pts',(25.,12.4576371576401,73.));
#4063=CARTESIAN_POINT('Ctrl Pts',(25.,0.,73.));
#4064=CARTESIAN_POINT('Ctrl Pts',(25.,-12.4576371576401,73.));
#4065=CARTESIAN_POINT('Ctrl Pts',(0.,-12.4576371576401,73.));
#4066=CARTESIAN_POINT('Ctrl Pts',(-25.,-12.4576371576401,73.));
#4067=CARTESIAN_POINT('Ctrl Pts',(-25.,0.,73.));
#4068=CARTESIAN_POINT('Ctrl Pts',(-25.,0.,60.));
#4069=CARTESIAN_POINT('Ctrl Pts',(-25.,12.4576371576401,60.));
#4070=CARTESIAN_POINT('Ctrl Pts',(0.,12.4576371576401,60.));
#4071=CARTESIAN_POINT('Ctrl Pts',(25.,12.4576371576401,60.));
#4072=CARTESIAN_POINT('Ctrl Pts',(25.,0.,60.));
#4073=CARTESIAN_POINT('Ctrl Pts',(25.,-12.4576371576401,60.));
#4074=CARTESIAN_POINT('Ctrl Pts',(0.,-12.4576371576401,60.));
#4075=CARTESIAN_POINT('Ctrl Pts',(-25.,-12.4576371576401,60.));
#4076=CARTESIAN_POINT('Ctrl Pts',(-25.,0.,60.));
#4077=CARTESIAN_POINT('',(-25.,-1.52562054700431E-15,60.));
#4078=CARTESIAN_POINT('',(-25.,1.52562054700431E-15,75.));
#4079=CARTESIAN_POINT('Origin',(0.,0.,60.));
#4080=CARTESIAN_POINT('Origin',(42.0589562764537,32.0902149170393,85.));
#4081=CARTESIAN_POINT('',(52.0589562764537,59.5902149170393,85.));
#4082=CARTESIAN_POINT('Origin',(42.0589562764537,59.5902149170393,85.));
#4083=CARTESIAN_POINT('',(52.0589562764537,-50.4097850829607,85.));
#4084=CARTESIAN_POINT('Origin',(42.0589562764537,-50.4097850829607,85.));
#4085=CARTESIAN_POINT('',(52.0589562764537,32.0902149170393,85.));
#4086=CARTESIAN_POINT('Origin',(22.0589562764537,-50.4097850829607,85.));
#4087=CARTESIAN_POINT('',(42.0589562764537,-60.4097850829607,85.));
#4088=CARTESIAN_POINT('Origin',(42.0589562764537,-50.4097850829607,85.));
#4089=CARTESIAN_POINT('',(-37.9410437235463,-60.4097850829607,85.));
#4090=CARTESIAN_POINT('Origin',(-37.9410437235463,-50.4097850829607,85.));
#4091=CARTESIAN_POINT('',(22.0589562764537,-60.4097850829607,85.));
#4092=CARTESIAN_POINT('Origin',(42.0589562764537,-50.4097850829607,85.));
#4093=CARTESIAN_POINT('Origin',(42.0589562764537,-50.4097850829607,85.));
#4094=CARTESIAN_POINT('Origin',(-37.9410437235463,-22.9097850829607,85.));
#4095=CARTESIAN_POINT('',(-47.9410437235463,-50.4097850829607,85.));
#4096=CARTESIAN_POINT('Origin',(-37.9410437235463,-50.4097850829607,85.));
#4097=CARTESIAN_POINT('',(-47.9410437235463,59.5902149170393,85.));
#4098=CARTESIAN_POINT('Origin',(-37.9410437235463,59.5902149170393,85.));
#4099=CARTESIAN_POINT('',(-47.9410437235463,-22.9097850829607,85.));
#4100=CARTESIAN_POINT('Origin',(-37.9410437235462,-50.4097850829607,85.));
#4101=CARTESIAN_POINT('Origin',(-37.9410437235462,-50.4097850829607,85.));
#4102=CARTESIAN_POINT('Origin',(-37.9410437235463,59.5902149170393,85.));
#4103=CARTESIAN_POINT('Origin',(-37.9410437235463,59.5902149170393,85.));
#4104=CARTESIAN_POINT('Origin',(42.0589562764537,59.5902149170393,85.));
#4105=CARTESIAN_POINT('Origin',(42.0589562764537,59.5902149170393,85.));
#4106=CARTESIAN_POINT('Origin',(-37.9410437235462,-50.4097850829607,60.));
#4107=CARTESIAN_POINT('',(-47.9410437235463,-50.4097850829607,180.));
#4108=CARTESIAN_POINT('',(-47.9410437235463,-50.4097850829607,60.));
#4109=CARTESIAN_POINT('',(-37.9410437235463,-60.4097850829607,180.));
#4110=CARTESIAN_POINT('Origin',(-37.9410437235462,-50.4097850829607,180.));
#4111=CARTESIAN_POINT('',(-37.9410437235463,-60.4097850829607,60.));
#4112=CARTESIAN_POINT('Origin',(-47.9410437235463,-50.4097850829607,60.));
#4113=CARTESIAN_POINT('',(-47.9410437235463,59.5902149170393,180.));
#4114=CARTESIAN_POINT('',(-47.9410437235463,59.5902149170393,60.));
#4115=CARTESIAN_POINT('',(-47.9410437235463,-50.4097850829607,180.));
#4116=CARTESIAN_POINT('Origin',(-37.9410437235463,59.5902149170393,60.));
#4117=CARTESIAN_POINT('Origin',(-37.9410437235463,59.5902149170393,180.));
#4118=CARTESIAN_POINT('Origin',(-55.4410437235463,32.0902117095192,177.5));
#4119=CARTESIAN_POINT('',(-57.9410437235463,-50.4097850829607,175.));
#4120=CARTESIAN_POINT('',(-52.9410437235462,-50.4097850829607,180.));
#4121=CARTESIAN_POINT('',(-57.9410437235463,-50.4097850829607,175.));
#4122=CARTESIAN_POINT('',(-52.9410437235463,59.5902085019991,180.));
#4123=CARTESIAN_POINT('',(-52.9410437235463,32.0902117095192,180.));
#4124=CARTESIAN_POINT('',(-57.9410437235463,59.5902085019991,175.));
#4125=CARTESIAN_POINT('',(-52.9410437235463,59.5902085019991,180.));
#4126=CARTESIAN_POINT('',(-57.9410437235463,32.0902117095192,175.));
#4127=CARTESIAN_POINT('Origin',(-37.9410437235462,-50.4097850829607,177.5));
#4128=CARTESIAN_POINT('',(-37.9410273876654,-70.4097850829606,175.));
#4129=CARTESIAN_POINT('',(-37.9410314716356,-65.4097850829557,180.));
#4130=CARTESIAN_POINT('',(-37.9410273876654,-70.4097850829606,175.));
#4131=CARTESIAN_POINT('Origin',(-37.9410437235462,-50.4097850829607,180.));
#4132=CARTESIAN_POINT('Origin',(-37.9410437235462,-50.4097850829607,175.));
#4133=CARTESIAN_POINT('Origin',(-17.9410355556059,-67.9097850829606,177.5));
#4134=CARTESIAN_POINT('',(42.0589562764537,-70.4097850829607,175.));
#4135=CARTESIAN_POINT('',(42.0589562764537,-65.4097850829607,180.));
#4136=CARTESIAN_POINT('',(42.0589562764537,-70.4097850829607,175.));
#4137=CARTESIAN_POINT('',(-17.9410355556059,-65.4097850829606,180.));
#4138=CARTESIAN_POINT('',(-17.9410355556059,-70.4097850829606,175.));
#4139=CARTESIAN_POINT('Origin',(42.0589562764537,-50.4097850829607,177.5));
#4140=CARTESIAN_POINT('',(62.0589562764538,-50.4097766187586,175.));
#4141=CARTESIAN_POINT('',(57.0589562764524,-50.4097787348092,180.));
#4142=CARTESIAN_POINT('',(62.0589562764538,-50.4097766187586,175.));
#4143=CARTESIAN_POINT('Origin',(42.0589562764537,-50.4097850829607,180.));
#4144=CARTESIAN_POINT('Origin',(42.0589562764537,-50.4097850829607,175.));
#4145=CARTESIAN_POINT('Origin',(59.5589562764538,-22.9097808508597,177.5));
#4146=CARTESIAN_POINT('',(62.0589562764537,59.5902149170393,175.));
#4147=CARTESIAN_POINT('',(57.0589562764537,59.5902149170393,180.));
#4148=CARTESIAN_POINT('',(62.0589562764537,59.5902149170393,175.));
#4149=CARTESIAN_POINT('',(57.0589562764538,-22.9097808508597,180.));
#4150=CARTESIAN_POINT('',(62.0589562764538,-22.9097808508597,175.));
#4151=CARTESIAN_POINT('Origin',(42.0589562764537,59.5902149170393,177.5));
#4152=CARTESIAN_POINT('',(42.0589562764537,79.5902149170393,175.));
#4153=CARTESIAN_POINT('',(42.0589562764537,74.5902149170393,180.));
#4154=CARTESIAN_POINT('',(42.0589562764537,79.5902149170393,175.));
#4155=CARTESIAN_POINT('Origin',(42.0589562764537,59.5902149170393,180.));
#4156=CARTESIAN_POINT('Origin',(42.0589562764537,59.5902149170393,175.));
#4157=CARTESIAN_POINT('Origin',(22.0589562764537,77.0902149170393,177.5));
#4158=CARTESIAN_POINT('',(-37.9410437235463,79.5902149170393,175.));
#4159=CARTESIAN_POINT('',(-37.9410437235463,74.5902149170393,180.));
#4160=CARTESIAN_POINT('',(-37.9410437235463,79.5902149170393,175.));
#4161=CARTESIAN_POINT('',(22.0589562764537,74.5902149170393,180.));
#4162=CARTESIAN_POINT('',(22.0589562764537,79.5902149170393,175.));
#4163=CARTESIAN_POINT('Origin',(-37.9410437235463,59.5902149170393,177.5));
#4164=CARTESIAN_POINT('Origin',(-37.9410437235463,59.5902149170393,180.));
#4165=CARTESIAN_POINT('Origin',(-37.9410437235463,59.5902149170393,175.));
#4166=CARTESIAN_POINT('Origin',(42.0589562764537,-50.4097850829607,60.));
#4167=CARTESIAN_POINT('',(42.0589562764537,-70.4097850829607,67.));
#4168=CARTESIAN_POINT('',(42.0589562764537,-70.4097850829607,60.));
#4169=CARTESIAN_POINT('',(62.0589562764538,-50.4097766187586,67.));
#4170=CARTESIAN_POINT('Origin',(42.0589562764537,-50.4097850829607,67.));
#4171=CARTESIAN_POINT('',(62.0589562764538,-50.4097766187586,60.));
#4172=CARTESIAN_POINT('Origin',(-37.9410273876654,-70.4097850829606,60.));
#4173=CARTESIAN_POINT('',(-37.9410273876654,-70.4097850829606,67.));
#4174=CARTESIAN_POINT('',(-37.9410273876654,-70.4097850829606,60.));
#4175=CARTESIAN_POINT('',(-17.9410355556059,-70.4097850829606,67.));
#4176=CARTESIAN_POINT('Origin',(-37.9410437235462,-50.4097850829607,60.));
#4177=CARTESIAN_POINT('',(-57.9410437235463,-50.4097850829607,67.));
#4178=CARTESIAN_POINT('',(-57.9410437235463,-50.4097850829607,60.));
#4179=CARTESIAN_POINT('Origin',(-37.9410437235462,-50.4097850829607,67.));
#4180=CARTESIAN_POINT('Origin',(-57.9410437235463,59.5902085019991,60.));
#4181=CARTESIAN_POINT('',(-57.9410437235463,59.5902085019991,67.));
#4182=CARTESIAN_POINT('',(-57.9410437235463,59.5902085019991,60.));
#4183=CARTESIAN_POINT('',(-57.9410437235463,32.0902117095192,67.));
#4184=CARTESIAN_POINT('Origin',(2.05895627645375,4.59021491703928,180.));
#4185=CARTESIAN_POINT('',(52.0589562764537,59.5902149170393,180.));
#4186=CARTESIAN_POINT('Origin',(42.0589562764537,59.5902149170393,180.));
#4187=CARTESIAN_POINT('',(52.0589562764537,-50.4097850829607,180.));
#4188=CARTESIAN_POINT('',(52.0589562764537,59.5902149170393,180.));
#4189=CARTESIAN_POINT('',(42.0589562764537,-60.4097850829607,180.));
#4190=CARTESIAN_POINT('Origin',(42.0589562764537,-50.4097850829607,180.));
#4191=CARTESIAN_POINT('',(42.0589562764537,-60.4097850829607,180.));
#4192=CARTESIAN_POINT('Origin',(-17.9410355556059,-66.9097850829606,63.5));
#4193=CARTESIAN_POINT('',(-37.9410273876654,-63.4097850829606,60.));
#4194=CARTESIAN_POINT('',(-37.9410273876654,-70.4097850829606,67.));
#4195=CARTESIAN_POINT('',(42.0589562764537,-63.4097850829607,60.));
#4196=CARTESIAN_POINT('',(-17.9410355556059,-63.4097850829606,60.));
#4197=CARTESIAN_POINT('',(42.0589562764537,-63.4097850829607,60.));
#4198=CARTESIAN_POINT('Origin',(-37.9410437235462,-50.4097850829607,63.5));
#4199=CARTESIAN_POINT('',(-50.9410437235463,-50.4097850829607,60.));
#4200=CARTESIAN_POINT('',(-57.9410437235463,-50.4097850829607,67.));
#4201=CARTESIAN_POINT('Origin',(-37.9410437235462,-50.4097850829607,60.));
#4202=CARTESIAN_POINT('Origin',(-54.4410437235463,32.0902117095192,63.5));
#4203=CARTESIAN_POINT('',(-50.9410437235463,59.5902085019991,60.));
#4204=CARTESIAN_POINT('',(-57.9410437235463,59.5902085019991,67.));
#4205=CARTESIAN_POINT('',(-50.9410437235463,32.0902117095192,60.));
#4206=CARTESIAN_POINT('Origin',(-37.9410437235463,59.5902149170393,63.5));
#4207=CARTESIAN_POINT('',(-37.9410437235463,79.5902149170393,67.));
#4208=CARTESIAN_POINT('Origin',(-37.9410437235463,59.5902149170393,67.));
#4209=CARTESIAN_POINT('',(-37.9410437235463,72.5902149170393,60.));
#4210=CARTESIAN_POINT('',(-37.9410437235463,79.5902149170393,67.));
#4211=CARTESIAN_POINT('Origin',(-37.9410437235463,59.5902149170393,60.));
#4212=CARTESIAN_POINT('Origin',(22.0589562764537,76.0902149170393,63.5));
#4213=CARTESIAN_POINT('',(42.0589562764537,79.5902149170393,67.));
#4214=CARTESIAN_POINT('',(42.0589562764537,72.5902149170393,60.));
#4215=CARTESIAN_POINT('',(42.0589562764537,79.5902149170393,67.));
#4216=CARTESIAN_POINT('',(22.0589562764537,72.5902149170393,60.));
#4217=CARTESIAN_POINT('',(22.0589562764537,79.5902149170393,67.));
#4218=CARTESIAN_POINT('Origin',(42.0589562764537,59.5902149170393,63.5));
#4219=CARTESIAN_POINT('',(62.0589562764537,59.5902149170393,67.));
#4220=CARTESIAN_POINT('Origin',(42.0589562764537,59.5902149170393,67.));
#4221=CARTESIAN_POINT('',(55.0589562764537,59.5902149170393,60.));
#4222=CARTESIAN_POINT('',(62.0589562764537,59.5902149170393,67.));
#4223=CARTESIAN_POINT('Origin',(42.0589562764537,59.5902149170393,60.));
#4224=CARTESIAN_POINT('Origin',(58.5589562764537,-22.9097808508597,63.5));
#4225=CARTESIAN_POINT('',(55.0589562764537,-50.4097766187586,60.));
#4226=CARTESIAN_POINT('',(62.0589562764538,-50.4097766187586,67.));
#4227=CARTESIAN_POINT('',(55.0589562764537,-22.9097808508597,60.));
#4228=CARTESIAN_POINT('',(62.0589562764538,-22.9097808508597,67.));
#4229=CARTESIAN_POINT('Origin',(42.0589562764537,-50.4097850829607,63.5));
#4230=CARTESIAN_POINT('Origin',(42.0589562764537,-50.4097850829607,60.));
#4231=CARTESIAN_POINT('Origin',(-37.9410437235463,59.5902149170393,60.));
#4232=CARTESIAN_POINT('',(-37.9410437235463,79.5902149170393,60.));
#4233=CARTESIAN_POINT('Origin',(2.05895627645375,4.59021491703928,60.));
#4234=CARTESIAN_POINT('',(-40.,-4.89858719658941E-15,60.));
#4235=CARTESIAN_POINT('Origin',(0.,0.,60.));
#4236=CARTESIAN_POINT('Origin',(2.05895627645374,4.59021491703928,60.));
#4237=CARTESIAN_POINT('',(-26.,-1.77138280184657E-15,60.));
#4238=CARTESIAN_POINT('Ctrl Pts',(-26.,-1.77138280184657E-15,60.));
#4239=CARTESIAN_POINT('Ctrl Pts',(-26.,-1.08193745192317,60.));
#4240=CARTESIAN_POINT('Ctrl Pts',(-25.5032526397193,-3.24203648144479,60.));
#4241=CARTESIAN_POINT('Ctrl Pts',(-22.7388302861938,-7.13791336841118,60.));
#4242=CARTESIAN_POINT('Ctrl Pts',(-15.6399461385637,-11.5482659648288,60.));
#4243=CARTESIAN_POINT('Ctrl Pts',(-4.50555509476155,-13.7126939291744,60.));
#4244=CARTESIAN_POINT('Ctrl Pts',(8.33197670038106,-13.2324087286447,60.));
#4245=CARTESIAN_POINT('Ctrl Pts',(17.570379900802,-10.5929207291573,60.));
#4246=CARTESIAN_POINT('Ctrl Pts',(23.5696196560587,-6.22027514876809,60.));
#4247=CARTESIAN_POINT('Ctrl Pts',(26.0992090481625,-2.22021839412542,60.));
#4248=CARTESIAN_POINT('Ctrl Pts',(26.1052982536657,2.2204813405903,60.));
#4249=CARTESIAN_POINT('Ctrl Pts',(23.9919152417552,5.55610945606017,60.));
#4250=CARTESIAN_POINT('Ctrl Pts',(21.320874690668,7.85678992598596,60.));
#4251=CARTESIAN_POINT('Ctrl Pts',(16.4178794212381,10.9260971490035,60.));
#4252=CARTESIAN_POINT('Ctrl Pts',(7.17160315161192,13.5646701800944,60.));
#4253=CARTESIAN_POINT('Ctrl Pts',(-5.86497826803341,13.5622407464962,60.));
#4254=CARTESIAN_POINT('Ctrl Pts',(-16.470454824345,11.0220943387267,60.));
#4255=CARTESIAN_POINT('Ctrl Pts',(-22.7405788956985,7.14066490082701,60.));
#4256=CARTESIAN_POINT('Ctrl Pts',(-25.5027188269235,3.24119341182504,60.));
#4257=CARTESIAN_POINT('Ctrl Pts',(-26.,1.08193745192317,60.));
#4258=CARTESIAN_POINT('Ctrl Pts',(-26.,1.77138280184657E-15,60.));
#4259=CARTESIAN_POINT('Origin',(42.0589562764537,-50.4097850829607,60.));
#4260=CARTESIAN_POINT('',(42.0589562764537,-60.4097850829607,60.));
#4261=CARTESIAN_POINT('',(52.0589562764537,-50.4097850829607,60.));
#4262=CARTESIAN_POINT('Origin',(42.0589562764537,-60.4097850829607,60.));
#4263=CARTESIAN_POINT('Origin',(52.0589562764537,59.5902149170393,60.));
#4264=CARTESIAN_POINT('',(52.0589562764537,59.5902149170393,60.));
#4265=CARTESIAN_POINT('Origin',(42.0589562764537,59.5902149170393,60.));
#4266=CARTESIAN_POINT('Origin',(42.0589562764537,79.5902149170393,60.));
#4267=CARTESIAN_POINT('',(42.0589562764537,79.5902149170393,60.));
#4268=CARTESIAN_POINT('Origin',(42.0589562764537,59.5902149170393,60.));
#4269=CARTESIAN_POINT('',(62.0589562764537,59.5902149170393,60.));
#4270=CARTESIAN_POINT('Origin',(62.0589562764538,-50.4097766187586,60.));
#4271=CARTESIAN_POINT('Ctrl Pts',(-25.,1.80411241501588E-15,56.));
#4272=CARTESIAN_POINT('Ctrl Pts',(-25.,-0.65260635684686,56.));
#4273=CARTESIAN_POINT('Ctrl Pts',(-24.7915862073987,-1.95670344947614,56.));
#4274=CARTESIAN_POINT('Ctrl Pts',(-23.6136377556222,-4.39913999864108,56.));
#4275=CARTESIAN_POINT('Ctrl Pts',(-21.0937286636574,-6.92086453086818,56.));
#4276=CARTESIAN_POINT('Ctrl Pts',(-17.3199640589639,-9.1182957986358,56.));
#4277=CARTESIAN_POINT('Ctrl Pts',(-11.8088365557183,-11.1967161629231,56.));
#4278=CARTESIAN_POINT('Ctrl Pts',(-4.47502909634673,-12.5222848689738,56.));
#4279=CARTESIAN_POINT('Ctrl Pts',(3.47828791552614,-12.52651275551,56.));
#4280=CARTESIAN_POINT('Ctrl Pts',(10.3394259949685,-11.486339119978,56.));
#4281=CARTESIAN_POINT('Ctrl Pts',(16.0010443691253,-9.77844426926657,56.));
#4282=CARTESIAN_POINT('Ctrl Pts',(20.323245527747,-7.48331623371723,56.));
#4283=CARTESIAN_POINT('Ctrl Pts',(23.1196885502262,-4.9248663389521,56.));
#4284=CARTESIAN_POINT('Ctrl Pts',(24.6205427512297,-2.60835031457584,56.));
#4285=CARTESIAN_POINT('Ctrl Pts',(25.1916216799602,-0.00394725136556146,
56.));
#4286=CARTESIAN_POINT('Ctrl Pts',(24.4296934263211,3.48708186782277,56.));
#4287=CARTESIAN_POINT('Ctrl Pts',(21.5028506011766,6.69060797970835,56.));
#4288=CARTESIAN_POINT('Ctrl Pts',(17.3243114730402,9.11400266183427,56.));
#4289=CARTESIAN_POINT('Ctrl Pts',(11.8039992978745,11.2014112404807,56.));
#4290=CARTESIAN_POINT('Ctrl Pts',(5.94398798501147,12.2554121899776,56.));
#4291=CARTESIAN_POINT('Ctrl Pts',(-0.00042861681952141,12.525331286329,
56.));
#4292=CARTESIAN_POINT('Ctrl Pts',(-5.93761326953072,12.2574586883718,56.));
#4293=CARTESIAN_POINT('Ctrl Pts',(-11.8076894550158,11.1961997965425,56.));
#4294=CARTESIAN_POINT('Ctrl Pts',(-17.3199666724365,9.11836971315779,56.));
#4295=CARTESIAN_POINT('Ctrl Pts',(-21.0929541122897,6.92121909452482,56.));
#4296=CARTESIAN_POINT('Ctrl Pts',(-23.6137959197724,4.39907040660566,56.));
#4297=CARTESIAN_POINT('Ctrl Pts',(-24.7914795244325,1.95683795650148,56.));
#4298=CARTESIAN_POINT('Ctrl Pts',(-25.,0.652606356846864,56.));
#4299=CARTESIAN_POINT('Ctrl Pts',(-25.,1.2490009027033E-15,56.));
#4300=CARTESIAN_POINT('Ctrl Pts',(-25.,1.80411241501588E-15,55.7008006996581));
#4301=CARTESIAN_POINT('Ctrl Pts',(-25.,-0.652270383070096,55.7008006996581));
#4302=CARTESIAN_POINT('Ctrl Pts',(-24.7914940938436,-1.95629525133691,55.7008006996581));
#4303=CARTESIAN_POINT('Ctrl Pts',(-23.6138530183499,-4.39815748518417,55.7008006996581));
#4304=CARTESIAN_POINT('Ctrl Pts',(-21.0938457004524,-6.92048319253434,55.7008006996581));
#4305=CARTESIAN_POINT('Ctrl Pts',(-17.3201343656037,-9.11798861858611,55.7008006996581));
#4306=CARTESIAN_POINT('Ctrl Pts',(-11.8090509601588,-11.1965707441482,55.7008006996581));
#4307=CARTESIAN_POINT('Ctrl Pts',(-4.47494870127611,-12.522266455788,55.7008006996581));
#4308=CARTESIAN_POINT('Ctrl Pts',(3.47830082222199,-12.5264801105143,55.7008006996581));
#4309=CARTESIAN_POINT('Ctrl Pts',(10.3395747168353,-11.4862072450462,55.7008006996581));
#4310=CARTESIAN_POINT('Ctrl Pts',(16.0009713522672,-9.77840733036856,55.7008006996581));
#4311=CARTESIAN_POINT('Ctrl Pts',(20.3235295122471,-7.48269551386776,55.7008006996581));
#4312=CARTESIAN_POINT('Ctrl Pts',(23.1196497753476,-4.92429590665025,55.7008006996581));
#4313=CARTESIAN_POINT('Ctrl Pts',(24.620243712959,-2.60784720096668,55.7008006996581));
#4314=CARTESIAN_POINT('Ctrl Pts',(25.1911325469755,-0.0038173163705922,
55.7008006996581));
#4315=CARTESIAN_POINT('Ctrl Pts',(24.4295544634345,3.48607211637899,55.7008006996581));
#4316=CARTESIAN_POINT('Ctrl Pts',(21.50297461388,6.69016004916881,55.7008006996581));
#4317=CARTESIAN_POINT('Ctrl Pts',(17.324320785244,9.1138422950348,55.7008006996581));
#4318=CARTESIAN_POINT('Ctrl Pts',(11.8043914362024,11.2011603795283,55.7008006996581));
#4319=CARTESIAN_POINT('Ctrl Pts',(5.94381690787163,12.2554284099955,55.7008006996581));
#4320=CARTESIAN_POINT('Ctrl Pts',(-0.000440550500740129,12.525279528782,
55.7008006996581));
#4321=CARTESIAN_POINT('Ctrl Pts',(-5.93757362527914,12.25744472675,55.7008006996581));
#4322=CARTESIAN_POINT('Ctrl Pts',(-11.807820416584,11.1960759506967,55.7008006996581));
#4323=CARTESIAN_POINT('Ctrl Pts',(-17.3201438996915,9.11806220105177,55.7008006996581));
#4324=CARTESIAN_POINT('Ctrl Pts',(-21.093059267131,6.92084070238364,55.7008006996581));
#4325=CARTESIAN_POINT('Ctrl Pts',(-23.6140127527765,4.39808767070187,55.7008006996581));
#4326=CARTESIAN_POINT('Ctrl Pts',(-24.7913862272095,1.95643001919827,55.7008006996581));
#4327=CARTESIAN_POINT('Ctrl Pts',(-25.,0.652270383070101,55.7008006996581));
#4328=CARTESIAN_POINT('Ctrl Pts',(-25.,1.2490009027033E-15,55.7008006996581));
#4329=CARTESIAN_POINT('Ctrl Pts',(-25.2512440372307,1.83897952938255E-15,
55.1829378829051));
#4330=CARTESIAN_POINT('Ctrl Pts',(-25.2512440372307,-0.679104758295673,
55.1829378829051));
#4331=CARTESIAN_POINT('Ctrl Pts',(-25.0340248707376,-2.0358118232337,55.1829378829051));
#4332=CARTESIAN_POINT('Ctrl Pts',(-23.8157187337909,-4.55696334098075,55.1829378829051));
#4333=CARTESIAN_POINT('Ctrl Pts',(-21.2434521029529,-7.12552246957545,55.1829378829051));
#4334=CARTESIAN_POINT('Ctrl Pts',(-17.426135839313,-9.34732124038521,55.1829378829052));
#4335=CARTESIAN_POINT('Ctrl Pts',(-11.870814741031,-11.4417007502243,55.1829378829052));
#4336=CARTESIAN_POINT('Ctrl Pts',(-4.49680299569412,-12.7738070936193,55.1829378829051));
#4337=CARTESIAN_POINT('Ctrl Pts',(3.49512762695091,-12.7781224370788,55.1829378829052));
#4338=CARTESIAN_POINT('Ctrl Pts',(10.3934809340345,-11.7326509355678,55.1829378829051));
#4339=CARTESIAN_POINT('Ctrl Pts',(16.0940449399001,-10.0131917936498,55.1829378829052));
#4340=CARTESIAN_POINT('Ctrl Pts',(20.4618752676284,-7.69642180756821,55.1829378829051));
#4341=CARTESIAN_POINT('Ctrl Pts',(23.3102452049122,-5.09247647620037,55.1829378829051));
#4342=CARTESIAN_POINT('Ctrl Pts',(24.854949814891,-2.7132155351946,55.1829378829052));
#4343=CARTESIAN_POINT('Ctrl Pts',(25.4519347870019,-0.00407355635975954,
55.1829378829051));
#4344=CARTESIAN_POINT('Ctrl Pts',(24.6548601211462,3.6271501512305,55.1829378829051));
#4345=CARTESIAN_POINT('Ctrl Pts',(21.654984156294,6.89271295965746,55.1829378829052));
#4346=CARTESIAN_POINT('Ctrl Pts',(17.4311840139397,9.34295331978988,55.1829378829051));
#4347=CARTESIAN_POINT('Ctrl Pts',(11.8652166763952,11.4464948946511,55.1829378829052));
#4348=CARTESIAN_POINT('Ctrl Pts',(5.97414191415532,12.505531469439,55.1829378829051));
#4349=CARTESIAN_POINT('Ctrl Pts',(-0.000486240246666354,12.7769817838537,
55.1829378829052));
#4350=CARTESIAN_POINT('Ctrl Pts',(-5.96740004480214,12.5076087891661,55.1829378829051));
#4351=CARTESIAN_POINT('Ctrl Pts',(-11.869720258147,11.4411764010315,55.1829378829052));
#4352=CARTESIAN_POINT('Ctrl Pts',(-17.4261319141137,9.34739095306519,55.1829378829051));
#4353=CARTESIAN_POINT('Ctrl Pts',(-21.2426766288204,7.12588254217277,55.1829378829052));
#4354=CARTESIAN_POINT('Ctrl Pts',(-23.8158771427059,4.55689237277997,55.1829378829052));
#4355=CARTESIAN_POINT('Ctrl Pts',(-25.0339169302687,2.03595054153769,55.1829378829052));
#4356=CARTESIAN_POINT('Ctrl Pts',(-25.2512440372307,0.679104758295676,55.1829378829051));
#4357=CARTESIAN_POINT('Ctrl Pts',(-25.2512440372307,1.3536022458033E-15,
55.1829378829051));
#4358=CARTESIAN_POINT('Ctrl Pts',(-25.7756005247436,1.91174861007609E-15,
55.));
#4359=CARTESIAN_POINT('Ctrl Pts',(-25.7756005247436,-0.734192236591033,
55.));
#4360=CARTESIAN_POINT('Ctrl Pts',(-25.539945031584,-2.20065206393992,55.));
#4361=CARTESIAN_POINT('Ctrl Pts',(-24.2376081645018,-4.8857160908644,55.));
#4362=CARTESIAN_POINT('Ctrl Pts',(-21.556006148389,-7.55240698943142,55.));
#4363=CARTESIAN_POINT('Ctrl Pts',(-17.647830016995,-9.82510935039252,55.));
#4364=CARTESIAN_POINT('Ctrl Pts',(-12.0003034141186,-11.9529001254136,55.));
#4365=CARTESIAN_POINT('Ctrl Pts',(-4.54219437702806,-13.2987323447553,55.));
#4366=CARTESIAN_POINT('Ctrl Pts',(3.53028107569967,-13.3032210748153,55.));
#4367=CARTESIAN_POINT('Ctrl Pts',(10.5063912903424,-12.2466289877186,55.));
#4368=CARTESIAN_POINT('Ctrl Pts',(16.2880940092285,-10.5030956684851,55.));
#4369=CARTESIAN_POINT('Ctrl Pts',(20.75138352515,-8.14078315561969,55.));
#4370=CARTESIAN_POINT('Ctrl Pts',(23.7079197647779,-5.44191929855156,55.));
#4371=CARTESIAN_POINT('Ctrl Pts',(25.3439748165002,-2.93175040523515,55.));
#4372=CARTESIAN_POINT('Ctrl Pts',(25.9949046738576,-0.00425371689523832,
55.));
#4373=CARTESIAN_POINT('Ctrl Pts',(25.1247028975207,3.91882988159442,55.));
#4374=CARTESIAN_POINT('Ctrl Pts',(21.9725726909886,7.3142265861987,55.));
#4375=CARTESIAN_POINT('Ctrl Pts',(17.6542373180846,9.82067963516125,55.));
#4376=CARTESIAN_POINT('Ctrl Pts',(11.9932316540083,11.9578333123762,55.));
#4377=CARTESIAN_POINT('Ctrl Pts',(6.03696452205624,13.0275509582579,55.));
#4378=CARTESIAN_POINT('Ctrl Pts',(-0.000614166378986239,13.3021533322326,
55.));
#4379=CARTESIAN_POINT('Ctrl Pts',(-6.02954079273201,13.0296732209735,55.));
#4380=CARTESIAN_POINT('Ctrl Pts',(-11.9992651604786,11.9523729697131,55.));
#4381=CARTESIAN_POINT('Ctrl Pts',(-17.6478168896805,9.82517008041428,55.));
#4382=CARTESIAN_POINT('Ctrl Pts',(-21.5552211179233,7.55278045143009,55.));
#4383=CARTESIAN_POINT('Ctrl Pts',(-24.2377680926683,4.88564210769734,55.));
#4384=CARTESIAN_POINT('Ctrl Pts',(-25.539833706515,2.2007997388597,55.));
#4385=CARTESIAN_POINT('Ctrl Pts',(-25.7756005247436,0.734192236591038,55.));
#4386=CARTESIAN_POINT('Ctrl Pts',(-25.7756005247436,1.57190948788393E-15,
55.));
#4387=CARTESIAN_POINT('Ctrl Pts',(-26.,1.94289029309402E-15,55.));
#4388=CARTESIAN_POINT('Ctrl Pts',(-26.,-0.757734732377729,55.));
#4389=CARTESIAN_POINT('Ctrl Pts',(-25.7564457837861,-2.271156542855,55.));
#4390=CARTESIAN_POINT('Ctrl Pts',(-24.4181773446821,-5.02631204988699,55.));
#4391=CARTESIAN_POINT('Ctrl Pts',(-21.6897755720701,-7.7350564584229,55.));
#4392=CARTESIAN_POINT('Ctrl Pts',(-17.7427208893413,-10.0295502503629,55.));
#4393=CARTESIAN_POINT('Ctrl Pts',(-12.0557389849792,-12.1716550027088,55.));
#4394=CARTESIAN_POINT('Ctrl Pts',(-4.56161198438066,-13.5233734529703,55.));
#4395=CARTESIAN_POINT('Ctrl Pts',(3.54532631006903,-13.527935015639,55.));
#4396=CARTESIAN_POINT('Ctrl Pts',(10.554725819086,-12.4665743081358,55.));
#4397=CARTESIAN_POINT('Ctrl Pts',(16.3711307001726,-10.7127475226815,55.));
#4398=CARTESIAN_POINT('Ctrl Pts',(20.8753065088151,-8.33088885109387,55.));
#4399=CARTESIAN_POINT('Ctrl Pts',(23.8781017107133,-5.59140924459842,55.));
#4400=CARTESIAN_POINT('Ctrl Pts',(25.5532253510845,-3.02522448785581,55.));
#4401=CARTESIAN_POINT('Ctrl Pts',(26.2272227570917,-0.00431832219880218,
55.));
#4402=CARTESIAN_POINT('Ctrl Pts',(25.3257597511091,4.04355774372664,55.));
#4403=CARTESIAN_POINT('Ctrl Pts',(22.1084973058828,7.49457116633537,55.));
#4404=CARTESIAN_POINT('Ctrl Pts',(17.7496943499819,10.02510820781,55.));
#4405=CARTESIAN_POINT('Ctrl Pts',(12.0480536449609,12.1766375537125,55.));
#4406=CARTESIAN_POINT('Ctrl Pts',(6.0638331397819,13.2509518696933,55.));
#4407=CARTESIAN_POINT('Ctrl Pts',(-0.000670060203792369,13.5268966374238,
55.));
#4408=CARTESIAN_POINT('Ctrl Pts',(-6.05613024585254,13.2530904635362,55.));
#4409=CARTESIAN_POINT('Ctrl Pts',(-12.0547167707483,12.1711287204486,55.));
#4410=CARTESIAN_POINT('Ctrl Pts',(-17.7427044894607,10.0296071043058,55.));
#4411=CARTESIAN_POINT('Ctrl Pts',(-21.6889853093613,7.73543593375554,55.));
#4412=CARTESIAN_POINT('Ctrl Pts',(-24.418338074016,5.0262367550678,55.));
#4413=CARTESIAN_POINT('Ctrl Pts',(-25.7563328964467,2.27130807586003,55.));
#4414=CARTESIAN_POINT('Ctrl Pts',(-26.,0.757734732377734,55.));
#4415=CARTESIAN_POINT('Ctrl Pts',(-26.,1.66533453693773E-15,55.));
#4416=CARTESIAN_POINT('',(-26.,1.66533453693773E-15,55.));
#4417=CARTESIAN_POINT('',(-25.,1.80411241501588E-15,56.));
#4418=CARTESIAN_POINT('Origin',(-26.,1.94289029309402E-15,56.));
#4419=CARTESIAN_POINT('Ctrl Pts',(-25.,1.80411241501588E-15,56.));
#4420=CARTESIAN_POINT('Ctrl Pts',(-25.,-0.65260635684686,56.));
#4421=CARTESIAN_POINT('Ctrl Pts',(-24.7915862073987,-1.95670344947614,56.));
#4422=CARTESIAN_POINT('Ctrl Pts',(-23.6136377556222,-4.39913999864108,56.));
#4423=CARTESIAN_POINT('Ctrl Pts',(-21.0937286636574,-6.92086453086818,56.));
#4424=CARTESIAN_POINT('Ctrl Pts',(-17.3199640589639,-9.1182957986358,56.));
#4425=CARTESIAN_POINT('Ctrl Pts',(-11.8088365557183,-11.1967161629231,56.));
#4426=CARTESIAN_POINT('Ctrl Pts',(-4.47502909634673,-12.5222848689738,56.));
#4427=CARTESIAN_POINT('Ctrl Pts',(3.47828791552614,-12.52651275551,56.));
#4428=CARTESIAN_POINT('Ctrl Pts',(10.3394259949685,-11.486339119978,56.));
#4429=CARTESIAN_POINT('Ctrl Pts',(16.0010443691253,-9.77844426926657,56.));
#4430=CARTESIAN_POINT('Ctrl Pts',(20.323245527747,-7.48331623371723,56.));
#4431=CARTESIAN_POINT('Ctrl Pts',(23.1196885502262,-4.9248663389521,56.));
#4432=CARTESIAN_POINT('Ctrl Pts',(24.6205427512297,-2.60835031457584,56.));
#4433=CARTESIAN_POINT('Ctrl Pts',(25.1916216799602,-0.00394725136556146,
56.));
#4434=CARTESIAN_POINT('Ctrl Pts',(24.4296934263211,3.48708186782277,56.));
#4435=CARTESIAN_POINT('Ctrl Pts',(21.5028506011766,6.69060797970835,56.));
#4436=CARTESIAN_POINT('Ctrl Pts',(17.3243114730402,9.11400266183427,56.));
#4437=CARTESIAN_POINT('Ctrl Pts',(11.8039992978745,11.2014112404807,56.));
#4438=CARTESIAN_POINT('Ctrl Pts',(5.94398798501147,12.2554121899776,56.));
#4439=CARTESIAN_POINT('Ctrl Pts',(-0.00042861681952141,12.525331286329,
56.));
#4440=CARTESIAN_POINT('Ctrl Pts',(-5.93761326953072,12.2574586883718,56.));
#4441=CARTESIAN_POINT('Ctrl Pts',(-11.8076894550158,11.1961997965425,56.));
#4442=CARTESIAN_POINT('Ctrl Pts',(-17.3199666724365,9.11836971315779,56.));
#4443=CARTESIAN_POINT('Ctrl Pts',(-21.0929541122897,6.92121909452482,56.));
#4444=CARTESIAN_POINT('Ctrl Pts',(-23.6137959197724,4.39907040660566,56.));
#4445=CARTESIAN_POINT('Ctrl Pts',(-24.7914795244325,1.95683795650148,56.));
#4446=CARTESIAN_POINT('Ctrl Pts',(-25.,0.652606356846864,56.));
#4447=CARTESIAN_POINT('Ctrl Pts',(-25.,1.2490009027033E-15,56.));
#4448=CARTESIAN_POINT('Ctrl Pts',(-26.,1.66533453693773E-15,55.));
#4449=CARTESIAN_POINT('Ctrl Pts',(-26.,0.757734732377734,55.));
#4450=CARTESIAN_POINT('Ctrl Pts',(-25.7563328964467,2.27130807586003,55.));
#4451=CARTESIAN_POINT('Ctrl Pts',(-24.418338074016,5.0262367550678,55.));
#4452=CARTESIAN_POINT('Ctrl Pts',(-21.6889853093613,7.73543593375554,55.));
#4453=CARTESIAN_POINT('Ctrl Pts',(-17.7427044894607,10.0296071043058,55.));
#4454=CARTESIAN_POINT('Ctrl Pts',(-12.0547167707483,12.1711287204486,55.));
#4455=CARTESIAN_POINT('Ctrl Pts',(-6.05613024585254,13.2530904635362,55.));
#4456=CARTESIAN_POINT('Ctrl Pts',(-0.000670060203792369,13.5268966374238,
55.));
#4457=CARTESIAN_POINT('Ctrl Pts',(6.0638331397819,13.2509518696933,55.));
#4458=CARTESIAN_POINT('Ctrl Pts',(12.0480536449609,12.1766375537125,55.));
#4459=CARTESIAN_POINT('Ctrl Pts',(17.7496943499819,10.02510820781,55.));
#4460=CARTESIAN_POINT('Ctrl Pts',(22.1084973058828,7.49457116633537,55.));
#4461=CARTESIAN_POINT('Ctrl Pts',(25.3257597511091,4.04355774372664,55.));
#4462=CARTESIAN_POINT('Ctrl Pts',(26.2272227570917,-0.00431832219880218,
55.));
#4463=CARTESIAN_POINT('Ctrl Pts',(25.5532253510845,-3.02522448785581,55.));
#4464=CARTESIAN_POINT('Ctrl Pts',(23.8781017107133,-5.59140924459842,55.));
#4465=CARTESIAN_POINT('Ctrl Pts',(20.8753065088151,-8.33088885109387,55.));
#4466=CARTESIAN_POINT('Ctrl Pts',(16.3711307001726,-10.7127475226815,55.));
#4467=CARTESIAN_POINT('Ctrl Pts',(10.554725819086,-12.4665743081358,55.));
#4468=CARTESIAN_POINT('Ctrl Pts',(3.54532631006903,-13.527935015639,55.));
#4469=CARTESIAN_POINT('Ctrl Pts',(-4.56161198438066,-13.5233734529703,55.));
#4470=CARTESIAN_POINT('Ctrl Pts',(-12.0557389849792,-12.1716550027088,55.));
#4471=CARTESIAN_POINT('Ctrl Pts',(-17.7427208893413,-10.0295502503629,55.));
#4472=CARTESIAN_POINT('Ctrl Pts',(-21.6897755720701,-7.7350564584229,55.));
#4473=CARTESIAN_POINT('Ctrl Pts',(-24.4181773446821,-5.02631204988699,55.));
#4474=CARTESIAN_POINT('Ctrl Pts',(-25.7564457837861,-2.271156542855,55.));
#4475=CARTESIAN_POINT('Ctrl Pts',(-26.,-0.757734732377729,55.));
#4476=CARTESIAN_POINT('Ctrl Pts',(-26.,1.94289029309402E-15,55.));
#4477=CARTESIAN_POINT('Ctrl Pts',(-25.,0.,59.));
#4478=CARTESIAN_POINT('Ctrl Pts',(-25.,12.4576371576401,59.));
#4479=CARTESIAN_POINT('Ctrl Pts',(0.,12.4576371576401,59.));
#4480=CARTESIAN_POINT('Ctrl Pts',(25.,12.4576371576401,59.));
#4481=CARTESIAN_POINT('Ctrl Pts',(25.,0.,59.));
#4482=CARTESIAN_POINT('Ctrl Pts',(25.,-12.4576371576401,59.));
#4483=CARTESIAN_POINT('Ctrl Pts',(0.,-12.4576371576401,59.));
#4484=CARTESIAN_POINT('Ctrl Pts',(-25.,-12.4576371576401,59.));
#4485=CARTESIAN_POINT('Ctrl Pts',(-25.,0.,59.));
#4486=CARTESIAN_POINT('Ctrl Pts',(-25.,0.,56.));
#4487=CARTESIAN_POINT('Ctrl Pts',(-25.,12.4576371576401,56.));
#4488=CARTESIAN_POINT('Ctrl Pts',(0.,12.4576371576401,56.));
#4489=CARTESIAN_POINT('Ctrl Pts',(25.,12.4576371576401,56.));
#4490=CARTESIAN_POINT('Ctrl Pts',(25.,0.,56.));
#4491=CARTESIAN_POINT('Ctrl Pts',(25.,-12.4576371576401,56.));
#4492=CARTESIAN_POINT('Ctrl Pts',(0.,-12.4576371576401,56.));
#4493=CARTESIAN_POINT('Ctrl Pts',(-25.,-12.4576371576401,56.));
#4494=CARTESIAN_POINT('Ctrl Pts',(-25.,0.,56.));
#4495=CARTESIAN_POINT('',(-25.,1.52562054700431E-15,59.));
#4496=CARTESIAN_POINT('Ctrl Pts',(-25.,1.52562054700431E-15,59.));
#4497=CARTESIAN_POINT('Ctrl Pts',(-25.,0.931829080369748,59.));
#4498=CARTESIAN_POINT('Ctrl Pts',(-24.5772978587072,2.79523330058962,59.));
#4499=CARTESIAN_POINT('Ctrl Pts',(-22.0966748038822,6.33645269670507,59.));
#4500=CARTESIAN_POINT('Ctrl Pts',(-16.1196496479924,10.0740574109617,59.));
#4501=CARTESIAN_POINT('Ctrl Pts',(-5.755471592185,12.5581462746695,59.));
#4502=CARTESIAN_POINT('Ctrl Pts',(7.03795339360799,12.5656405443054,59.));
#4503=CARTESIAN_POINT('Ctrl Pts',(16.0652625278243,9.97217957768692,59.));
#4504=CARTESIAN_POINT('Ctrl Pts',(20.7319074271663,7.04312217252857,59.));
#4505=CARTESIAN_POINT('Ctrl Pts',(23.2353262749033,4.8866415399097,59.));
#4506=CARTESIAN_POINT('Ctrl Pts',(25.092201612957,1.88508149139942,59.));
#4507=CARTESIAN_POINT('Ctrl Pts',(25.0930032667454,-1.88537223534846,59.));
#4508=CARTESIAN_POINT('Ctrl Pts',(22.8614462161644,-5.4841531151155,59.));
#4509=CARTESIAN_POINT('Ctrl Pts',(17.1871967914584,-9.64596219174841,59.));
#4510=CARTESIAN_POINT('Ctrl Pts',(8.17229461885752,-12.2379254780362,59.));
#4511=CARTESIAN_POINT('Ctrl Pts',(-4.41892974247279,-12.7081399261292,59.));
#4512=CARTESIAN_POINT('Ctrl Pts',(-15.3266770046562,-10.5813305940081,59.));
#4513=CARTESIAN_POINT('Ctrl Pts',(-22.0953931036151,-6.33349129059751,59.));
#4514=CARTESIAN_POINT('Ctrl Pts',(-24.5776833773231,-2.79611875291376,59.));
#4515=CARTESIAN_POINT('Ctrl Pts',(-25.,-0.93182908036975,59.));
#4516=CARTESIAN_POINT('Ctrl Pts',(-25.,-4.00668169493086E-15,59.));
#4517=CARTESIAN_POINT('',(-25.,1.52562054700431E-15,60.));
#4518=CARTESIAN_POINT('Origin',(0.,0.,55.));
#4519=CARTESIAN_POINT('',(-38.9704950759884,-4.54642514257008E-15,55.0000000000002));
#4520=CARTESIAN_POINT('Ctrl Pts',(-38.9704950759713,8.88178419700125E-15,
55.));
#4521=CARTESIAN_POINT('Ctrl Pts',(-38.9704950759713,-3.30118139639915,55.));
#4522=CARTESIAN_POINT('Ctrl Pts',(-38.5436387579068,-6.58831331820705,55.0000000000049));
#4523=CARTESIAN_POINT('Ctrl Pts',(-36.4061190135817,-14.7255355054833,55.0000000000049));
#4524=CARTESIAN_POINT('Ctrl Pts',(-34.1422540031813,-19.3654298880243,54.9999999999982));
#4525=CARTESIAN_POINT('Ctrl Pts',(-27.9734447228739,-27.5111960791877,54.9999999999982));
#4526=CARTESIAN_POINT('Ctrl Pts',(-24.1219172111948,-30.9494463468254,54.9999999999895));
#4527=CARTESIAN_POINT('Ctrl Pts',(-15.3966647162957,-36.1106776348524,54.9999999999895));
#4528=CARTESIAN_POINT('Ctrl Pts',(-10.6134896564051,-37.8155227505852,55.0000000000086));
#4529=CARTESIAN_POINT('Ctrl Pts',(-0.650940365240771,-39.2940580718382,
55.0000000000086));
#4530=CARTESIAN_POINT('Ctrl Pts',(4.41719205890973,-39.0440669914708,55.0000000000055));
#4531=CARTESIAN_POINT('Ctrl Pts',(14.2600352047015,-36.5926952781122,55.0000000000055));
#4532=CARTESIAN_POINT('Ctrl Pts',(18.926719208434,-34.3888910466356,54.9999999999986));
#4533=CARTESIAN_POINT('Ctrl Pts',(27.1504573340535,-28.3242172180939,54.9999999999986));
#4534=CARTESIAN_POINT('Ctrl Pts',(30.6382189711827,-24.5150614719294,54.9999999999894));
#4535=CARTESIAN_POINT('Ctrl Pts',(35.9117072694575,-15.8518057770313,54.9999999999894));
#4536=CARTESIAN_POINT('Ctrl Pts',(37.6778726201337,-11.0875273621989,55.0000000000077));
#4537=CARTESIAN_POINT('Ctrl Pts',(39.2820139532613,-1.14429744417945,55.0000000000077));
#4538=CARTESIAN_POINT('Ctrl Pts',(39.0976744316304,3.92321758600225,55.0000000000062));
#4539=CARTESIAN_POINT('Ctrl Pts',(36.7726721562023,13.7938555941952,55.0000000000062));
#4540=CARTESIAN_POINT('Ctrl Pts',(34.629106454449,18.4863998266726,54.9999999999989));
#4541=CARTESIAN_POINT('Ctrl Pts',(28.669347002388,26.7864137244136,54.9999999999989));
#4542=CARTESIAN_POINT('Ctrl Pts',(24.9031441301712,30.322944274999,55.));
#4543=CARTESIAN_POINT('Ctrl Pts',(18.4253984657934,34.3788079917496,55.));
#4544=CARTESIAN_POINT('Ctrl Pts',(16.1541904703011,35.5118044951259,54.9999999999967));
#4545=CARTESIAN_POINT('Ctrl Pts',(9.12478515304148,38.2000309171584,54.9999999999967));
#4546=CARTESIAN_POINT('Ctrl Pts',(4.15732790661135,39.0711187493226,55.0000000000135));
#4547=CARTESIAN_POINT('Ctrl Pts',(-5.90827703445257,38.8498783576271,55.0000000000135));
#4548=CARTESIAN_POINT('Ctrl Pts',(-10.9038618470721,37.7346350766594,55.0000000000002));
#4549=CARTESIAN_POINT('Ctrl Pts',(-20.2352146280407,33.6343598719029,55.0000000000002));
#4550=CARTESIAN_POINT('Ctrl Pts',(-24.4782194408957,30.6686330887874,54.9999999999923));
#4551=CARTESIAN_POINT('Ctrl Pts',(-31.5549095674596,23.3193350214253,54.9999999999923));
#4552=CARTESIAN_POINT('Ctrl Pts',(-34.3420207118418,19.0076976714416,54.9999999999999));
#4553=CARTESIAN_POINT('Ctrl Pts',(-36.2220328823839,14.2867697159437,54.9999999999999));
#4554=CARTESIAN_POINT('Ctrl Pts',(-37.7387972366052,10.4779990314,54.9999999999999));
#4555=CARTESIAN_POINT('Ctrl Pts',(-38.6449183526671,6.45359499454884,55.0000000000019));
#4556=CARTESIAN_POINT('Ctrl Pts',(-38.9462151711099,1.57493399187226,55.0000000000019));
#4557=CARTESIAN_POINT('Ctrl Pts',(-38.9704950759713,0.787067679951951,55.));
#4558=CARTESIAN_POINT('Ctrl Pts',(-38.9704950759713,8.88178419700125E-15,
55.));
#4559=CARTESIAN_POINT('Ctrl Pts',(-26.,1.77138280184657E-15,60.));
#4560=CARTESIAN_POINT('Ctrl Pts',(-26.,1.08193745192317,60.));
#4561=CARTESIAN_POINT('Ctrl Pts',(-25.5027188269235,3.24119341182504,60.));
#4562=CARTESIAN_POINT('Ctrl Pts',(-22.7405788956985,7.14066490082701,60.));
#4563=CARTESIAN_POINT('Ctrl Pts',(-16.470454824345,11.0220943387267,60.));
#4564=CARTESIAN_POINT('Ctrl Pts',(-5.86497826803341,13.5622407464962,60.));
#4565=CARTESIAN_POINT('Ctrl Pts',(7.17160315161192,13.5646701800944,60.));
#4566=CARTESIAN_POINT('Ctrl Pts',(16.4178794212381,10.9260971490035,60.));
#4567=CARTESIAN_POINT('Ctrl Pts',(21.320874690668,7.85678992598596,60.));
#4568=CARTESIAN_POINT('Ctrl Pts',(23.9919152417552,5.55610945606017,60.));
#4569=CARTESIAN_POINT('Ctrl Pts',(26.1052982536657,2.2204813405903,60.));
#4570=CARTESIAN_POINT('Ctrl Pts',(26.0992090481625,-2.22021839412542,60.));
#4571=CARTESIAN_POINT('Ctrl Pts',(23.5696196560587,-6.22027514876809,60.));
#4572=CARTESIAN_POINT('Ctrl Pts',(17.570379900802,-10.5929207291573,60.));
#4573=CARTESIAN_POINT('Ctrl Pts',(8.33197670038106,-13.2324087286447,60.));
#4574=CARTESIAN_POINT('Ctrl Pts',(-4.50555509476155,-13.7126939291744,60.));
#4575=CARTESIAN_POINT('Ctrl Pts',(-15.6399461385637,-11.5482659648288,60.));
#4576=CARTESIAN_POINT('Ctrl Pts',(-22.7388302861938,-7.13791336841118,60.));
#4577=CARTESIAN_POINT('Ctrl Pts',(-25.5032526397193,-3.24203648144479,60.));
#4578=CARTESIAN_POINT('Ctrl Pts',(-26.,-1.08193745192317,60.));
#4579=CARTESIAN_POINT('Ctrl Pts',(-26.,-1.77138280184657E-15,60.));
#4580=CARTESIAN_POINT('Ctrl Pts',(-25.6666666666667,1.68946205023248E-15,
59.6666666666667));
#4581=CARTESIAN_POINT('Ctrl Pts',(-25.6666666666667,1.03190132807203,59.6666666666667));
#4582=CARTESIAN_POINT('Ctrl Pts',(-25.1942451708514,3.09254004141323,59.6666666666667));
#4583=CARTESIAN_POINT('Ctrl Pts',(-22.5259441984264,6.87259416611969,59.6666666666667));
#4584=CARTESIAN_POINT('Ctrl Pts',(-16.3535197655608,10.7060820294717,59.6666666666667));
#4585=CARTESIAN_POINT('Ctrl Pts',(-5.8284760427506,13.2275425892206,59.6666666666667));
#4586=CARTESIAN_POINT('Ctrl Pts',(7.12705323227727,13.2316603014981,59.6666666666667));
#4587=CARTESIAN_POINT('Ctrl Pts',(16.3003404567668,10.6081246252313,59.6666666666667));
#4588=CARTESIAN_POINT('Ctrl Pts',(21.1245522695007,7.58556734150016,59.6666666666667));
#4589=CARTESIAN_POINT('Ctrl Pts',(23.7397189194712,5.33295348401001,59.6666666666667));
#4590=CARTESIAN_POINT('Ctrl Pts',(25.7675993734295,2.10868139086001,59.6666666666667));
#4591=CARTESIAN_POINT('Ctrl Pts',(25.7638071210235,-2.10860300786643,59.6666666666667));
#4592=CARTESIAN_POINT('Ctrl Pts',(23.3335618427606,-5.97490113755055,59.6666666666666));
#4593=CARTESIAN_POINT('Ctrl Pts',(17.4426521976875,-10.2772678833544,59.6666666666667));
#4594=CARTESIAN_POINT('Ctrl Pts',(8.27874933987321,-12.9009143117752,59.6666666666667));
#4595=CARTESIAN_POINT('Ctrl Pts',(-4.47667997733197,-13.377842594826,59.6666666666666));
#4596=CARTESIAN_POINT('Ctrl Pts',(-15.5355230939278,-11.2259541745553,59.6666666666667));
#4597=CARTESIAN_POINT('Ctrl Pts',(-22.5243512253343,-6.86977267580662,59.6666666666666));
#4598=CARTESIAN_POINT('Ctrl Pts',(-25.1947295522539,-3.09339723860111,59.6666666666667));
#4599=CARTESIAN_POINT('Ctrl Pts',(-25.6666666666667,-1.03190132807203,59.6666666666667));
#4600=CARTESIAN_POINT('Ctrl Pts',(-25.6666666666667,-2.51648243287467E-15,
59.6666666666667));
#4601=CARTESIAN_POINT('Ctrl Pts',(-25.3333333333333,1.60754129861839E-15,
59.3333333333333));
#4602=CARTESIAN_POINT('Ctrl Pts',(-25.3333333333333,0.98186520422089,59.3333333333333));
#4603=CARTESIAN_POINT('Ctrl Pts',(-24.8857715147793,2.94388667100143,59.3333333333333));
#4604=CARTESIAN_POINT('Ctrl Pts',(-22.3113095011543,6.60452343141239,59.3333333333334));
#4605=CARTESIAN_POINT('Ctrl Pts',(-16.2365847067766,10.3900697202167,59.3333333333333));
#4606=CARTESIAN_POINT('Ctrl Pts',(-5.7919738174678,12.8928444319451,59.3333333333333));
#4607=CARTESIAN_POINT('Ctrl Pts',(7.08250331294264,12.8986504229018,59.3333333333334));
#4608=CARTESIAN_POINT('Ctrl Pts',(16.1828014922956,10.2901521014591,59.3333333333333));
#4609=CARTESIAN_POINT('Ctrl Pts',(20.9282298483335,7.31434475701437,59.3333333333334));
#4610=CARTESIAN_POINT('Ctrl Pts',(23.4875225971873,5.10979751195986,59.3333333333333));
#4611=CARTESIAN_POINT('Ctrl Pts',(25.4299004931932,1.99688144112971,59.3333333333334));
#4612=CARTESIAN_POINT('Ctrl Pts',(25.4284051938844,-1.99698762160745,59.3333333333333));
#4613=CARTESIAN_POINT('Ctrl Pts',(23.0975040294625,-5.72952712633303,59.3333333333333));
#4614=CARTESIAN_POINT('Ctrl Pts',(17.3149244945729,-9.96161503755139,59.3333333333333));
#4615=CARTESIAN_POINT('Ctrl Pts',(8.22552197936537,-12.5694198949057,59.3333333333333));
#4616=CARTESIAN_POINT('Ctrl Pts',(-4.44780485990238,-13.0429912604776,59.3333333333333));
#4617=CARTESIAN_POINT('Ctrl Pts',(-15.431100049292,-10.9036423842817,59.3333333333333));
#4618=CARTESIAN_POINT('Ctrl Pts',(-22.3098721644747,-6.60163198320207,59.3333333333333));
#4619=CARTESIAN_POINT('Ctrl Pts',(-24.8862064647885,-2.94475799575744,59.3333333333333));
#4620=CARTESIAN_POINT('Ctrl Pts',(-25.3333333333333,-0.981865204220892,
59.3333333333333));
#4621=CARTESIAN_POINT('Ctrl Pts',(-25.3333333333333,-3.26158206390276E-15,
59.3333333333333));
#4622=CARTESIAN_POINT('Ctrl Pts',(-25.,1.52562054700431E-15,59.));
#4623=CARTESIAN_POINT('Ctrl Pts',(-25.,0.931829080369748,59.));
#4624=CARTESIAN_POINT('Ctrl Pts',(-24.5772978587072,2.79523330058962,59.));
#4625=CARTESIAN_POINT('Ctrl Pts',(-22.0966748038822,6.33645269670507,59.));
#4626=CARTESIAN_POINT('Ctrl Pts',(-16.1196496479924,10.0740574109617,59.));
#4627=CARTESIAN_POINT('Ctrl Pts',(-5.755471592185,12.5581462746695,59.));
#4628=CARTESIAN_POINT('Ctrl Pts',(7.03795339360799,12.5656405443054,59.));
#4629=CARTESIAN_POINT('Ctrl Pts',(16.0652625278243,9.97217957768692,59.));
#4630=CARTESIAN_POINT('Ctrl Pts',(20.7319074271663,7.04312217252857,59.));
#4631=CARTESIAN_POINT('Ctrl Pts',(23.2353262749033,4.8866415399097,59.));
#4632=CARTESIAN_POINT('Ctrl Pts',(25.092201612957,1.88508149139942,59.));
#4633=CARTESIAN_POINT('Ctrl Pts',(25.0930032667454,-1.88537223534846,59.));
#4634=CARTESIAN_POINT('Ctrl Pts',(22.8614462161644,-5.4841531151155,59.));
#4635=CARTESIAN_POINT('Ctrl Pts',(17.1871967914584,-9.64596219174841,59.));
#4636=CARTESIAN_POINT('Ctrl Pts',(8.17229461885752,-12.2379254780362,59.));
#4637=CARTESIAN_POINT('Ctrl Pts',(-4.41892974247279,-12.7081399261292,59.));
#4638=CARTESIAN_POINT('Ctrl Pts',(-15.3266770046562,-10.5813305940081,59.));
#4639=CARTESIAN_POINT('Ctrl Pts',(-22.0953931036151,-6.33349129059751,59.));
#4640=CARTESIAN_POINT('Ctrl Pts',(-24.5776833773231,-2.79611875291376,59.));
#4641=CARTESIAN_POINT('Ctrl Pts',(-25.,-0.93182908036975,59.));
#4642=CARTESIAN_POINT('Ctrl Pts',(-25.,-4.00668169493086E-15,59.));
#4643=CARTESIAN_POINT('',(-26.,1.77138280184657E-15,60.));
#4644=CARTESIAN_POINT('Ctrl Pts',(106.,-4.44089209850063E-15,0.));
#4645=CARTESIAN_POINT('Ctrl Pts',(106.,-0.0131011428981954,0.));
#4646=CARTESIAN_POINT('Ctrl Pts',(105.999997571133,-0.0262024029913425,
0.));
#4647=CARTESIAN_POINT('Ctrl Pts',(105.999992713268,-0.0393037789588946,
0.));
#4648=CARTESIAN_POINT('Ctrl Pts',(105.391453646927,-3.98379503994773E-15,
0.41481783342641));
#4649=CARTESIAN_POINT('Ctrl Pts',(105.391453646927,-0.0130257681721919,
0.414817833426408));
#4650=CARTESIAN_POINT('Ctrl Pts',(105.391451232404,-0.0260516529503731,
0.414817831641847));
#4651=CARTESIAN_POINT('Ctrl Pts',(105.39144640323,-0.0390776530220122,0.414817828074509));
#4652=CARTESIAN_POINT('Ctrl Pts',(104.983191689251,-3.53117547487701E-15,
1.1106487434929));
#4653=CARTESIAN_POINT('Ctrl Pts',(104.983191689251,-0.0129751493110583,
1.1106487434929));
#4654=CARTESIAN_POINT('Ctrl Pts',(104.983189283229,-0.0259504148597573,
1.11064873925941));
#4655=CARTESIAN_POINT('Ctrl Pts',(104.983184471055,-0.0389257953376935,
1.11064873079668));
#4656=CARTESIAN_POINT('Ctrl Pts',(104.91794128162,-3.2412678443012E-15,
1.84423233318913));
#4657=CARTESIAN_POINT('Ctrl Pts',(104.91794128162,-0.0129669825166684,1.84423233318913));
#4658=CARTESIAN_POINT('Ctrl Pts',(104.917938874835,-0.0259340812520212,
1.8442323274595));
#4659=CARTESIAN_POINT('Ctrl Pts',(104.917934061137,-0.0389012948959438,
1.84423231600601));
#4660=CARTESIAN_POINT('Ctrl Pts',(105.999992713268,-0.0393037789588896,
0.));
#4661=CARTESIAN_POINT('Ctrl Pts',(105.999997571133,-0.0262024029913523,
0.));
#4662=CARTESIAN_POINT('Ctrl Pts',(106.,-0.01310114289822,0.));
#4663=CARTESIAN_POINT('Ctrl Pts',(106.,-4.38234098614006E-14,0.));
#4664=CARTESIAN_POINT('Ctrl Pts',(104.917934061137,-0.0389012948959438,
1.84423231600601));
#4665=CARTESIAN_POINT('Ctrl Pts',(104.917938874835,-0.0259340812520212,
1.8442323274595));
#4666=CARTESIAN_POINT('Ctrl Pts',(104.91794128162,-0.0129669825166684,1.84423233318913));
#4667=CARTESIAN_POINT('Ctrl Pts',(104.91794128162,-3.2412678443012E-15,
1.84423233318913));
#4668=CARTESIAN_POINT('Ctrl Pts',(-109.690748487461,-1.77635683940025E-14,
3.98802752021504));
#4669=CARTESIAN_POINT('Ctrl Pts',(-109.690748487461,-9.57232360041596,3.98802752021504));
#4670=CARTESIAN_POINT('Ctrl Pts',(-107.161023871592,-28.7155540967024,3.98726683878255));
#4671=CARTESIAN_POINT('Ctrl Pts',(-96.0586464213823,-55.4614309623717,3.98550056000184));
#4672=CARTESIAN_POINT('Ctrl Pts',(-78.4253632506631,-78.4252763932748,3.98467620733079));
#4673=CARTESIAN_POINT('Ctrl Pts',(-55.4617489991908,-96.0593192844206,3.9854982680922));
#4674=CARTESIAN_POINT('Ctrl Pts',(-28.7157191811591,-107.160706837508,3.98726761206557));
#4675=CARTESIAN_POINT('Ctrl Pts',(-8.29915878521074E-5,-110.956844532835,
3.98840738534219));
#4676=CARTESIAN_POINT('Ctrl Pts',(28.7159115162544,-107.160853276755,3.98726703102051));
#4677=CARTESIAN_POINT('Ctrl Pts',(55.4612659095349,-96.058776131369,3.98550046604728));
#4678=CARTESIAN_POINT('Ctrl Pts',(78.4253455030421,-78.4253153628151,3.98467624638789));
#4679=CARTESIAN_POINT('Ctrl Pts',(96.0592815647423,-55.4617761459774,3.98549824612372));
#4680=CARTESIAN_POINT('Ctrl Pts',(107.160724331875,-28.7157074069666,3.98726762362388));
#4681=CARTESIAN_POINT('Ctrl Pts',(110.956835528157,-8.77875816653782E-5,
3.9884073765428));
#4682=CARTESIAN_POINT('Ctrl Pts',(107.160858895373,28.7159119972235,3.98726704202552));
#4683=CARTESIAN_POINT('Ctrl Pts',(96.0587703485871,55.461269630251,3.98550044544125));
#4684=CARTESIAN_POINT('Ctrl Pts',(78.4253231293651,78.4253372570267,3.98467628120987));
#4685=CARTESIAN_POINT('Ctrl Pts',(55.4617603077728,96.0593005660776,3.98549817029526));
#4686=CARTESIAN_POINT('Ctrl Pts',(28.7157440120432,107.160678878076,3.98726780219734));
#4687=CARTESIAN_POINT('Ctrl Pts',(5.7642383436776E-6,110.956937635838,3.98840697539279));
#4688=CARTESIAN_POINT('Ctrl Pts',(-28.7157587539731,107.160665418531,3.9872677946669));
#4689=CARTESIAN_POINT('Ctrl Pts',(-55.4617322192313,96.0593368600733,3.98549819063931));
#4690=CARTESIAN_POINT('Ctrl Pts',(-78.4253709345878,78.425268346661,3.98467624279497));
#4691=CARTESIAN_POINT('Ctrl Pts',(-96.058641940266,55.4614356554147,3.98550053931901));
#4692=CARTESIAN_POINT('Ctrl Pts',(-107.161026197121,28.7155516612448,3.98726684951605));
#4693=CARTESIAN_POINT('Ctrl Pts',(-109.690748487461,9.57232360041595,3.98802752021504));
#4694=CARTESIAN_POINT('Ctrl Pts',(-109.690748487461,0.,3.98802752021504));
#4695=CARTESIAN_POINT('Ctrl Pts',(-108.460498991641,-5.9211894646675E-14,
2.65868501347669));
#4696=CARTESIAN_POINT('Ctrl Pts',(-108.460453033011,-9.46492937271556,2.65868510083698));
#4697=CARTESIAN_POINT('Ctrl Pts',(-105.962426479183,-28.3937308172506,2.65817790602516));
#4698=CARTESIAN_POINT('Ctrl Pts',(-94.9903584063894,-54.8440382683062,2.657000379192));
#4699=CARTESIAN_POINT('Ctrl Pts',(-77.5551090458554,-77.5550422994735,2.656451303105));
#4700=CARTESIAN_POINT('Ctrl Pts',(-54.8443946628155,-94.9910278851315,2.65699805998239));
#4701=CARTESIAN_POINT('Ctrl Pts',(-28.3938175427699,-105.962096060535,2.65817872638811));
#4702=CARTESIAN_POINT('Ctrl Pts',(-8.29834028007832E-5,-109.71075271193,
2.65893810504313));
#4703=CARTESIAN_POINT('Ctrl Pts',(28.394009893864,-105.962237771463,2.65817814099323));
#4704=CARTESIAN_POINT('Ctrl Pts',(54.8439112223314,-94.9904962408121,2.65700026569545));
#4705=CARTESIAN_POINT('Ctrl Pts',(77.5550943933822,-77.5550575848828,2.65645135078942));
#4706=CARTESIAN_POINT('Ctrl Pts',(94.9910008365289,-54.8444240509251,2.65699803261374));
#4707=CARTESIAN_POINT('Ctrl Pts',(105.962107702402,-28.3938045118151,2.65817874093486));
#4708=CARTESIAN_POINT('Ctrl Pts',(109.710746821408,-8.8503300678966E-5,
2.65893809459786));
#4709=CARTESIAN_POINT('Ctrl Pts',(105.962241757857,28.3940108593426,2.65817815296726));
#4710=CARTESIAN_POINT('Ctrl Pts',(94.9904912848176,54.8439144965985,2.6570002443951));
#4711=CARTESIAN_POINT('Ctrl Pts',(77.5550649837741,77.5550867424141,2.65645138632144));
#4712=CARTESIAN_POINT('Ctrl Pts',(54.8444084330671,94.9910188188456,2.65699795568982));
#4713=CARTESIAN_POINT('Ctrl Pts',(28.3938410186632,105.962064106281,2.65817892141091));
#4714=CARTESIAN_POINT('Ctrl Pts',(6.48447496023048E-6,109.710845456824,
2.65893768998893));
#4715=CARTESIAN_POINT('Ctrl Pts',(-28.3938574919838,105.962054827999,2.65817891172612));
#4716=CARTESIAN_POINT('Ctrl Pts',(-54.8443776817166,94.9910453615073,2.65699798106237));
#4717=CARTESIAN_POINT('Ctrl Pts',(-77.5551168398667,77.5550343071644,2.65645133937258));
#4718=CARTESIAN_POINT('Ctrl Pts',(-94.9903538594849,54.8440429289025,2.65700035802898));
#4719=CARTESIAN_POINT('Ctrl Pts',(-105.962428854948,28.3937284065687,2.65817791712536));
#4720=CARTESIAN_POINT('Ctrl Pts',(-108.460453005701,9.46492935924698,2.65868510063763));
#4721=CARTESIAN_POINT('Ctrl Pts',(-108.460498991641,5.03301104496738E-14,
2.65868501347669));
#4722=CARTESIAN_POINT('Ctrl Pts',(-107.23024949582,-1.00660220899348E-13,
1.32934250673835));
#4723=CARTESIAN_POINT('Ctrl Pts',(-107.23029545445,-9.35763926327049,1.32934241937806));
#4724=CARTESIAN_POINT('Ctrl Pts',(-104.763769871826,-28.0718554321964,1.32908893275739));
#4725=CARTESIAN_POINT('Ctrl Pts',(-93.922094933765,-54.2266716559303,1.32850018080984));
#4726=CARTESIAN_POINT('Ctrl Pts',(-76.6848608078836,-76.6847918407243,1.32822490422579));
#4727=CARTESIAN_POINT('Ctrl Pts',(-54.2270265537183,-93.9227526409992,1.32850020810981));
#4728=CARTESIAN_POINT('Ctrl Pts',(-28.0719180049817,-104.76348100368,1.32908888567746));
#4729=CARTESIAN_POINT('Ctrl Pts',(-8.18577262793549E-5,-108.464657282992,
1.32946928029906));
#4730=CARTESIAN_POINT('Ctrl Pts',(28.0721077960016,-104.763627403343,1.32908889002728));
#4731=CARTESIAN_POINT('Ctrl Pts',(54.2265510046867,-93.9222083547481,1.32850020035183));
#4732=CARTESIAN_POINT('Ctrl Pts',(76.6848431826674,-76.6848194677872,1.32822489559847));
#4733=CARTESIAN_POINT('Ctrl Pts',(93.922723114284,-54.2270497581806,1.32850021350997));
#4734=CARTESIAN_POINT('Ctrl Pts',(104.763495748767,-28.0719082380512,1.32908888268902));
#4735=CARTESIAN_POINT('Ctrl Pts',(108.464649268969,-8.55936930862344E-5,
1.32946928194495));
#4736=CARTESIAN_POINT('Ctrl Pts',(104.763632714876,28.0721076842833,1.32908888905826));
#4737=CARTESIAN_POINT('Ctrl Pts',(93.9222026941559,54.2265551131048,1.32850020104615));
#4738=CARTESIAN_POINT('Ctrl Pts',(76.6848271337319,76.6848345521319,1.32822489488843));
#4739=CARTESIAN_POINT('Ctrl Pts',(54.2270341106634,93.9227426195463,1.32850021460544));
#4740=CARTESIAN_POINT('Ctrl Pts',(28.071944361867,104.763449710594,1.32908888078643));
#4741=CARTESIAN_POINT('Ctrl Pts',(4.72358908552262E-6,108.464752126787,
1.32946928540386));
#4742=CARTESIAN_POINT('Ctrl Pts',(-28.0719565538353,104.763438785395,1.32908888294078));
#4743=CARTESIAN_POINT('Ctrl Pts',(-54.2270102501008,93.9227705762993,1.32850020957695));
#4744=CARTESIAN_POINT('Ctrl Pts',(-76.6848682557813,76.6847836206415,1.32822490342239));
#4745=CARTESIAN_POINT('Ctrl Pts',(-93.9220905919029,54.2266764509304,1.32850018129003));
#4746=CARTESIAN_POINT('Ctrl Pts',(-104.763772108994,28.0718529358918,1.32908893239069));
#4747=CARTESIAN_POINT('Ctrl Pts',(-107.23029548176,9.35763927673906,1.32934241957741));
#4748=CARTESIAN_POINT('Ctrl Pts',(-107.23024949582,1.00660220899348E-13,
1.32934250673835));
#4749=CARTESIAN_POINT('Ctrl Pts',(-106.,-1.4210854715202E-13,0.));
#4750=CARTESIAN_POINT('Ctrl Pts',(-106.,-9.25024503557009,0.));
#4751=CARTESIAN_POINT('Ctrl Pts',(-103.565172479416,-27.7500321527446,0.));
#4752=CARTESIAN_POINT('Ctrl Pts',(-92.8538069187721,-53.6092789618647,0.));
#4753=CARTESIAN_POINT('Ctrl Pts',(-75.814606603076,-75.8145577469231,0.));
#4754=CARTESIAN_POINT('Ctrl Pts',(-53.609672217343,-92.8544612417101,0.));
#4755=CARTESIAN_POINT('Ctrl Pts',(-27.7500163665926,-103.564870226707,0.));
#4756=CARTESIAN_POINT('Ctrl Pts',(-8.18495412280307E-5,-107.218565462087,
0.));
#4757=CARTESIAN_POINT('Ctrl Pts',(27.7502061736113,-103.565011898051,0.));
#4758=CARTESIAN_POINT('Ctrl Pts',(53.6091963174832,-92.8539284641912,0.));
#4759=CARTESIAN_POINT('Ctrl Pts',(75.8145920730074,-75.8145616898549,0.));
#4760=CARTESIAN_POINT('Ctrl Pts',(92.8544423860706,-53.6096976631283,0.));
#4761=CARTESIAN_POINT('Ctrl Pts',(103.564879119295,-27.7500053428997,0.));
#4762=CARTESIAN_POINT('Ctrl Pts',(107.21856056222,-8.63094120998221E-5,
0.));
#4763=CARTESIAN_POINT('Ctrl Pts',(103.56501557736,27.7502065464025,0.));
#4764=CARTESIAN_POINT('Ctrl Pts',(92.8539236303865,53.6091999794522,0.));
#4765=CARTESIAN_POINT('Ctrl Pts',(75.8145689881409,75.8145840375194,0.));
#4766=CARTESIAN_POINT('Ctrl Pts',(53.6096822359577,92.8544608723143,0.));
#4767=CARTESIAN_POINT('Ctrl Pts',(27.7500413684871,103.564834938799,0.));
#4768=CARTESIAN_POINT('Ctrl Pts',(5.4438257020755E-6,107.218659947773,0.));
#4769=CARTESIAN_POINT('Ctrl Pts',(-27.750055291846,103.564828194863,0.));
#4770=CARTESIAN_POINT('Ctrl Pts',(-53.6096557125861,92.8544790777333,0.));
#4771=CARTESIAN_POINT('Ctrl Pts',(-75.8146141610602,75.8145495811449,0.));
#4772=CARTESIAN_POINT('Ctrl Pts',(-92.8538025111218,53.6092837244182,0.));
#4773=CARTESIAN_POINT('Ctrl Pts',(-103.565174766822,27.7500296812157,0.));
#4774=CARTESIAN_POINT('Ctrl Pts',(-106.,9.2502450355701,0.));
#4775=CARTESIAN_POINT('Ctrl Pts',(-106.,1.50990331349021E-13,0.));
#4776=CARTESIAN_POINT('',(-109.690748487461,-1.55276951610242E-14,3.98802752021504));
#4777=CARTESIAN_POINT('',(-109.690748487461,-1.55276951610242E-14,3.98802752021504));
#4778=CARTESIAN_POINT('Ctrl Pts',(-109.690748487461,0.,3.98802752021504));
#4779=CARTESIAN_POINT('Ctrl Pts',(-109.690748487461,9.57232360041595,3.98802752021504));
#4780=CARTESIAN_POINT('Ctrl Pts',(-107.161026197121,28.7155516612448,3.98726684951605));
#4781=CARTESIAN_POINT('Ctrl Pts',(-96.058641940266,55.4614356554147,3.98550053931901));
#4782=CARTESIAN_POINT('Ctrl Pts',(-78.4253709345878,78.425268346661,3.98467624279497));
#4783=CARTESIAN_POINT('Ctrl Pts',(-55.4617322192313,96.0593368600733,3.98549819063931));
#4784=CARTESIAN_POINT('Ctrl Pts',(-28.7157587539731,107.160665418531,3.9872677946669));
#4785=CARTESIAN_POINT('Ctrl Pts',(5.7642383436776E-6,110.956937635838,3.98840697539279));
#4786=CARTESIAN_POINT('Ctrl Pts',(28.7157440120432,107.160678878076,3.98726780219734));
#4787=CARTESIAN_POINT('Ctrl Pts',(55.4617603077728,96.0593005660776,3.98549817029526));
#4788=CARTESIAN_POINT('Ctrl Pts',(78.4253231293651,78.4253372570267,3.98467628120987));
#4789=CARTESIAN_POINT('Ctrl Pts',(96.0587703485871,55.461269630251,3.98550044544125));
#4790=CARTESIAN_POINT('Ctrl Pts',(107.160858895373,28.7159119972235,3.98726704202552));
#4791=CARTESIAN_POINT('Ctrl Pts',(110.956835528157,-8.77875816653782E-5,
3.9884073765428));
#4792=CARTESIAN_POINT('Ctrl Pts',(107.160724331875,-28.7157074069666,3.98726762362388));
#4793=CARTESIAN_POINT('Ctrl Pts',(96.0592815647423,-55.4617761459774,3.98549824612372));
#4794=CARTESIAN_POINT('Ctrl Pts',(78.4253455030421,-78.4253153628151,3.98467624638789));
#4795=CARTESIAN_POINT('Ctrl Pts',(55.4612659095349,-96.058776131369,3.98550046604728));
#4796=CARTESIAN_POINT('Ctrl Pts',(28.7159115162544,-107.160853276755,3.98726703102051));
#4797=CARTESIAN_POINT('Ctrl Pts',(-8.29915878521074E-5,-110.956844532835,
3.98840738534219));
#4798=CARTESIAN_POINT('Ctrl Pts',(-28.7157191811591,-107.160706837508,3.98726761206557));
#4799=CARTESIAN_POINT('Ctrl Pts',(-55.4617489991908,-96.0593192844206,3.9854982680922));
#4800=CARTESIAN_POINT('Ctrl Pts',(-78.4253632506631,-78.4252763932748,3.98467620733079));
#4801=CARTESIAN_POINT('Ctrl Pts',(-96.0586464213823,-55.4614309623717,3.98550056000184));
#4802=CARTESIAN_POINT('Ctrl Pts',(-107.161023871592,-28.7155540967024,3.98726683878255));
#4803=CARTESIAN_POINT('Ctrl Pts',(-109.690748487461,-9.57232360041596,3.98802752021504));
#4804=CARTESIAN_POINT('Ctrl Pts',(-109.690748487461,-1.77635683940025E-14,
3.98802752021504));
#4805=CARTESIAN_POINT('Ctrl Pts',(-109.691225222273,-1.32920905695307E-14,
3.98495241021566));
#4806=CARTESIAN_POINT('Ctrl Pts',(-106.797667643923,-1.16615077730636E-14,
22.6566349401438));
#4807=CARTESIAN_POINT('Ctrl Pts',(-83.5672592364989,4.36863260570725E-16,
41.3283174700719));
#4808=CARTESIAN_POINT('Ctrl Pts',(-40.,-4.89858719658941E-15,60.));
#4809=CARTESIAN_POINT('Ctrl Pts',(-109.691225222273,-14.3448359820086,3.98495241021566));
#4810=CARTESIAN_POINT('Ctrl Pts',(-106.797030220618,-13.8422041188835,22.6566349401438));
#4811=CARTESIAN_POINT('Ctrl Pts',(-83.5672592364988,-9.902760673221,41.3283174700719));
#4812=CARTESIAN_POINT('Ctrl Pts',(-40.,-5.23598775598299,60.));
#4813=CARTESIAN_POINT('Ctrl Pts',(-103.971554210795,-43.0394521088877,3.98495241021566));
#4814=CARTESIAN_POINT('Ctrl Pts',(-101.127694404786,-41.6249281245276,22.6566349401438));
#4815=CARTESIAN_POINT('Ctrl Pts',(-78.3730818811646,-30.4854492986099,41.3283174700719));
#4816=CARTESIAN_POINT('Ctrl Pts',(-37.9183435906089,-15.7059960595715,60.));
#4817=CARTESIAN_POINT('Ctrl Pts',(-79.5555759141914,-79.5562442349378,3.98495241021566));
#4818=CARTESIAN_POINT('Ctrl Pts',(-77.1878212098129,-77.1886078144857,22.6566349401438));
#4819=CARTESIAN_POINT('Ctrl Pts',(-58.3886923007452,-58.3889372982766,41.3283174700719));
#4820=CARTESIAN_POINT('Ctrl Pts',(-29.0215566919841,-29.0218016895153,60.));
#4821=CARTESIAN_POINT('Ctrl Pts',(-43.0395917843147,-103.971918113232,3.98495241021566));
#4822=CARTESIAN_POINT('Ctrl Pts',(-41.6251474025508,-101.127827339647,22.6566349401438));
#4823=CARTESIAN_POINT('Ctrl Pts',(-30.485500501771,-78.3732152829763,41.3283174700719));
#4824=CARTESIAN_POINT('Ctrl Pts',(-15.7060472627325,-37.9184769924208,60.));
#4825=CARTESIAN_POINT('Ctrl Pts',(-14.34449320638,-109.694996966899,3.98495241021566));
#4826=CARTESIAN_POINT('Ctrl Pts',(-13.8418315488434,-106.801159572689,22.6566349401438));
#4827=CARTESIAN_POINT('Ctrl Pts',(-9.9026350162169,-83.568641908108,41.3283174700719));
#4828=CARTESIAN_POINT('Ctrl Pts',(-5.23586209897891,-40.0013826716091,60.));
#4829=CARTESIAN_POINT('Ctrl Pts',(14.3445858837307,-109.694989226259,3.98495241021566));
#4830=CARTESIAN_POINT('Ctrl Pts',(13.8419395029873,-106.801151832049,22.6566349401438));
#4831=CARTESIAN_POINT('Ctrl Pts',(9.90266899050582,-83.5686390704919,41.3283174700719));
#4832=CARTESIAN_POINT('Ctrl Pts',(5.23589607326781,-40.0013798339929,60.));
#4833=CARTESIAN_POINT('Ctrl Pts',(43.0395358313243,-103.971941877322,3.98495241021566));
#4834=CARTESIAN_POINT('Ctrl Pts',(41.6250214708191,-101.127851103738,22.6566349401438));
#4835=CARTESIAN_POINT('Ctrl Pts',(30.485479990146,-78.3732239945771,41.3283174700719));
#4836=CARTESIAN_POINT('Ctrl Pts',(15.7060267511076,-37.9184857040215,60.));
#4837=CARTESIAN_POINT('Ctrl Pts',(79.5561852588348,-79.5561850424142,3.98495241021566));
#4838=CARTESIAN_POINT('Ctrl Pts',(77.1885440044658,-77.1885486219621,22.6566349401438));
#4839=CARTESIAN_POINT('Ctrl Pts',(58.3889156784186,-58.3889155990816,41.3283174700719));
#4840=CARTESIAN_POINT('Ctrl Pts',(29.0217800696573,-29.0217799903204,60.));
#4841=CARTESIAN_POINT('Ctrl Pts',(103.971942580301,-43.0395222385897,3.98495241021566));
#4842=CARTESIAN_POINT('Ctrl Pts',(101.127854795452,-41.6249982542295,22.6566349401438));
#4843=CARTESIAN_POINT('Ctrl Pts',(78.37322425228,-30.4854750072296,41.3283174700719));
#4844=CARTESIAN_POINT('Ctrl Pts',(37.9184859617244,-15.7060217681911,60.));
#4845=CARTESIAN_POINT('Ctrl Pts',(109.694990232376,-14.3445737485623,3.98495241021566));
#4846=CARTESIAN_POINT('Ctrl Pts',(106.801152185011,-13.8419418854372,22.6566349401438));
#4847=CARTESIAN_POINT('Ctrl Pts',(83.568639439321,-9.90266454191384,41.3283174700719));
#4848=CARTESIAN_POINT('Ctrl Pts',(40.001380202822,-5.23589162467584,60.));
#4849=CARTESIAN_POINT('Ctrl Pts',(109.694990232376,14.3445737485623,3.98495241021566));
#4850=CARTESIAN_POINT('Ctrl Pts',(106.801152185011,13.8419418854372,22.6566349401438));
#4851=CARTESIAN_POINT('Ctrl Pts',(83.5686394393209,9.90266454191385,41.3283174700719));
#4852=CARTESIAN_POINT('Ctrl Pts',(40.001380202822,5.23589162467584,60.));
#4853=CARTESIAN_POINT('Ctrl Pts',(103.971942580301,43.0395222385897,3.98495241021565));
#4854=CARTESIAN_POINT('Ctrl Pts',(101.127854795452,41.6249982542295,22.6566349401438));
#4855=CARTESIAN_POINT('Ctrl Pts',(78.37322425228,30.4854750072295,41.3283174700719));
#4856=CARTESIAN_POINT('Ctrl Pts',(37.9184859617244,15.7060217681911,60.));
#4857=CARTESIAN_POINT('Ctrl Pts',(79.5561852588349,79.5561850424142,3.98495241021566));
#4858=CARTESIAN_POINT('Ctrl Pts',(77.1885440044659,77.1885486219621,22.6566349401438));
#4859=CARTESIAN_POINT('Ctrl Pts',(58.3889156784185,58.3889155990817,41.3283174700719));
#4860=CARTESIAN_POINT('Ctrl Pts',(29.0217800696573,29.0217799903204,60.));
#4861=CARTESIAN_POINT('Ctrl Pts',(43.0395358313243,103.971941877322,3.98495241021566));
#4862=CARTESIAN_POINT('Ctrl Pts',(41.6250214708191,101.127851103738,22.6566349401438));
#4863=CARTESIAN_POINT('Ctrl Pts',(30.4854799901461,78.373223994577,41.3283174700719));
#4864=CARTESIAN_POINT('Ctrl Pts',(15.7060267511076,37.9184857040215,60.));
#4865=CARTESIAN_POINT('Ctrl Pts',(14.3445858837307,109.694989226259,3.98495241021566));
#4866=CARTESIAN_POINT('Ctrl Pts',(13.8419395029873,106.801151832049,22.6566349401438));
#4867=CARTESIAN_POINT('Ctrl Pts',(9.90266899050579,83.5686390704919,41.3283174700719));
#4868=CARTESIAN_POINT('Ctrl Pts',(5.23589607326781,40.0013798339929,60.));
#4869=CARTESIAN_POINT('Ctrl Pts',(-14.34449320638,109.694996966899,3.98495241021566));
#4870=CARTESIAN_POINT('Ctrl Pts',(-13.8418315488435,106.801159572689,22.6566349401438));
#4871=CARTESIAN_POINT('Ctrl Pts',(-9.90263501621688,83.568641908108,41.3283174700719));
#4872=CARTESIAN_POINT('Ctrl Pts',(-5.2358620989789,40.0013826716091,60.));
#4873=CARTESIAN_POINT('Ctrl Pts',(-43.0395917843147,103.971918113232,3.98495241021565));
#4874=CARTESIAN_POINT('Ctrl Pts',(-41.6251474025508,101.127827339647,22.6566349401438));
#4875=CARTESIAN_POINT('Ctrl Pts',(-30.485500501771,78.3732152829764,41.3283174700718));
#4876=CARTESIAN_POINT('Ctrl Pts',(-15.7060472627325,37.9184769924208,60.));
#4877=CARTESIAN_POINT('Ctrl Pts',(-79.5555759141915,79.5562442349378,3.98495241021566));
#4878=CARTESIAN_POINT('Ctrl Pts',(-77.187821209813,77.1886078144857,22.6566349401437));
#4879=CARTESIAN_POINT('Ctrl Pts',(-58.3886923007453,58.3889372982765,41.3283174700719));
#4880=CARTESIAN_POINT('Ctrl Pts',(-29.0215566919841,29.0218016895153,60.));
#4881=CARTESIAN_POINT('Ctrl Pts',(-103.971554210795,43.0394521088877,3.98495241021565));
#4882=CARTESIAN_POINT('Ctrl Pts',(-101.127694404786,41.6249281245276,22.6566349401438));
#4883=CARTESIAN_POINT('Ctrl Pts',(-78.3730818811645,30.48544929861,41.3283174700718));
#4884=CARTESIAN_POINT('Ctrl Pts',(-37.9183435906089,15.7059960595715,60.));
#4885=CARTESIAN_POINT('Ctrl Pts',(-109.691225222273,14.3448359820086,3.98495241021566));
#4886=CARTESIAN_POINT('Ctrl Pts',(-106.797030220618,13.8422041188835,22.6566349401437));
#4887=CARTESIAN_POINT('Ctrl Pts',(-83.5672592364989,9.90276067322097,41.3283174700719));
#4888=CARTESIAN_POINT('Ctrl Pts',(-40.,5.23598775598299,60.));
#4889=CARTESIAN_POINT('Ctrl Pts',(-109.691225222273,1.34333007863008E-14,
3.98495241021566));
#4890=CARTESIAN_POINT('Ctrl Pts',(-106.797667643923,1.30789421836533E-14,
22.6566349401438));
#4891=CARTESIAN_POINT('Ctrl Pts',(-83.5672592364989,1.02340376537496E-14,
41.3283174700719));
#4892=CARTESIAN_POINT('Ctrl Pts',(-40.,4.89858719658941E-15,60.));
#4893=CARTESIAN_POINT('Ctrl Pts',(-109.690748487461,1.34332424031247E-14,
3.98802752021504));
#4894=CARTESIAN_POINT('Ctrl Pts',(-106.795116980098,1.30786298174244E-14,
22.6586850134767));
#4895=CARTESIAN_POINT('Ctrl Pts',(-83.5648674842772,1.02337447485793E-14,
41.3293425067383));
#4896=CARTESIAN_POINT('Ctrl Pts',(-40.,4.89858719658941E-15,60.));
#4897=CARTESIAN_POINT('Ctrl Pts',(-104.918003050533,-1.28017437735701E-14,
1.84353776006843));
#4898=CARTESIAN_POINT('Ctrl Pts',(-104.721999397333,-1.26677535299865E-14,
4.04795516378696));
#4899=CARTESIAN_POINT('Ctrl Pts',(-103.633645724274,-1.19447605456162E-14,
8.51237791060302));
#4900=CARTESIAN_POINT('Ctrl Pts',(-99.622598860018,-9.96720655974132E-15,
15.6563508490521));
#4901=CARTESIAN_POINT('Ctrl Pts',(-90.7672175402632,-6.78462751965002E-15,
25.7091143841156));
#4902=CARTESIAN_POINT('Ctrl Pts',(-72.9198466626335,-3.04893169605282E-15,
38.8692892897262));
#4903=CARTESIAN_POINT('Ctrl Pts',(-51.4650266378012,-3.10169659276809E-15,
49.6084320175807));
#4904=CARTESIAN_POINT('Ctrl Pts',(-38.9704950759713,-4.54642514258437E-15,
55.));
#4905=CARTESIAN_POINT('Ctrl Pts',(-104.918003050533,-13.7284207137154,1.84353776006843));
#4906=CARTESIAN_POINT('Ctrl Pts',(-104.721744641489,-13.6901726405459,4.04809508907725));
#4907=CARTESIAN_POINT('Ctrl Pts',(-103.633442001062,-13.4810092443767,8.512515655225));
#4908=CARTESIAN_POINT('Ctrl Pts',(-99.6220751635835,-12.7908199255156,15.656216295267));
#4909=CARTESIAN_POINT('Ctrl Pts',(-90.7669834228192,-11.4034444941733,25.7090828956374));
#4910=CARTESIAN_POINT('Ctrl Pts',(-72.9197160040089,-8.90392462417568,38.8694439574837));
#4911=CARTESIAN_POINT('Ctrl Pts',(-51.4630990802718,-6.37166589995108,49.6086718124817));
#4912=CARTESIAN_POINT('Ctrl Pts',(-38.9704950759713,-5.0754050205115,55.));
#4913=CARTESIAN_POINT('Ctrl Pts',(-99.4577012167762,-41.1849897192326,1.81126107183805));
#4914=CARTESIAN_POINT('Ctrl Pts',(-99.27130968509,-41.0821933599944,3.98033293572848));
#4915=CARTESIAN_POINT('Ctrl Pts',(-98.2335442551705,-40.515587319606,8.40543156964992));
#4916=CARTESIAN_POINT('Ctrl Pts',(-94.3477593201218,-38.59043279262,15.5734827125261));
#4917=CARTESIAN_POINT('Ctrl Pts',(-85.7776374385379,-34.6136139425513,25.6794022361503));
#4918=CARTESIAN_POINT('Ctrl Pts',(-68.6820675274737,-27.2376173606487,38.8835205587725));
#4919=CARTESIAN_POINT('Ctrl Pts',(-48.5119020016921,-19.4068798895152,49.6338824158529));
#4920=CARTESIAN_POINT('Ctrl Pts',(-36.8589929018505,-15.2355711507521,55.0279101333423));
#4921=CARTESIAN_POINT('Ctrl Pts',(-76.1167785271767,-76.1174254902728,1.7779036807474));
#4922=CARTESIAN_POINT('Ctrl Pts',(-75.9617607575625,-75.9624626552727,3.91090012464458));
#4923=CARTESIAN_POINT('Ctrl Pts',(-75.0990990847319,-75.0998866362191,8.30091005200629));
#4924=CARTESIAN_POINT('Ctrl Pts',(-71.9039617865101,-71.9048415787044,15.4979600043089));
#4925=CARTESIAN_POINT('Ctrl Pts',(-65.0024461584714,-65.0032101098123,25.6517699340896));
#4926=CARTESIAN_POINT('Ctrl Pts',(-51.643778264847,-51.6443433286891,38.8931470900206));
#4927=CARTESIAN_POINT('Ctrl Pts',(-36.5894734601237,-36.5900129656124,49.6590349398755));
#4928=CARTESIAN_POINT('Ctrl Pts',(-28.1257913548668,-28.1259000539209,55.0619806366383));
#4929=CARTESIAN_POINT('Ctrl Pts',(-41.1851397758173,-99.4580338462764,1.81126588227452));
#4930=CARTESIAN_POINT('Ctrl Pts',(-41.0823804528895,-99.2715357962138,3.98037877963009));
#4931=CARTESIAN_POINT('Ctrl Pts',(-40.5159521165658,-98.2336593571856,8.40547595335938));
#4932=CARTESIAN_POINT('Ctrl Pts',(-38.5908950382544,-94.3477251279384,15.5734522111931));
#4933=CARTESIAN_POINT('Ctrl Pts',(-34.6140414068453,-85.7776790128507,25.6793926691329));
#4934=CARTESIAN_POINT('Ctrl Pts',(-27.2379207557259,-68.6821700440354,38.8835651555031));
#4935=CARTESIAN_POINT('Ctrl Pts',(-19.4069877165299,-48.5113176389561,49.6339356201456));
#4936=CARTESIAN_POINT('Ctrl Pts',(-15.2353884196637,-36.8592425973768,55.0279006196255));
#4937=CARTESIAN_POINT('Ctrl Pts',(-13.7280411088419,-104.921599171241,1.84357727728987));
#4938=CARTESIAN_POINT('Ctrl Pts',(-13.6897791625994,-104.725501126051,4.04804920322622));
#4939=CARTESIAN_POINT('Ctrl Pts',(-13.4799401605972,-103.636772538387,8.51245276214367));
#4940=CARTESIAN_POINT('Ctrl Pts',(-12.7895199794383,-99.6254846227853,15.6562938867932));
#4941=CARTESIAN_POINT('Ctrl Pts',(-11.4021117720206,-90.7698026310402,25.709092739974));
#4942=CARTESIAN_POINT('Ctrl Pts',(-8.90292576939187,-72.9218904037341,38.8694141189646));
#4943=CARTESIAN_POINT('Ctrl Pts',(-6.37233044093836,-51.466126372271,49.6084603916597));
#4944=CARTESIAN_POINT('Ctrl Pts',(-5.07617841715302,-38.9722745052908,54.9999218458332));
#4945=CARTESIAN_POINT('Ctrl Pts',(13.7281282952337,-104.921590210661,1.84357801068443));
#4946=CARTESIAN_POINT('Ctrl Pts',(13.6898734616082,-104.725492165471,4.04803766985388));
#4947=CARTESIAN_POINT('Ctrl Pts',(13.4800242066141,-103.636743381491,8.51244073726199));
#4948=CARTESIAN_POINT('Ctrl Pts',(12.789609255291,-99.6254490350156,15.656303292456));
#4949=CARTESIAN_POINT('Ctrl Pts',(11.4021829926005,-90.7697653512905,25.7090951304647));
#4950=CARTESIAN_POINT('Ctrl Pts',(8.90297846015055,-72.9218623169955,38.8694038483309));
#4951=CARTESIAN_POINT('Ctrl Pts',(6.37243001713058,-51.4661503412366,49.6084403924425));
#4952=CARTESIAN_POINT('Ctrl Pts',(5.07622218502527,-38.9722984742564,54.999920395381));
#4953=CARTESIAN_POINT('Ctrl Pts',(41.1850840205041,-99.4580614491914,1.81126496068586));
#4954=CARTESIAN_POINT('Ctrl Pts',(41.0822921428945,-99.2715633991288,3.98040253260642));
#4955=CARTESIAN_POINT('Ctrl Pts',(40.5158679497631,-98.2337491745114,8.40550046319296));
#4956=CARTESIAN_POINT('Ctrl Pts',(38.5907763073733,-94.3478347554623,15.5734333973258));
#4957=CARTESIAN_POINT('Ctrl Pts',(34.6139661898949,-85.7777938524908,25.6793877437045));
#4958=CARTESIAN_POINT('Ctrl Pts',(27.2378806466864,-68.6822565647598,38.8835865660837));
#4959=CARTESIAN_POINT('Ctrl Pts',(19.4067043352113,-48.5112438029621,49.6339747734476));
#4960=CARTESIAN_POINT('Ctrl Pts',(15.2353604303024,-36.8591687613828,55.0279024422737));
#4961=CARTESIAN_POINT('Ctrl Pts',(76.1173572451247,-76.1173570547911,1.77791019805601));
#4962=CARTESIAN_POINT('Ctrl Pts',(75.9623921590624,-75.9623942197909,3.91087268393337));
#4963=CARTESIAN_POINT('Ctrl Pts',(75.0996626712965,-75.0996639535085,8.30087941132523));
#4964=CARTESIAN_POINT('Ctrl Pts',(71.9045663006028,-71.9045697808752,15.4979871635543));
#4965=CARTESIAN_POINT('Ctrl Pts',(65.0029245846408,-65.0029253896636,25.6517756263022));
#4966=CARTESIAN_POINT('Ctrl Pts',(51.6441294919486,-51.6441288191915,38.8931245055193));
#4967=CARTESIAN_POINT('Ctrl Pts',(36.5901771214851,-36.5901960260537,49.6589706059844));
#4968=CARTESIAN_POINT('Ctrl Pts',(28.1260818732918,-28.1260831143622,55.0619677471991));
#4969=CARTESIAN_POINT('Ctrl Pts',(99.4580618332974,-41.1850712725153,1.81126508582642));
#4970=CARTESIAN_POINT('Ctrl Pts',(99.2715651750326,-41.0822749132771,3.98040082075605));
#4971=CARTESIAN_POINT('Ctrl Pts',(98.2337472977524,-40.5158526864243,8.40549867138536));
#4972=CARTESIAN_POINT('Ctrl Pts',(94.3478332439079,-38.5907566890058,15.573434809177));
#4973=CARTESIAN_POINT('Ctrl Pts',(85.7777902339597,-34.6139532382234,25.6793880984879));
#4974=CARTESIAN_POINT('Ctrl Pts',(68.6822531118405,-27.2378729876021,38.8835850484353));
#4975=CARTESIAN_POINT('Ctrl Pts',(48.5112598952558,-19.4066617398135,49.6339717483747));
#4976=CARTESIAN_POINT('Ctrl Pts',(36.8591739325999,-15.2353530010504,55.0279021947802));
#4977=CARTESIAN_POINT('Ctrl Pts',(104.921591313542,-13.7281172236721,1.84357813143717));
#4978=CARTESIAN_POINT('Ctrl Pts',(104.72549296419,-13.6898691505026,4.04804162903103));
#4979=CARTESIAN_POINT('Ctrl Pts',(103.636745986006,-13.4800217159227,8.51244470556129));
#4980=CARTESIAN_POINT('Ctrl Pts',(99.6254518867354,-12.7896145868108,15.6563004293978));
#4981=CARTESIAN_POINT('Ctrl Pts',(90.7697686753116,-11.4021818490071,25.7090943095861));
#4982=CARTESIAN_POINT('Ctrl Pts',(72.9218650050435,-8.90297334137568,38.8694075253416));
#4983=CARTESIAN_POINT('Ctrl Pts',(51.4661458767976,-6.37247771598341,49.608445957484));
#4984=CARTESIAN_POINT('Ctrl Pts',(38.9722963964963,-5.07621683654382,54.9999201565654));
#4985=CARTESIAN_POINT('Ctrl Pts',(104.921591313542,13.728117223672,1.84357813143717));
#4986=CARTESIAN_POINT('Ctrl Pts',(104.72549296419,13.6898691505026,4.04804162903103));
#4987=CARTESIAN_POINT('Ctrl Pts',(103.636745986006,13.4800217159227,8.51244470556128));
#4988=CARTESIAN_POINT('Ctrl Pts',(99.6254518867354,12.7896145868108,15.6563004293978));
#4989=CARTESIAN_POINT('Ctrl Pts',(90.7697686753116,11.4021818490071,25.7090943095861));
#4990=CARTESIAN_POINT('Ctrl Pts',(72.9218650050434,8.90297334137568,38.8694075253416));
#4991=CARTESIAN_POINT('Ctrl Pts',(51.4661458767976,6.37247771598341,49.6084459574841));
#4992=CARTESIAN_POINT('Ctrl Pts',(38.9722963964963,5.07621683654382,54.9999201565654));
#4993=CARTESIAN_POINT('Ctrl Pts',(99.4580618332974,41.1850712725154,1.81126508582642));
#4994=CARTESIAN_POINT('Ctrl Pts',(99.2715651750326,41.0822749132771,3.98040082075605));
#4995=CARTESIAN_POINT('Ctrl Pts',(98.2337472977524,40.5158526864244,8.40549867138536));
#4996=CARTESIAN_POINT('Ctrl Pts',(94.3478332439079,38.5907566890058,15.573434809177));
#4997=CARTESIAN_POINT('Ctrl Pts',(85.7777902339597,34.6139532382234,25.6793880984879));
#4998=CARTESIAN_POINT('Ctrl Pts',(68.6822531118405,27.2378729876021,38.8835850484353));
#4999=CARTESIAN_POINT('Ctrl Pts',(48.5112598952558,19.4066617398135,49.6339717483747));
#5000=CARTESIAN_POINT('Ctrl Pts',(36.8591739325999,15.2353530010504,55.0279021947802));
#5001=CARTESIAN_POINT('Ctrl Pts',(76.1173572451247,76.117357054791,1.77791019805601));
#5002=CARTESIAN_POINT('Ctrl Pts',(75.9623921590624,75.9623942197909,3.91087268393337));
#5003=CARTESIAN_POINT('Ctrl Pts',(75.0996626712965,75.0996639535085,8.30087941132523));
#5004=CARTESIAN_POINT('Ctrl Pts',(71.9045663006028,71.9045697808752,15.4979871635543));
#5005=CARTESIAN_POINT('Ctrl Pts',(65.0029245846408,65.0029253896636,25.6517756263022));
#5006=CARTESIAN_POINT('Ctrl Pts',(51.6441294919486,51.6441288191915,38.8931245055193));
#5007=CARTESIAN_POINT('Ctrl Pts',(36.5901771214851,36.5901960260537,49.6589706059844));
#5008=CARTESIAN_POINT('Ctrl Pts',(28.1260818732918,28.1260831143622,55.0619677471991));
#5009=CARTESIAN_POINT('Ctrl Pts',(41.1850840205042,99.4580614491914,1.81126496068586));
#5010=CARTESIAN_POINT('Ctrl Pts',(41.0822921428945,99.2715633991288,3.98040253260642));
#5011=CARTESIAN_POINT('Ctrl Pts',(40.5158679497631,98.2337491745114,8.40550046319296));
#5012=CARTESIAN_POINT('Ctrl Pts',(38.5907763073733,94.3478347554623,15.5734333973258));
#5013=CARTESIAN_POINT('Ctrl Pts',(34.6139661898949,85.7777938524908,25.6793877437045));
#5014=CARTESIAN_POINT('Ctrl Pts',(27.2378806466864,68.6822565647598,38.8835865660837));
#5015=CARTESIAN_POINT('Ctrl Pts',(19.4067043352113,48.5112438029621,49.6339747734476));
#5016=CARTESIAN_POINT('Ctrl Pts',(15.2353604303024,36.8591687613828,55.0279024422737));
#5017=CARTESIAN_POINT('Ctrl Pts',(13.7281282952337,104.921590210661,1.84357801068443));
#5018=CARTESIAN_POINT('Ctrl Pts',(13.6898734616082,104.725492165471,4.04803766985388));
#5019=CARTESIAN_POINT('Ctrl Pts',(13.4800242066141,103.636743381491,8.51244073726199));
#5020=CARTESIAN_POINT('Ctrl Pts',(12.789609255291,99.6254490350156,15.656303292456));
#5021=CARTESIAN_POINT('Ctrl Pts',(11.4021829926005,90.7697653512905,25.7090951304648));
#5022=CARTESIAN_POINT('Ctrl Pts',(8.90297846015056,72.9218623169955,38.8694038483309));
#5023=CARTESIAN_POINT('Ctrl Pts',(6.37243001713057,51.4661503412366,49.6084403924425));
#5024=CARTESIAN_POINT('Ctrl Pts',(5.07622218502527,38.9722984742563,54.999920395381));
#5025=CARTESIAN_POINT('Ctrl Pts',(-13.7280411088419,104.921599171241,1.84357727728987));
#5026=CARTESIAN_POINT('Ctrl Pts',(-13.6897791625994,104.725501126051,4.04804920322622));
#5027=CARTESIAN_POINT('Ctrl Pts',(-13.4799401605972,103.636772538387,8.51245276214367));
#5028=CARTESIAN_POINT('Ctrl Pts',(-12.7895199794383,99.6254846227853,15.6562938867932));
#5029=CARTESIAN_POINT('Ctrl Pts',(-11.4021117720206,90.7698026310402,25.709092739974));
#5030=CARTESIAN_POINT('Ctrl Pts',(-8.90292576939187,72.921890403734,38.8694141189646));
#5031=CARTESIAN_POINT('Ctrl Pts',(-6.37233044093836,51.466126372271,49.6084603916597));
#5032=CARTESIAN_POINT('Ctrl Pts',(-5.07617841715302,38.9722745052908,54.9999218458332));
#5033=CARTESIAN_POINT('Ctrl Pts',(-41.1851397758173,99.4580338462763,1.81126588227452));
#5034=CARTESIAN_POINT('Ctrl Pts',(-41.0823804528895,99.2715357962137,3.98037877963009));
#5035=CARTESIAN_POINT('Ctrl Pts',(-40.5159521165659,98.2336593571856,8.40547595335938));
#5036=CARTESIAN_POINT('Ctrl Pts',(-38.5908950382544,94.3477251279384,15.5734522111931));
#5037=CARTESIAN_POINT('Ctrl Pts',(-34.6140414068454,85.7776790128507,25.6793926691329));
#5038=CARTESIAN_POINT('Ctrl Pts',(-27.2379207557258,68.6821700440354,38.8835651555031));
#5039=CARTESIAN_POINT('Ctrl Pts',(-19.4069877165299,48.5113176389561,49.6339356201456));
#5040=CARTESIAN_POINT('Ctrl Pts',(-15.2353884196637,36.8592425973769,55.0279006196255));
#5041=CARTESIAN_POINT('Ctrl Pts',(-76.1167785271767,76.1174254902728,1.7779036807474));
#5042=CARTESIAN_POINT('Ctrl Pts',(-75.9617607575625,75.9624626552727,3.91090012464458));
#5043=CARTESIAN_POINT('Ctrl Pts',(-75.0990990847318,75.0998866362191,8.3009100520063));
#5044=CARTESIAN_POINT('Ctrl Pts',(-71.9039617865101,71.9048415787044,15.4979600043089));
#5045=CARTESIAN_POINT('Ctrl Pts',(-65.0024461584714,65.0032101098123,25.6517699340896));
#5046=CARTESIAN_POINT('Ctrl Pts',(-51.643778264847,51.6443433286891,38.8931470900206));
#5047=CARTESIAN_POINT('Ctrl Pts',(-36.5894734601237,36.5900129656124,49.6590349398755));
#5048=CARTESIAN_POINT('Ctrl Pts',(-28.1257913548668,28.1259000539209,55.0619806366383));
#5049=CARTESIAN_POINT('Ctrl Pts',(-99.4577012167762,41.1849897192326,1.81126107183805));
#5050=CARTESIAN_POINT('Ctrl Pts',(-99.27130968509,41.0821933599944,3.98033293572849));
#5051=CARTESIAN_POINT('Ctrl Pts',(-98.2335442551705,40.515587319606,8.40543156964992));
#5052=CARTESIAN_POINT('Ctrl Pts',(-94.3477593201218,38.59043279262,15.5734827125261));
#5053=CARTESIAN_POINT('Ctrl Pts',(-85.7776374385379,34.6136139425513,25.6794022361503));
#5054=CARTESIAN_POINT('Ctrl Pts',(-68.6820675274737,27.2376173606488,38.8835205587725));
#5055=CARTESIAN_POINT('Ctrl Pts',(-48.5119020016921,19.4068798895151,49.6338824158529));
#5056=CARTESIAN_POINT('Ctrl Pts',(-36.8589929018505,15.2355711507521,55.0279101333423));
#5057=CARTESIAN_POINT('Ctrl Pts',(-104.918003050533,13.7284207137154,1.84353776006843));
#5058=CARTESIAN_POINT('Ctrl Pts',(-104.721744641489,13.6901726405459,4.04809508907725));
#5059=CARTESIAN_POINT('Ctrl Pts',(-103.633442001062,13.4810092443767,8.512515655225));
#5060=CARTESIAN_POINT('Ctrl Pts',(-99.6220751635835,12.7908199255156,15.656216295267));
#5061=CARTESIAN_POINT('Ctrl Pts',(-90.7669834228191,11.4034444941733,25.7090828956374));
#5062=CARTESIAN_POINT('Ctrl Pts',(-72.9197160040089,8.90392462417569,38.8694439574837));
#5063=CARTESIAN_POINT('Ctrl Pts',(-51.4630990802718,6.37166589995109,49.6086718124817));
#5064=CARTESIAN_POINT('Ctrl Pts',(-38.9704950759713,5.0754050205115,55.));
#5065=CARTESIAN_POINT('Ctrl Pts',(-104.918003050533,1.28496380030399E-14,
1.84353776006843));
#5066=CARTESIAN_POINT('Ctrl Pts',(-104.721999397333,1.2827707276101E-14,
4.04795516378696));
#5067=CARTESIAN_POINT('Ctrl Pts',(-103.633645724274,1.27057398568217E-14,
8.51237791060302));
#5068=CARTESIAN_POINT('Ctrl Pts',(-99.622598860018,1.22378822033653E-14,
15.6563508490521));
#5069=CARTESIAN_POINT('Ctrl Pts',(-90.7672175402632,1.11823601053782E-14,
25.7091143841156));
#5070=CARTESIAN_POINT('Ctrl Pts',(-72.9198466626335,9.01307236825441E-15,
38.8692892897262));
#5071=CARTESIAN_POINT('Ctrl Pts',(-51.4650266378012,6.36672784692804E-15,
49.6084320175807));
#5072=CARTESIAN_POINT('Ctrl Pts',(-38.9704950759713,4.77709390175518E-15,
55.));
#5073=CARTESIAN_POINT('Ctrl Pts',(-104.917941281776,1.28496310917687E-14,
1.84423233337789));
#5074=CARTESIAN_POINT('Ctrl Pts',(-104.721885086052,1.28276944656618E-14,
4.0484240511234));
#5075=CARTESIAN_POINT('Ctrl Pts',(-103.63350530106,1.27057234775377E-14,
8.5126280147977));
#5076=CARTESIAN_POINT('Ctrl Pts',(-99.622598860018,1.22378822033653E-14,
15.6563508490521));
#5077=CARTESIAN_POINT('Ctrl Pts',(-90.7672175402632,1.11823601053782E-14,
25.7091143841156));
#5078=CARTESIAN_POINT('Ctrl Pts',(-72.9198466626335,9.01307236825441E-15,
38.8692892897262));
#5079=CARTESIAN_POINT('Ctrl Pts',(-51.4650266378012,6.36672784692804E-15,
49.6084320175807));
#5080=CARTESIAN_POINT('Ctrl Pts',(-38.9704950759713,4.77709390175518E-15,
55.));
#5081=CARTESIAN_POINT('',(0.,0.,0.));
#5082=CARTESIAN_POINT('Origin',(-37.9410437235463,13.0000001937151,112.5));
#5083=CARTESIAN_POINT('',(-37.9410437235463,13.0000001937151,112.5));
#5084=CARTESIAN_POINT('',(-37.9410437235463,13.0000001937151,126.500002294779));
#5085=CARTESIAN_POINT('',(-37.9410437235463,13.0000001937151,112.5));
#5086=CARTESIAN_POINT('',(-47.9410437235463,13.0000001937151,126.500002294779));
#5087=CARTESIAN_POINT('',(-37.9410437235463,13.0000001937151,126.500002294779));
#5088=CARTESIAN_POINT('',(-47.9410437235463,13.0000001937151,112.5));
#5089=CARTESIAN_POINT('',(-47.9410437235463,13.0000001937151,112.5));
#5090=CARTESIAN_POINT('',(-37.9410437235463,13.0000001937151,112.5));
#5091=CARTESIAN_POINT('Origin',(-37.9410437235463,-3.00000004470349,112.5));
#5092=CARTESIAN_POINT('',(-37.9410437235463,-3.00000004470349,112.5));
#5093=CARTESIAN_POINT('',(-37.9410437235463,-3.00000004470349,112.5));
#5094=CARTESIAN_POINT('',(-47.9410437235463,-3.00000004470349,112.5));
#5095=CARTESIAN_POINT('',(-47.9410437235463,-3.00000004470349,112.5));
#5096=CARTESIAN_POINT('',(-37.9410437235463,-3.00000004470349,112.5));
#5097=CARTESIAN_POINT('Origin',(-37.9410437235463,-3.00000004470349,126.500002294779));
#5098=CARTESIAN_POINT('',(-37.9410437235463,-3.00000004470349,126.500002294779));
#5099=CARTESIAN_POINT('',(-37.9410437235463,-3.00000004470349,126.500002294779));
#5100=CARTESIAN_POINT('',(-47.9410437235463,-3.00000004470349,126.500002294779));
#5101=CARTESIAN_POINT('',(-47.9410437235463,-3.00000004470349,126.500002294779));
#5102=CARTESIAN_POINT('',(-37.9410437235463,-3.00000004470349,126.500002294779));
#5103=CARTESIAN_POINT('Origin',(-37.9410437235463,-6.00000008940697,126.500002294779));
#5104=CARTESIAN_POINT('',(-37.9410437235463,-6.00000008940697,126.500002294779));
#5105=CARTESIAN_POINT('',(-37.9410437235463,-6.00000008940697,126.500002294779));
#5106=CARTESIAN_POINT('',(-47.9410437235463,-6.00000008940697,126.500002294779));
#5107=CARTESIAN_POINT('',(-47.9410437235463,-6.00000008940697,126.500002294779));
#5108=CARTESIAN_POINT('',(-37.9410437235463,-6.00000008940697,126.500002294779));
#5109=CARTESIAN_POINT('Origin',(-37.9410437235463,-6.00000008940697,109.500000029802));
#5110=CARTESIAN_POINT('',(-37.9410437235463,-6.00000008940697,109.500000029802));
#5111=CARTESIAN_POINT('',(-37.9410437235463,-6.00000008940697,109.500000029802));
#5112=CARTESIAN_POINT('',(-47.9410437235463,-6.00000008940697,109.500000029802));
#5113=CARTESIAN_POINT('',(-47.9410437235463,-6.00000008940697,109.500000029802));
#5114=CARTESIAN_POINT('',(-37.9410437235463,-6.00000008940697,109.500000029802));
#5115=CARTESIAN_POINT('Origin',(-37.9410437235463,15.9999998658896,109.500000029802));
#5116=CARTESIAN_POINT('',(-37.9410437235463,15.9999998658896,109.500000029802));
#5117=CARTESIAN_POINT('',(-37.9410437235463,15.9999998658896,109.500000029802));
#5118=CARTESIAN_POINT('',(-47.9410437235463,15.9999998658896,109.500000029802));
#5119=CARTESIAN_POINT('',(-47.9410437235463,15.9999998658896,109.500000029802));
#5120=CARTESIAN_POINT('',(-37.9410437235463,15.9999998658896,109.500000029802));
#5121=CARTESIAN_POINT('Origin',(-37.9410437235463,15.9999998658896,126.500002294779));
#5122=CARTESIAN_POINT('',(-37.9410437235463,15.9999998658896,126.500002294779));
#5123=CARTESIAN_POINT('',(-37.9410437235463,15.9999998658896,126.500002294779));
#5124=CARTESIAN_POINT('',(-47.9410437235463,15.9999998658896,126.500002294779));
#5125=CARTESIAN_POINT('',(-47.9410437235463,15.9999998658896,126.500002294779));
#5126=CARTESIAN_POINT('',(-37.9410437235463,15.9999998658896,126.500002294779));
#5127=CARTESIAN_POINT('Origin',(-37.9410437235463,13.0000001937151,126.500002294779));
#5128=CARTESIAN_POINT('',(-37.9410437235463,13.0000001937151,126.500002294779));
#5129=CARTESIAN_POINT('',(-47.9410437235463,13.0000001937151,126.500002294779));
#5130=CARTESIAN_POINT('Origin',(-47.9410437235463,4.99999988824129,118.000001162291));
#5131=CARTESIAN_POINT('Origin',(-37.9410437235463,4.99999988824129,118.000001162291));
#5132=CARTESIAN_POINT('',(0.,0.,0.));
#5133=UNCERTAINTY_MEASURE_WITH_UNIT(LENGTH_MEASURE(0.01),#5141,
'DISTANCE_ACCURACY_VALUE',
'Maximum model space distance between geometric entities at asserted c
onnectivities');
#5134=UNCERTAINTY_MEASURE_WITH_UNIT(LENGTH_MEASURE(0.01),#5141,
'DISTANCE_ACCURACY_VALUE',
'Maximum model space distance between geometric entities at asserted c
onnectivities');
#5135=UNCERTAINTY_MEASURE_WITH_UNIT(LENGTH_MEASURE(0.01),#5141,
'DISTANCE_ACCURACY_VALUE',
'Maximum model space distance between geometric entities at asserted c
onnectivities');
#5136=UNCERTAINTY_MEASURE_WITH_UNIT(LENGTH_MEASURE(0.01),#5141,
'DISTANCE_ACCURACY_VALUE',
'Maximum model space distance between geometric entities at asserted c
onnectivities');
#5137=(
GEOMETRIC_REPRESENTATION_CONTEXT(3)
GLOBAL_UNCERTAINTY_ASSIGNED_CONTEXT((#5133))
GLOBAL_UNIT_ASSIGNED_CONTEXT((#5141,#5143,#5144))
REPRESENTATION_CONTEXT('','3D')
);
#5138=(
GEOMETRIC_REPRESENTATION_CONTEXT(3)
GLOBAL_UNCERTAINTY_ASSIGNED_CONTEXT((#5134))
GLOBAL_UNIT_ASSIGNED_CONTEXT((#5141,#5143,#5144))
REPRESENTATION_CONTEXT('','3D')
);
#5139=(
GEOMETRIC_REPRESENTATION_CONTEXT(3)
GLOBAL_UNCERTAINTY_ASSIGNED_CONTEXT((#5135))
GLOBAL_UNIT_ASSIGNED_CONTEXT((#5141,#5143,#5144))
REPRESENTATION_CONTEXT('','3D')
);
#5140=(
GEOMETRIC_REPRESENTATION_CONTEXT(3)
GLOBAL_UNCERTAINTY_ASSIGNED_CONTEXT((#5136))
GLOBAL_UNIT_ASSIGNED_CONTEXT((#5141,#5143,#5144))
REPRESENTATION_CONTEXT('','3D')
);
#5141=(
LENGTH_UNIT()
NAMED_UNIT(*)
SI_UNIT(.MILLI.,.METRE.)
);
#5142=(
LENGTH_UNIT()
NAMED_UNIT(*)
SI_UNIT($,.METRE.)
);
#5143=(
NAMED_UNIT(*)
PLANE_ANGLE_UNIT()
SI_UNIT($,.RADIAN.)
);
#5144=(
NAMED_UNIT(*)
SI_UNIT($,.STERADIAN.)
SOLID_ANGLE_UNIT()
);
#5145=SHAPE_DEFINITION_REPRESENTATION(#5148,#5153);
#5146=SHAPE_DEFINITION_REPRESENTATION(#5149,#5154);
#5147=SHAPE_DEFINITION_REPRESENTATION(#5150,#5155);
#5148=PRODUCT_DEFINITION_SHAPE('',$,#5157);
#5149=PRODUCT_DEFINITION_SHAPE('',$,#5158);
#5150=PRODUCT_DEFINITION_SHAPE('',$,#5159);
#5151=PRODUCT_DEFINITION_SHAPE($,$,#17);
#5152=PRODUCT_DEFINITION_SHAPE($,$,#18);
#5153=SHAPE_REPRESENTATION('',(#1902,#2068),#5137);
#5154=SHAPE_REPRESENTATION('',(#1903,#2057),#5138);
#5155=SHAPE_REPRESENTATION('',(#1904),#5139);
#5156=PRODUCT_DEFINITION_CONTEXT('part definition',#5167,'design');
#5157=PRODUCT_DEFINITION('2026-08-20-12-40-26-467','Main_body',#5160,#5156);
#5158=PRODUCT_DEFINITION('2026-08-20-12-40-47-389','Base',#5161,#5156);
#5159=PRODUCT_DEFINITION('2026-08-20-22-18-15-964','Component2',#5162,#5156);
#5160=PRODUCT_DEFINITION_FORMATION('',$,#5169);
#5161=PRODUCT_DEFINITION_FORMATION('',$,#5170);
#5162=PRODUCT_DEFINITION_FORMATION('',$,#5171);
#5163=PRODUCT_RELATED_PRODUCT_CATEGORY('Main_body','Main_body',(#5169));
#5164=PRODUCT_RELATED_PRODUCT_CATEGORY('Base','Base',(#5170));
#5165=PRODUCT_RELATED_PRODUCT_CATEGORY('Component2','Component2',(#5171));
#5166=APPLICATION_PROTOCOL_DEFINITION('international standard',
'automotive_design',2009,#5167);
#5167=APPLICATION_CONTEXT(
'Core Data for Automotive Mechanical Design Process');
#5168=PRODUCT_CONTEXT('part definition',#5167,'mechanical');
#5169=PRODUCT('2026-08-20-12-40-26-467','Main_body',$,(#5168));
#5170=PRODUCT('2026-08-20-12-40-47-389','Base',$,(#5168));
#5171=PRODUCT('2026-08-20-22-18-15-964','Component2',$,(#5168));
#5172=PRESENTATION_STYLE_ASSIGNMENT((#5173));
#5173=SURFACE_STYLE_USAGE(.BOTH.,#5174);
#5174=SURFACE_SIDE_STYLE('',(#5175));
#5175=SURFACE_STYLE_FILL_AREA(#5176);
#5176=FILL_AREA_STYLE('Steel - Satin',(#5177));
#5177=FILL_AREA_STYLE_COLOUR('Steel - Satin',#5178);
#5178=COLOUR_RGB('Steel - Satin',0.627450980392157,0.627450980392157,0.627450980392157);
ENDSEC;
END-ISO-10303-21;
