ISO-10303-21;
HEADER;
/* Generated by software containing ST-Developer
 * from STEP Tools, Inc. (www.steptools.com) 
 */

FILE_DESCRIPTION(
/* description */ (''),
/* implementation_level */ '2;1');

FILE_NAME(
/* name */ 'Servo_holder.step',
/* time_stamp */ '2026-08-30T11:49:37+03:00',
/* author */ (''),
/* organization */ (''),
/* preprocessor_version */ 'ST-DEVELOPER v20.1',
/* originating_system */ 'Autodesk Translation Framework v15.8.0.0',
/* authorisation */ '');

FILE_SCHEMA (('AUTOMOTIVE_DESIGN { 1 0 10303 214 3 1 1 }'));
ENDSEC;

DATA;
#10=MECHANICAL_DESIGN_GEOMETRIC_PRESENTATION_REPRESENTATION('',(#21,#22,
#23,#24,#25,#26),#3037);
#11=SHAPE_REPRESENTATION_RELATIONSHIP('SRR','None',#3044,#12);
#12=ADVANCED_BREP_SHAPE_REPRESENTATION('',(#27,#28,#29,#30,#31,#32),#3036);
#13=CONICAL_SURFACE('',#1880,7.53401519041964,0.165148677414627);
#14=CONICAL_SURFACE('',#1886,10.,0.165148677414627);
#15=B_SPLINE_CURVE_WITH_KNOTS('',3,(#2503,#2504,#2505,#2506,#2507,#2508,
#2509,#2510,#2511,#2512,#2513,#2514),.UNSPECIFIED.,.F.,.F.,(4,2,2,2,2,4),
(0.153016713160108,0.165845909650236,0.195743089551735,0.225640269453234,
0.254343154847549,0.283046040241863),.UNSPECIFIED.);
#16=B_SPLINE_CURVE_WITH_KNOTS('',3,(#2517,#2518,#2519,#2520,#2521,#2522,
#2523,#2524,#2525,#2526,#2527,#2528),.UNSPECIFIED.,.F.,.F.,(4,2,2,2,2,4),
(0.283046040241863,0.311748925636178,0.340451811030492,0.370348990931992,
0.400246170833491,0.413075367323618),.UNSPECIFIED.);
#17=B_SPLINE_CURVE_WITH_KNOTS('',3,(#2537,#2538,#2539,#2540,#2541,#2542,
#2543,#2544,#2545,#2546,#2547,#2548,#2549,#2550,#2551,#2552,#2553,#2554,
#2555,#2556,#2557,#2558),.UNSPECIFIED.,.F.,.F.,(4,2,2,2,2,2,2,2,2,2,4),
(0.154436159697761,0.170422968403564,0.202672874558063,0.234922780712561,
0.265498780313633,0.296074779914705,0.326650779515777,0.357226779116849,
0.389476685271347,0.421726591425846,0.437713400131649),.UNSPECIFIED.);
#18=B_SPLINE_CURVE_WITH_KNOTS('',3,(#2713,#2714,#2715,#2716,#2717,#2718,
#2719,#2720,#2721,#2722,#2723,#2724),.UNSPECIFIED.,.F.,.F.,(4,2,2,2,2,4),
(0.838881779565526,0.86712699411895,0.895372208672375,0.924664712052032,
0.953957215431689,0.965742177240559),.UNSPECIFIED.);
#19=B_SPLINE_CURVE_WITH_KNOTS('',3,(#2728,#2729,#2730,#2731,#2732,#2733,
#2734,#2735,#2736,#2737,#2738,#2739),.UNSPECIFIED.,.F.,.F.,(4,2,2,2,2,4),
(0.712021381890492,0.723806343699362,0.753098847079019,0.782391350458676,
0.810636565012101,0.838881779565526),.UNSPECIFIED.);
#20=B_SPLINE_CURVE_WITH_KNOTS('',3,(#2743,#2744,#2745,#2746,#2747,#2748,
#2749,#2750,#2751,#2752,#2753,#2754,#2755,#2756,#2757,#2758,#2759,#2760,
#2761,#2762,#2763,#2764),.UNSPECIFIED.,.F.,.F.,(4,2,2,2,2,2,2,2,2,2,4),
(0.755743295765117,0.772507159244214,0.805533664628969,0.838560170013724,
0.869813461927682,0.901066753841639,0.932320045755597,0.963573337669555,
0.99659984305431,1.02962634843906,1.04639021191816),.UNSPECIFIED.);
#21=STYLED_ITEM('',(#3053),#27);
#22=STYLED_ITEM('',(#3053),#28);
#23=STYLED_ITEM('',(#3053),#29);
#24=STYLED_ITEM('',(#3053),#30);
#25=STYLED_ITEM('',(#3053),#31);
#26=STYLED_ITEM('',(#3053),#32);
#27=MANIFOLD_SOLID_BREP('Body2',#1724);
#28=MANIFOLD_SOLID_BREP('Body3',#1725);
#29=MANIFOLD_SOLID_BREP('Body4',#1726);
#30=MANIFOLD_SOLID_BREP('Body5',#1727);
#31=MANIFOLD_SOLID_BREP('Body6',#1728);
#32=MANIFOLD_SOLID_BREP('Body7',#1729);
#33=FACE_BOUND('',#191,.T.);
#34=FACE_BOUND('',#193,.T.);
#35=FACE_BOUND('',#209,.T.);
#36=FACE_BOUND('',#212,.T.);
#37=FACE_BOUND('',#239,.T.);
#38=FACE_BOUND('',#242,.T.);
#39=FACE_BOUND('',#257,.T.);
#40=PLANE('',#1749);
#41=PLANE('',#1753);
#42=PLANE('',#1757);
#43=PLANE('',#1761);
#44=PLANE('',#1762);
#45=PLANE('',#1763);
#46=PLANE('',#1771);
#47=PLANE('',#1778);
#48=PLANE('',#1789);
#49=PLANE('',#1792);
#50=PLANE('',#1795);
#51=PLANE('',#1802);
#52=PLANE('',#1805);
#53=PLANE('',#1812);
#54=PLANE('',#1815);
#55=PLANE('',#1816);
#56=PLANE('',#1817);
#57=PLANE('',#1818);
#58=PLANE('',#1819);
#59=PLANE('',#1820);
#60=PLANE('',#1831);
#61=PLANE('',#1835);
#62=PLANE('',#1846);
#63=PLANE('',#1849);
#64=PLANE('',#1852);
#65=PLANE('',#1859);
#66=PLANE('',#1862);
#67=PLANE('',#1869);
#68=PLANE('',#1872);
#69=PLANE('',#1873);
#70=PLANE('',#1874);
#71=PLANE('',#1875);
#72=PLANE('',#1876);
#73=PLANE('',#1877);
#74=PLANE('',#1878);
#75=PLANE('',#1882);
#76=PLANE('',#1884);
#77=PLANE('',#1890);
#78=PLANE('',#1891);
#79=PLANE('',#1897);
#80=PLANE('',#1898);
#81=PLANE('',#1901);
#82=PLANE('',#1904);
#83=PLANE('',#1908);
#84=PLANE('',#1909);
#85=PLANE('',#1915);
#86=PLANE('',#1918);
#87=PLANE('',#1921);
#88=PLANE('',#1922);
#89=FACE_OUTER_BOUND('',#181,.T.);
#90=FACE_OUTER_BOUND('',#182,.T.);
#91=FACE_OUTER_BOUND('',#183,.T.);
#92=FACE_OUTER_BOUND('',#184,.T.);
#93=FACE_OUTER_BOUND('',#185,.T.);
#94=FACE_OUTER_BOUND('',#186,.T.);
#95=FACE_OUTER_BOUND('',#187,.T.);
#96=FACE_OUTER_BOUND('',#188,.T.);
#97=FACE_OUTER_BOUND('',#189,.T.);
#98=FACE_OUTER_BOUND('',#190,.T.);
#99=FACE_OUTER_BOUND('',#192,.T.);
#100=FACE_OUTER_BOUND('',#194,.T.);
#101=FACE_OUTER_BOUND('',#195,.T.);
#102=FACE_OUTER_BOUND('',#196,.T.);
#103=FACE_OUTER_BOUND('',#197,.T.);
#104=FACE_OUTER_BOUND('',#198,.T.);
#105=FACE_OUTER_BOUND('',#199,.T.);
#106=FACE_OUTER_BOUND('',#200,.T.);
#107=FACE_OUTER_BOUND('',#201,.T.);
#108=FACE_OUTER_BOUND('',#202,.T.);
#109=FACE_OUTER_BOUND('',#203,.T.);
#110=FACE_OUTER_BOUND('',#204,.T.);
#111=FACE_OUTER_BOUND('',#205,.T.);
#112=FACE_OUTER_BOUND('',#206,.T.);
#113=FACE_OUTER_BOUND('',#207,.T.);
#114=FACE_OUTER_BOUND('',#208,.T.);
#115=FACE_OUTER_BOUND('',#210,.T.);
#116=FACE_OUTER_BOUND('',#211,.T.);
#117=FACE_OUTER_BOUND('',#213,.T.);
#118=FACE_OUTER_BOUND('',#214,.T.);
#119=FACE_OUTER_BOUND('',#215,.T.);
#120=FACE_OUTER_BOUND('',#216,.T.);
#121=FACE_OUTER_BOUND('',#217,.T.);
#122=FACE_OUTER_BOUND('',#218,.T.);
#123=FACE_OUTER_BOUND('',#219,.T.);
#124=FACE_OUTER_BOUND('',#220,.T.);
#125=FACE_OUTER_BOUND('',#221,.T.);
#126=FACE_OUTER_BOUND('',#222,.T.);
#127=FACE_OUTER_BOUND('',#223,.T.);
#128=FACE_OUTER_BOUND('',#224,.T.);
#129=FACE_OUTER_BOUND('',#225,.T.);
#130=FACE_OUTER_BOUND('',#226,.T.);
#131=FACE_OUTER_BOUND('',#227,.T.);
#132=FACE_OUTER_BOUND('',#228,.T.);
#133=FACE_OUTER_BOUND('',#229,.T.);
#134=FACE_OUTER_BOUND('',#230,.T.);
#135=FACE_OUTER_BOUND('',#231,.T.);
#136=FACE_OUTER_BOUND('',#232,.T.);
#137=FACE_OUTER_BOUND('',#233,.T.);
#138=FACE_OUTER_BOUND('',#234,.T.);
#139=FACE_OUTER_BOUND('',#235,.T.);
#140=FACE_OUTER_BOUND('',#236,.T.);
#141=FACE_OUTER_BOUND('',#237,.T.);
#142=FACE_OUTER_BOUND('',#238,.T.);
#143=FACE_OUTER_BOUND('',#240,.T.);
#144=FACE_OUTER_BOUND('',#241,.T.);
#145=FACE_OUTER_BOUND('',#243,.T.);
#146=FACE_OUTER_BOUND('',#244,.T.);
#147=FACE_OUTER_BOUND('',#245,.T.);
#148=FACE_OUTER_BOUND('',#246,.T.);
#149=FACE_OUTER_BOUND('',#247,.T.);
#150=FACE_OUTER_BOUND('',#248,.T.);
#151=FACE_OUTER_BOUND('',#249,.T.);
#152=FACE_OUTER_BOUND('',#250,.T.);
#153=FACE_OUTER_BOUND('',#251,.T.);
#154=FACE_OUTER_BOUND('',#252,.T.);
#155=FACE_OUTER_BOUND('',#253,.T.);
#156=FACE_OUTER_BOUND('',#254,.T.);
#157=FACE_OUTER_BOUND('',#255,.T.);
#158=FACE_OUTER_BOUND('',#256,.T.);
#159=FACE_OUTER_BOUND('',#258,.T.);
#160=FACE_OUTER_BOUND('',#259,.T.);
#161=FACE_OUTER_BOUND('',#260,.T.);
#162=FACE_OUTER_BOUND('',#261,.T.);
#163=FACE_OUTER_BOUND('',#262,.T.);
#164=FACE_OUTER_BOUND('',#263,.T.);
#165=FACE_OUTER_BOUND('',#264,.T.);
#166=FACE_OUTER_BOUND('',#265,.T.);
#167=FACE_OUTER_BOUND('',#266,.T.);
#168=FACE_OUTER_BOUND('',#267,.T.);
#169=FACE_OUTER_BOUND('',#268,.T.);
#170=FACE_OUTER_BOUND('',#269,.T.);
#171=FACE_OUTER_BOUND('',#270,.T.);
#172=FACE_OUTER_BOUND('',#271,.T.);
#173=FACE_OUTER_BOUND('',#272,.T.);
#174=FACE_OUTER_BOUND('',#273,.T.);
#175=FACE_OUTER_BOUND('',#274,.T.);
#176=FACE_OUTER_BOUND('',#275,.T.);
#177=FACE_OUTER_BOUND('',#276,.T.);
#178=FACE_OUTER_BOUND('',#277,.T.);
#179=FACE_OUTER_BOUND('',#278,.T.);
#180=FACE_OUTER_BOUND('',#279,.T.);
#181=EDGE_LOOP('',(#1093,#1094,#1095,#1096));
#182=EDGE_LOOP('',(#1097,#1098,#1099,#1100));
#183=EDGE_LOOP('',(#1101,#1102,#1103,#1104));
#184=EDGE_LOOP('',(#1105,#1106,#1107,#1108));
#185=EDGE_LOOP('',(#1109,#1110,#1111,#1112));
#186=EDGE_LOOP('',(#1113,#1114,#1115,#1116));
#187=EDGE_LOOP('',(#1117,#1118,#1119,#1120));
#188=EDGE_LOOP('',(#1121,#1122,#1123,#1124));
#189=EDGE_LOOP('',(#1125,#1126,#1127,#1128));
#190=EDGE_LOOP('',(#1129,#1130,#1131,#1132,#1133,#1134,#1135,#1136));
#191=EDGE_LOOP('',(#1137));
#192=EDGE_LOOP('',(#1138,#1139,#1140,#1141,#1142,#1143,#1144,#1145));
#193=EDGE_LOOP('',(#1146));
#194=EDGE_LOOP('',(#1147,#1148,#1149,#1150,#1151,#1152));
#195=EDGE_LOOP('',(#1153,#1154,#1155,#1156,#1157,#1158));
#196=EDGE_LOOP('',(#1159,#1160,#1161,#1162,#1163,#1164));
#197=EDGE_LOOP('',(#1165,#1166,#1167,#1168,#1169,#1170));
#198=EDGE_LOOP('',(#1171,#1172,#1173,#1174));
#199=EDGE_LOOP('',(#1175,#1176,#1177,#1178,#1179,#1180,#1181,#1182,#1183,
#1184,#1185,#1186,#1187,#1188,#1189,#1190,#1191,#1192,#1193,#1194,#1195,
#1196,#1197,#1198));
#200=EDGE_LOOP('',(#1199,#1200,#1201,#1202,#1203,#1204,#1205));
#201=EDGE_LOOP('',(#1206,#1207,#1208,#1209));
#202=EDGE_LOOP('',(#1210,#1211,#1212,#1213));
#203=EDGE_LOOP('',(#1214,#1215,#1216,#1217));
#204=EDGE_LOOP('',(#1218,#1219,#1220,#1221));
#205=EDGE_LOOP('',(#1222,#1223,#1224,#1225,#1226,#1227,#1228));
#206=EDGE_LOOP('',(#1229,#1230,#1231,#1232));
#207=EDGE_LOOP('',(#1233,#1234,#1235,#1236));
#208=EDGE_LOOP('',(#1237,#1238,#1239,#1240));
#209=EDGE_LOOP('',(#1241));
#210=EDGE_LOOP('',(#1242,#1243,#1244,#1245));
#211=EDGE_LOOP('',(#1246,#1247,#1248,#1249));
#212=EDGE_LOOP('',(#1250));
#213=EDGE_LOOP('',(#1251,#1252,#1253,#1254));
#214=EDGE_LOOP('',(#1255,#1256,#1257,#1258));
#215=EDGE_LOOP('',(#1259,#1260,#1261,#1262));
#216=EDGE_LOOP('',(#1263,#1264,#1265,#1266));
#217=EDGE_LOOP('',(#1267,#1268,#1269,#1270));
#218=EDGE_LOOP('',(#1271,#1272,#1273,#1274));
#219=EDGE_LOOP('',(#1275,#1276,#1277,#1278));
#220=EDGE_LOOP('',(#1279,#1280,#1281,#1282));
#221=EDGE_LOOP('',(#1283,#1284,#1285,#1286));
#222=EDGE_LOOP('',(#1287,#1288,#1289,#1290));
#223=EDGE_LOOP('',(#1291,#1292,#1293,#1294,#1295,#1296,#1297,#1298,#1299,
#1300,#1301,#1302,#1303,#1304,#1305,#1306,#1307,#1308,#1309,#1310,#1311,
#1312,#1313,#1314));
#224=EDGE_LOOP('',(#1315,#1316,#1317,#1318,#1319,#1320));
#225=EDGE_LOOP('',(#1321,#1322,#1323,#1324,#1325,#1326));
#226=EDGE_LOOP('',(#1327,#1328,#1329,#1330,#1331,#1332,#1333));
#227=EDGE_LOOP('',(#1334,#1335,#1336,#1337,#1338,#1339,#1340));
#228=EDGE_LOOP('',(#1341,#1342,#1343,#1344));
#229=EDGE_LOOP('',(#1345,#1346,#1347,#1348,#1349,#1350,#1351,#1352,#1353,
#1354,#1355,#1356,#1357,#1358,#1359,#1360,#1361,#1362,#1363,#1364,#1365,
#1366,#1367,#1368));
#230=EDGE_LOOP('',(#1369,#1370,#1371,#1372,#1373,#1374));
#231=EDGE_LOOP('',(#1375,#1376,#1377,#1378));
#232=EDGE_LOOP('',(#1379,#1380,#1381,#1382));
#233=EDGE_LOOP('',(#1383,#1384,#1385,#1386));
#234=EDGE_LOOP('',(#1387,#1388,#1389,#1390));
#235=EDGE_LOOP('',(#1391,#1392,#1393,#1394,#1395,#1396));
#236=EDGE_LOOP('',(#1397,#1398,#1399,#1400));
#237=EDGE_LOOP('',(#1401,#1402,#1403,#1404));
#238=EDGE_LOOP('',(#1405,#1406,#1407,#1408));
#239=EDGE_LOOP('',(#1409));
#240=EDGE_LOOP('',(#1410,#1411,#1412,#1413));
#241=EDGE_LOOP('',(#1414,#1415,#1416,#1417));
#242=EDGE_LOOP('',(#1418));
#243=EDGE_LOOP('',(#1419,#1420,#1421,#1422));
#244=EDGE_LOOP('',(#1423,#1424,#1425,#1426));
#245=EDGE_LOOP('',(#1427,#1428,#1429,#1430));
#246=EDGE_LOOP('',(#1431,#1432,#1433,#1434));
#247=EDGE_LOOP('',(#1435,#1436,#1437,#1438));
#248=EDGE_LOOP('',(#1439,#1440,#1441,#1442));
#249=EDGE_LOOP('',(#1443,#1444,#1445,#1446));
#250=EDGE_LOOP('',(#1447,#1448,#1449,#1450));
#251=EDGE_LOOP('',(#1451,#1452,#1453,#1454));
#252=EDGE_LOOP('',(#1455,#1456,#1457,#1458));
#253=EDGE_LOOP('',(#1459,#1460,#1461,#1462,#1463,#1464,#1465,#1466,#1467,
#1468,#1469,#1470,#1471,#1472,#1473,#1474,#1475,#1476,#1477,#1478,#1479,
#1480,#1481,#1482));
#254=EDGE_LOOP('',(#1483));
#255=EDGE_LOOP('',(#1484,#1485,#1486,#1487));
#256=EDGE_LOOP('',(#1488));
#257=EDGE_LOOP('',(#1489));
#258=EDGE_LOOP('',(#1490));
#259=EDGE_LOOP('',(#1491,#1492,#1493,#1494));
#260=EDGE_LOOP('',(#1495,#1496,#1497,#1498));
#261=EDGE_LOOP('',(#1499,#1500,#1501,#1502));
#262=EDGE_LOOP('',(#1503,#1504,#1505,#1506,#1507,#1508,#1509,#1510));
#263=EDGE_LOOP('',(#1511,#1512,#1513,#1514));
#264=EDGE_LOOP('',(#1515,#1516,#1517,#1518));
#265=EDGE_LOOP('',(#1519,#1520,#1521,#1522));
#266=EDGE_LOOP('',(#1523,#1524,#1525,#1526));
#267=EDGE_LOOP('',(#1527,#1528,#1529,#1530));
#268=EDGE_LOOP('',(#1531,#1532,#1533,#1534));
#269=EDGE_LOOP('',(#1535,#1536,#1537,#1538,#1539,#1540,#1541,#1542));
#270=EDGE_LOOP('',(#1543,#1544,#1545,#1546));
#271=EDGE_LOOP('',(#1547,#1548,#1549,#1550));
#272=EDGE_LOOP('',(#1551,#1552,#1553,#1554,#1555,#1556,#1557,#1558));
#273=EDGE_LOOP('',(#1559,#1560,#1561,#1562));
#274=EDGE_LOOP('',(#1563,#1564,#1565,#1566));
#275=EDGE_LOOP('',(#1567,#1568,#1569,#1570));
#276=EDGE_LOOP('',(#1571,#1572,#1573,#1574));
#277=EDGE_LOOP('',(#1575,#1576,#1577,#1578));
#278=EDGE_LOOP('',(#1579,#1580,#1581,#1582));
#279=EDGE_LOOP('',(#1583,#1584,#1585,#1586,#1587,#1588,#1589,#1590));
#280=LINE('',#2445,#435);
#281=LINE('',#2452,#436);
#282=LINE('',#2455,#437);
#283=LINE('',#2458,#438);
#284=LINE('',#2460,#439);
#285=LINE('',#2461,#440);
#286=LINE('',#2467,#441);
#287=LINE('',#2470,#442);
#288=LINE('',#2472,#443);
#289=LINE('',#2473,#444);
#290=LINE('',#2479,#445);
#291=LINE('',#2482,#446);
#292=LINE('',#2484,#447);
#293=LINE('',#2485,#448);
#294=LINE('',#2491,#449);
#295=LINE('',#2493,#450);
#296=LINE('',#2494,#451);
#297=LINE('',#2501,#452);
#298=LINE('',#2533,#453);
#299=LINE('',#2562,#454);
#300=LINE('',#2564,#455);
#301=LINE('',#2566,#456);
#302=LINE('',#2568,#457);
#303=LINE('',#2569,#458);
#304=LINE('',#2572,#459);
#305=LINE('',#2576,#460);
#306=LINE('',#2579,#461);
#307=LINE('',#2585,#462);
#308=LINE('',#2588,#463);
#309=LINE('',#2590,#464);
#310=LINE('',#2592,#465);
#311=LINE('',#2596,#466);
#312=LINE('',#2600,#467);
#313=LINE('',#2605,#468);
#314=LINE('',#2609,#469);
#315=LINE('',#2613,#470);
#316=LINE('',#2617,#471);
#317=LINE('',#2621,#472);
#318=LINE('',#2625,#473);
#319=LINE('',#2628,#474);
#320=LINE('',#2630,#475);
#321=LINE('',#2635,#476);
#322=LINE('',#2636,#477);
#323=LINE('',#2638,#478);
#324=LINE('',#2643,#479);
#325=LINE('',#2644,#480);
#326=LINE('',#2647,#481);
#327=LINE('',#2648,#482);
#328=LINE('',#2654,#483);
#329=LINE('',#2659,#484);
#330=LINE('',#2660,#485);
#331=LINE('',#2663,#486);
#332=LINE('',#2664,#487);
#333=LINE('',#2669,#488);
#334=LINE('',#2670,#489);
#335=LINE('',#2673,#490);
#336=LINE('',#2674,#491);
#337=LINE('',#2678,#492);
#338=LINE('',#2682,#493);
#339=LINE('',#2685,#494);
#340=LINE('',#2688,#495);
#341=LINE('',#2690,#496);
#342=LINE('',#2693,#497);
#343=LINE('',#2696,#498);
#344=LINE('',#2698,#499);
#345=LINE('',#2700,#500);
#346=LINE('',#2702,#501);
#347=LINE('',#2704,#502);
#348=LINE('',#2706,#503);
#349=LINE('',#2726,#504);
#350=LINE('',#2768,#505);
#351=LINE('',#2773,#506);
#352=LINE('',#2777,#507);
#353=LINE('',#2780,#508);
#354=LINE('',#2783,#509);
#355=LINE('',#2785,#510);
#356=LINE('',#2787,#511);
#357=LINE('',#2789,#512);
#358=LINE('',#2790,#513);
#359=LINE('',#2796,#514);
#360=LINE('',#2799,#515);
#361=LINE('',#2801,#516);
#362=LINE('',#2803,#517);
#363=LINE('',#2807,#518);
#364=LINE('',#2811,#519);
#365=LINE('',#2816,#520);
#366=LINE('',#2820,#521);
#367=LINE('',#2824,#522);
#368=LINE('',#2828,#523);
#369=LINE('',#2832,#524);
#370=LINE('',#2836,#525);
#371=LINE('',#2839,#526);
#372=LINE('',#2841,#527);
#373=LINE('',#2846,#528);
#374=LINE('',#2847,#529);
#375=LINE('',#2849,#530);
#376=LINE('',#2854,#531);
#377=LINE('',#2855,#532);
#378=LINE('',#2858,#533);
#379=LINE('',#2859,#534);
#380=LINE('',#2865,#535);
#381=LINE('',#2870,#536);
#382=LINE('',#2871,#537);
#383=LINE('',#2874,#538);
#384=LINE('',#2875,#539);
#385=LINE('',#2880,#540);
#386=LINE('',#2881,#541);
#387=LINE('',#2884,#542);
#388=LINE('',#2885,#543);
#389=LINE('',#2889,#544);
#390=LINE('',#2893,#545);
#391=LINE('',#2896,#546);
#392=LINE('',#2899,#547);
#393=LINE('',#2901,#548);
#394=LINE('',#2904,#549);
#395=LINE('',#2907,#550);
#396=LINE('',#2909,#551);
#397=LINE('',#2911,#552);
#398=LINE('',#2913,#553);
#399=LINE('',#2915,#554);
#400=LINE('',#2917,#555);
#401=LINE('',#2924,#556);
#402=LINE('',#2933,#557);
#403=LINE('',#2939,#558);
#404=LINE('',#2942,#559);
#405=LINE('',#2945,#560);
#406=LINE('',#2947,#561);
#407=LINE('',#2948,#562);
#408=LINE('',#2951,#563);
#409=LINE('',#2955,#564);
#410=LINE('',#2959,#565);
#411=LINE('',#2964,#566);
#412=LINE('',#2967,#567);
#413=LINE('',#2968,#568);
#414=LINE('',#2971,#569);
#415=LINE('',#2972,#570);
#416=LINE('',#2976,#571);
#417=LINE('',#2979,#572);
#418=LINE('',#2980,#573);
#419=LINE('',#2989,#574);
#420=LINE('',#2992,#575);
#421=LINE('',#2995,#576);
#422=LINE('',#2997,#577);
#423=LINE('',#2998,#578);
#424=LINE('',#3001,#579);
#425=LINE('',#3005,#580);
#426=LINE('',#3009,#581);
#427=LINE('',#3015,#582);
#428=LINE('',#3016,#583);
#429=LINE('',#3019,#584);
#430=LINE('',#3020,#585);
#431=LINE('',#3024,#586);
#432=LINE('',#3027,#587);
#433=LINE('',#3028,#588);
#434=LINE('',#3032,#589);
#435=VECTOR('',#1929,10.);
#436=VECTOR('',#1936,10.);
#437=VECTOR('',#1939,10.);
#438=VECTOR('',#1942,10.);
#439=VECTOR('',#1943,10.);
#440=VECTOR('',#1944,10.);
#441=VECTOR('',#1951,10.);
#442=VECTOR('',#1954,10.);
#443=VECTOR('',#1955,10.);
#444=VECTOR('',#1956,10.);
#445=VECTOR('',#1963,10.);
#446=VECTOR('',#1966,10.);
#447=VECTOR('',#1967,10.);
#448=VECTOR('',#1968,10.);
#449=VECTOR('',#1975,10.);
#450=VECTOR('',#1978,10.);
#451=VECTOR('',#1979,10.);
#452=VECTOR('',#1988,1.06294095006278);
#453=VECTOR('',#1995,1.06294095006278);
#454=VECTOR('',#2002,10.);
#455=VECTOR('',#2003,10.);
#456=VECTOR('',#2004,10.);
#457=VECTOR('',#2005,10.);
#458=VECTOR('',#2006,10.);
#459=VECTOR('',#2009,10.);
#460=VECTOR('',#2012,10.);
#461=VECTOR('',#2015,10.);
#462=VECTOR('',#2020,10.);
#463=VECTOR('',#2023,10.);
#464=VECTOR('',#2026,10.);
#465=VECTOR('',#2027,10.);
#466=VECTOR('',#2030,10.);
#467=VECTOR('',#2033,10.);
#468=VECTOR('',#2038,10.);
#469=VECTOR('',#2041,10.);
#470=VECTOR('',#2044,10.);
#471=VECTOR('',#2047,10.);
#472=VECTOR('',#2050,10.);
#473=VECTOR('',#2053,10.);
#474=VECTOR('',#2056,10.);
#475=VECTOR('',#2059,10.);
#476=VECTOR('',#2064,10.);
#477=VECTOR('',#2065,10.);
#478=VECTOR('',#2068,10.);
#479=VECTOR('',#2073,10.);
#480=VECTOR('',#2074,10.);
#481=VECTOR('',#2077,10.);
#482=VECTOR('',#2078,10.);
#483=VECTOR('',#2087,10.);
#484=VECTOR('',#2092,10.);
#485=VECTOR('',#2093,10.);
#486=VECTOR('',#2096,10.);
#487=VECTOR('',#2097,10.);
#488=VECTOR('',#2102,10.);
#489=VECTOR('',#2103,10.);
#490=VECTOR('',#2106,10.);
#491=VECTOR('',#2107,10.);
#492=VECTOR('',#2112,10.);
#493=VECTOR('',#2117,10.);
#494=VECTOR('',#2120,10.);
#495=VECTOR('',#2123,10.);
#496=VECTOR('',#2126,10.);
#497=VECTOR('',#2129,10.);
#498=VECTOR('',#2132,10.);
#499=VECTOR('',#2135,10.);
#500=VECTOR('',#2138,10.);
#501=VECTOR('',#2141,10.);
#502=VECTOR('',#2144,10.);
#503=VECTOR('',#2147,10.);
#504=VECTOR('',#2154,1.06294095006278);
#505=VECTOR('',#2161,1.06294095006278);
#506=VECTOR('',#2168,10.);
#507=VECTOR('',#2171,10.);
#508=VECTOR('',#2174,10.);
#509=VECTOR('',#2177,10.);
#510=VECTOR('',#2178,10.);
#511=VECTOR('',#2179,10.);
#512=VECTOR('',#2180,10.);
#513=VECTOR('',#2181,10.);
#514=VECTOR('',#2186,10.);
#515=VECTOR('',#2189,10.);
#516=VECTOR('',#2192,10.);
#517=VECTOR('',#2193,10.);
#518=VECTOR('',#2196,10.);
#519=VECTOR('',#2199,10.);
#520=VECTOR('',#2204,10.);
#521=VECTOR('',#2207,10.);
#522=VECTOR('',#2210,10.);
#523=VECTOR('',#2213,10.);
#524=VECTOR('',#2216,10.);
#525=VECTOR('',#2219,10.);
#526=VECTOR('',#2222,10.);
#527=VECTOR('',#2225,10.);
#528=VECTOR('',#2230,10.);
#529=VECTOR('',#2231,10.);
#530=VECTOR('',#2234,10.);
#531=VECTOR('',#2239,10.);
#532=VECTOR('',#2240,10.);
#533=VECTOR('',#2243,10.);
#534=VECTOR('',#2244,10.);
#535=VECTOR('',#2253,10.);
#536=VECTOR('',#2258,10.);
#537=VECTOR('',#2259,10.);
#538=VECTOR('',#2262,10.);
#539=VECTOR('',#2263,10.);
#540=VECTOR('',#2268,10.);
#541=VECTOR('',#2269,10.);
#542=VECTOR('',#2272,10.);
#543=VECTOR('',#2273,10.);
#544=VECTOR('',#2278,10.);
#545=VECTOR('',#2283,10.);
#546=VECTOR('',#2286,10.);
#547=VECTOR('',#2289,10.);
#548=VECTOR('',#2292,10.);
#549=VECTOR('',#2295,10.);
#550=VECTOR('',#2298,10.);
#551=VECTOR('',#2301,10.);
#552=VECTOR('',#2304,10.);
#553=VECTOR('',#2307,10.);
#554=VECTOR('',#2310,10.);
#555=VECTOR('',#2313,10.);
#556=VECTOR('',#2322,10.);
#557=VECTOR('',#2335,10.);
#558=VECTOR('',#2340,10.);
#559=VECTOR('',#2343,10.);
#560=VECTOR('',#2346,10.);
#561=VECTOR('',#2347,10.);
#562=VECTOR('',#2348,10.);
#563=VECTOR('',#2351,10.);
#564=VECTOR('',#2354,10.);
#565=VECTOR('',#2357,10.);
#566=VECTOR('',#2364,10.);
#567=VECTOR('',#2367,10.);
#568=VECTOR('',#2368,10.);
#569=VECTOR('',#2371,10.);
#570=VECTOR('',#2372,10.);
#571=VECTOR('',#2377,10.);
#572=VECTOR('',#2380,10.);
#573=VECTOR('',#2381,10.);
#574=VECTOR('',#2392,10.);
#575=VECTOR('',#2395,10.);
#576=VECTOR('',#2398,10.);
#577=VECTOR('',#2399,10.);
#578=VECTOR('',#2400,10.);
#579=VECTOR('',#2403,10.);
#580=VECTOR('',#2406,10.);
#581=VECTOR('',#2409,10.);
#582=VECTOR('',#2416,10.);
#583=VECTOR('',#2417,10.);
#584=VECTOR('',#2420,10.);
#585=VECTOR('',#2421,10.);
#586=VECTOR('',#2426,10.);
#587=VECTOR('',#2429,10.);
#588=VECTOR('',#2430,10.);
#589=VECTOR('',#2437,10.);
#590=CIRCLE('',#1744,10.);
#591=CIRCLE('',#1745,10.);
#592=CIRCLE('',#1747,0.999999999999967);
#593=CIRCLE('',#1748,0.999999999999967);
#594=CIRCLE('',#1751,0.999999999999979);
#595=CIRCLE('',#1752,0.999999999999979);
#596=CIRCLE('',#1755,0.999999999999988);
#597=CIRCLE('',#1756,0.999999999999988);
#598=CIRCLE('',#1759,1.00000000000001);
#599=CIRCLE('',#1760,1.00000000000001);
#600=CIRCLE('',#1765,1.06294095006278);
#601=CIRCLE('',#1766,1.06294095006278);
#602=CIRCLE('',#1768,1.06294095006278);
#603=CIRCLE('',#1769,1.06294095006278);
#604=CIRCLE('',#1770,1.06294095006278);
#605=CIRCLE('',#1773,1.);
#606=CIRCLE('',#1774,1.);
#607=CIRCLE('',#1776,1.);
#608=CIRCLE('',#1777,1.);
#609=CIRCLE('',#1779,1.);
#610=CIRCLE('',#1780,1.);
#611=CIRCLE('',#1781,1.);
#612=CIRCLE('',#1782,1.);
#613=CIRCLE('',#1783,1.);
#614=CIRCLE('',#1784,1.);
#615=CIRCLE('',#1785,1.);
#616=CIRCLE('',#1786,1.);
#617=CIRCLE('',#1787,1.);
#618=CIRCLE('',#1788,1.);
#619=CIRCLE('',#1791,1.);
#620=CIRCLE('',#1794,1.);
#621=CIRCLE('',#1797,1.);
#622=CIRCLE('',#1799,1.);
#623=CIRCLE('',#1801,1.);
#624=CIRCLE('',#1804,1.);
#625=CIRCLE('',#1807,1.);
#626=CIRCLE('',#1809,1.);
#627=CIRCLE('',#1811,1.);
#628=CIRCLE('',#1814,1.);
#629=CIRCLE('',#1822,1.06294095006278);
#630=CIRCLE('',#1823,1.06294095006278);
#631=CIRCLE('',#1825,1.06294095006278);
#632=CIRCLE('',#1826,1.06294095006278);
#633=CIRCLE('',#1827,1.06294095006278);
#634=CIRCLE('',#1829,1.);
#635=CIRCLE('',#1830,1.);
#636=CIRCLE('',#1833,1.);
#637=CIRCLE('',#1834,1.);
#638=CIRCLE('',#1836,1.);
#639=CIRCLE('',#1837,1.);
#640=CIRCLE('',#1838,1.);
#641=CIRCLE('',#1839,1.);
#642=CIRCLE('',#1840,1.);
#643=CIRCLE('',#1841,1.);
#644=CIRCLE('',#1842,1.);
#645=CIRCLE('',#1843,1.);
#646=CIRCLE('',#1844,1.);
#647=CIRCLE('',#1845,1.);
#648=CIRCLE('',#1848,1.);
#649=CIRCLE('',#1851,1.);
#650=CIRCLE('',#1854,1.);
#651=CIRCLE('',#1856,1.);
#652=CIRCLE('',#1858,1.);
#653=CIRCLE('',#1861,1.);
#654=CIRCLE('',#1864,1.);
#655=CIRCLE('',#1866,1.);
#656=CIRCLE('',#1868,1.);
#657=CIRCLE('',#1871,1.);
#658=CIRCLE('',#1879,7.04884894570908);
#659=CIRCLE('',#1881,6.21551561237574);
#660=CIRCLE('',#1883,8.75);
#661=CIRCLE('',#1885,10.);
#662=CIRCLE('',#1888,1.);
#663=CIRCLE('',#1889,1.);
#664=CIRCLE('',#1892,0.999999999999999);
#665=CIRCLE('',#1893,0.999999999999996);
#666=CIRCLE('',#1894,1.);
#667=CIRCLE('',#1896,1.);
#668=CIRCLE('',#1900,0.999999999999999);
#669=CIRCLE('',#1903,0.999999999999996);
#670=CIRCLE('',#1906,1.);
#671=CIRCLE('',#1907,1.);
#672=CIRCLE('',#1910,1.);
#673=CIRCLE('',#1911,1.);
#674=CIRCLE('',#1912,1.);
#675=CIRCLE('',#1914,1.);
#676=CIRCLE('',#1917,1.);
#677=CIRCLE('',#1920,1.);
#678=VERTEX_POINT('',#2442);
#679=VERTEX_POINT('',#2444);
#680=VERTEX_POINT('',#2448);
#681=VERTEX_POINT('',#2449);
#682=VERTEX_POINT('',#2451);
#683=VERTEX_POINT('',#2453);
#684=VERTEX_POINT('',#2457);
#685=VERTEX_POINT('',#2459);
#686=VERTEX_POINT('',#2463);
#687=VERTEX_POINT('',#2465);
#688=VERTEX_POINT('',#2469);
#689=VERTEX_POINT('',#2471);
#690=VERTEX_POINT('',#2475);
#691=VERTEX_POINT('',#2477);
#692=VERTEX_POINT('',#2481);
#693=VERTEX_POINT('',#2483);
#694=VERTEX_POINT('',#2487);
#695=VERTEX_POINT('',#2489);
#696=VERTEX_POINT('',#2498);
#697=VERTEX_POINT('',#2500);
#698=VERTEX_POINT('',#2502);
#699=VERTEX_POINT('',#2515);
#700=VERTEX_POINT('',#2530);
#701=VERTEX_POINT('',#2532);
#702=VERTEX_POINT('',#2534);
#703=VERTEX_POINT('',#2536);
#704=VERTEX_POINT('',#2561);
#705=VERTEX_POINT('',#2563);
#706=VERTEX_POINT('',#2565);
#707=VERTEX_POINT('',#2567);
#708=VERTEX_POINT('',#2571);
#709=VERTEX_POINT('',#2573);
#710=VERTEX_POINT('',#2575);
#711=VERTEX_POINT('',#2577);
#712=VERTEX_POINT('',#2581);
#713=VERTEX_POINT('',#2582);
#714=VERTEX_POINT('',#2584);
#715=VERTEX_POINT('',#2586);
#716=VERTEX_POINT('',#2591);
#717=VERTEX_POINT('',#2593);
#718=VERTEX_POINT('',#2595);
#719=VERTEX_POINT('',#2597);
#720=VERTEX_POINT('',#2599);
#721=VERTEX_POINT('',#2602);
#722=VERTEX_POINT('',#2604);
#723=VERTEX_POINT('',#2606);
#724=VERTEX_POINT('',#2608);
#725=VERTEX_POINT('',#2610);
#726=VERTEX_POINT('',#2612);
#727=VERTEX_POINT('',#2614);
#728=VERTEX_POINT('',#2616);
#729=VERTEX_POINT('',#2618);
#730=VERTEX_POINT('',#2620);
#731=VERTEX_POINT('',#2622);
#732=VERTEX_POINT('',#2624);
#733=VERTEX_POINT('',#2626);
#734=VERTEX_POINT('',#2632);
#735=VERTEX_POINT('',#2633);
#736=VERTEX_POINT('',#2640);
#737=VERTEX_POINT('',#2641);
#738=VERTEX_POINT('',#2646);
#739=VERTEX_POINT('',#2652);
#740=VERTEX_POINT('',#2656);
#741=VERTEX_POINT('',#2657);
#742=VERTEX_POINT('',#2662);
#743=VERTEX_POINT('',#2666);
#744=VERTEX_POINT('',#2667);
#745=VERTEX_POINT('',#2672);
#746=VERTEX_POINT('',#2676);
#747=VERTEX_POINT('',#2680);
#748=VERTEX_POINT('',#2684);
#749=VERTEX_POINT('',#2686);
#750=VERTEX_POINT('',#2692);
#751=VERTEX_POINT('',#2694);
#752=VERTEX_POINT('',#2709);
#753=VERTEX_POINT('',#2710);
#754=VERTEX_POINT('',#2712);
#755=VERTEX_POINT('',#2725);
#756=VERTEX_POINT('',#2741);
#757=VERTEX_POINT('',#2742);
#758=VERTEX_POINT('',#2765);
#759=VERTEX_POINT('',#2767);
#760=VERTEX_POINT('',#2772);
#761=VERTEX_POINT('',#2774);
#762=VERTEX_POINT('',#2776);
#763=VERTEX_POINT('',#2778);
#764=VERTEX_POINT('',#2782);
#765=VERTEX_POINT('',#2784);
#766=VERTEX_POINT('',#2786);
#767=VERTEX_POINT('',#2788);
#768=VERTEX_POINT('',#2792);
#769=VERTEX_POINT('',#2793);
#770=VERTEX_POINT('',#2795);
#771=VERTEX_POINT('',#2797);
#772=VERTEX_POINT('',#2802);
#773=VERTEX_POINT('',#2804);
#774=VERTEX_POINT('',#2806);
#775=VERTEX_POINT('',#2808);
#776=VERTEX_POINT('',#2810);
#777=VERTEX_POINT('',#2813);
#778=VERTEX_POINT('',#2815);
#779=VERTEX_POINT('',#2817);
#780=VERTEX_POINT('',#2819);
#781=VERTEX_POINT('',#2821);
#782=VERTEX_POINT('',#2823);
#783=VERTEX_POINT('',#2825);
#784=VERTEX_POINT('',#2827);
#785=VERTEX_POINT('',#2829);
#786=VERTEX_POINT('',#2831);
#787=VERTEX_POINT('',#2833);
#788=VERTEX_POINT('',#2835);
#789=VERTEX_POINT('',#2837);
#790=VERTEX_POINT('',#2843);
#791=VERTEX_POINT('',#2844);
#792=VERTEX_POINT('',#2851);
#793=VERTEX_POINT('',#2852);
#794=VERTEX_POINT('',#2857);
#795=VERTEX_POINT('',#2863);
#796=VERTEX_POINT('',#2867);
#797=VERTEX_POINT('',#2868);
#798=VERTEX_POINT('',#2873);
#799=VERTEX_POINT('',#2877);
#800=VERTEX_POINT('',#2878);
#801=VERTEX_POINT('',#2883);
#802=VERTEX_POINT('',#2887);
#803=VERTEX_POINT('',#2891);
#804=VERTEX_POINT('',#2895);
#805=VERTEX_POINT('',#2897);
#806=VERTEX_POINT('',#2903);
#807=VERTEX_POINT('',#2905);
#808=VERTEX_POINT('',#2920);
#809=VERTEX_POINT('',#2923);
#810=VERTEX_POINT('',#2927);
#811=VERTEX_POINT('',#2930);
#812=VERTEX_POINT('',#2935);
#813=VERTEX_POINT('',#2936);
#814=VERTEX_POINT('',#2938);
#815=VERTEX_POINT('',#2940);
#816=VERTEX_POINT('',#2944);
#817=VERTEX_POINT('',#2946);
#818=VERTEX_POINT('',#2950);
#819=VERTEX_POINT('',#2952);
#820=VERTEX_POINT('',#2954);
#821=VERTEX_POINT('',#2956);
#822=VERTEX_POINT('',#2958);
#823=VERTEX_POINT('',#2962);
#824=VERTEX_POINT('',#2966);
#825=VERTEX_POINT('',#2970);
#826=VERTEX_POINT('',#2974);
#827=VERTEX_POINT('',#2978);
#828=VERTEX_POINT('',#2985);
#829=VERTEX_POINT('',#2986);
#830=VERTEX_POINT('',#2988);
#831=VERTEX_POINT('',#2990);
#832=VERTEX_POINT('',#2994);
#833=VERTEX_POINT('',#2996);
#834=VERTEX_POINT('',#3000);
#835=VERTEX_POINT('',#3002);
#836=VERTEX_POINT('',#3004);
#837=VERTEX_POINT('',#3006);
#838=VERTEX_POINT('',#3008);
#839=VERTEX_POINT('',#3012);
#840=VERTEX_POINT('',#3013);
#841=VERTEX_POINT('',#3018);
#842=VERTEX_POINT('',#3022);
#843=VERTEX_POINT('',#3026);
#844=EDGE_CURVE('',#678,#678,#590,.T.);
#845=EDGE_CURVE('',#678,#679,#280,.T.);
#846=EDGE_CURVE('',#679,#679,#591,.T.);
#847=EDGE_CURVE('',#680,#681,#592,.T.);
#848=EDGE_CURVE('',#681,#682,#281,.T.);
#849=EDGE_CURVE('',#683,#682,#593,.T.);
#850=EDGE_CURVE('',#680,#683,#282,.T.);
#851=EDGE_CURVE('',#680,#684,#283,.T.);
#852=EDGE_CURVE('',#685,#683,#284,.T.);
#853=EDGE_CURVE('',#684,#685,#285,.T.);
#854=EDGE_CURVE('',#686,#684,#594,.T.);
#855=EDGE_CURVE('',#687,#685,#595,.T.);
#856=EDGE_CURVE('',#686,#687,#286,.T.);
#857=EDGE_CURVE('',#686,#688,#287,.T.);
#858=EDGE_CURVE('',#689,#687,#288,.T.);
#859=EDGE_CURVE('',#688,#689,#289,.T.);
#860=EDGE_CURVE('',#690,#688,#596,.T.);
#861=EDGE_CURVE('',#691,#689,#597,.T.);
#862=EDGE_CURVE('',#690,#691,#290,.T.);
#863=EDGE_CURVE('',#690,#692,#291,.T.);
#864=EDGE_CURVE('',#693,#691,#292,.T.);
#865=EDGE_CURVE('',#692,#693,#293,.T.);
#866=EDGE_CURVE('',#694,#692,#598,.T.);
#867=EDGE_CURVE('',#695,#693,#599,.T.);
#868=EDGE_CURVE('',#694,#695,#294,.T.);
#869=EDGE_CURVE('',#681,#694,#295,.T.);
#870=EDGE_CURVE('',#682,#695,#296,.T.);
#871=EDGE_CURVE('',#696,#696,#600,.T.);
#872=EDGE_CURVE('',#696,#697,#297,.T.);
#873=EDGE_CURVE('',#698,#697,#15,.T.);
#874=EDGE_CURVE('',#699,#698,#601,.T.);
#875=EDGE_CURVE('',#697,#699,#16,.T.);
#876=EDGE_CURVE('',#700,#700,#602,.T.);
#877=EDGE_CURVE('',#700,#701,#298,.T.);
#878=EDGE_CURVE('',#702,#701,#603,.T.);
#879=EDGE_CURVE('',#703,#702,#17,.T.);
#880=EDGE_CURVE('',#701,#703,#604,.T.);
#881=EDGE_CURVE('',#704,#698,#299,.T.);
#882=EDGE_CURVE('',#705,#704,#300,.T.);
#883=EDGE_CURVE('',#706,#705,#301,.T.);
#884=EDGE_CURVE('',#706,#707,#302,.T.);
#885=EDGE_CURVE('',#699,#707,#303,.T.);
#886=EDGE_CURVE('',#702,#708,#304,.T.);
#887=EDGE_CURVE('',#708,#709,#605,.T.);
#888=EDGE_CURVE('',#709,#710,#305,.T.);
#889=EDGE_CURVE('',#710,#711,#606,.T.);
#890=EDGE_CURVE('',#711,#703,#306,.T.);
#891=EDGE_CURVE('',#712,#713,#607,.T.);
#892=EDGE_CURVE('',#713,#714,#307,.T.);
#893=EDGE_CURVE('',#714,#715,#608,.T.);
#894=EDGE_CURVE('',#715,#712,#308,.T.);
#895=EDGE_CURVE('',#711,#714,#309,.T.);
#896=EDGE_CURVE('',#716,#710,#310,.T.);
#897=EDGE_CURVE('',#717,#716,#609,.T.);
#898=EDGE_CURVE('',#718,#717,#311,.T.);
#899=EDGE_CURVE('',#719,#718,#610,.T.);
#900=EDGE_CURVE('',#720,#719,#312,.T.);
#901=EDGE_CURVE('',#707,#720,#611,.T.);
#902=EDGE_CURVE('',#721,#706,#612,.T.);
#903=EDGE_CURVE('',#722,#721,#313,.T.);
#904=EDGE_CURVE('',#723,#722,#613,.T.);
#905=EDGE_CURVE('',#724,#723,#314,.T.);
#906=EDGE_CURVE('',#725,#724,#614,.T.);
#907=EDGE_CURVE('',#726,#725,#315,.T.);
#908=EDGE_CURVE('',#727,#726,#615,.T.);
#909=EDGE_CURVE('',#728,#727,#316,.T.);
#910=EDGE_CURVE('',#729,#728,#616,.T.);
#911=EDGE_CURVE('',#730,#729,#317,.T.);
#912=EDGE_CURVE('',#731,#730,#617,.T.);
#913=EDGE_CURVE('',#732,#731,#318,.T.);
#914=EDGE_CURVE('',#733,#732,#618,.T.);
#915=EDGE_CURVE('',#715,#733,#319,.T.);
#916=EDGE_CURVE('',#708,#713,#320,.T.);
#917=EDGE_CURVE('',#734,#735,#619,.T.);
#918=EDGE_CURVE('',#735,#717,#321,.T.);
#919=EDGE_CURVE('',#716,#734,#322,.T.);
#920=EDGE_CURVE('',#734,#709,#323,.T.);
#921=EDGE_CURVE('',#736,#737,#620,.T.);
#922=EDGE_CURVE('',#737,#719,#324,.T.);
#923=EDGE_CURVE('',#718,#736,#325,.T.);
#924=EDGE_CURVE('',#738,#737,#326,.T.);
#925=EDGE_CURVE('',#720,#738,#327,.T.);
#926=EDGE_CURVE('',#738,#704,#621,.T.);
#927=EDGE_CURVE('',#705,#739,#622,.T.);
#928=EDGE_CURVE('',#739,#721,#328,.T.);
#929=EDGE_CURVE('',#740,#741,#623,.T.);
#930=EDGE_CURVE('',#741,#733,#329,.T.);
#931=EDGE_CURVE('',#732,#740,#330,.T.);
#932=EDGE_CURVE('',#742,#731,#331,.T.);
#933=EDGE_CURVE('',#740,#742,#332,.T.);
#934=EDGE_CURVE('',#743,#744,#624,.T.);
#935=EDGE_CURVE('',#744,#723,#333,.T.);
#936=EDGE_CURVE('',#722,#743,#334,.T.);
#937=EDGE_CURVE('',#745,#744,#335,.T.);
#938=EDGE_CURVE('',#724,#745,#336,.T.);
#939=EDGE_CURVE('',#745,#746,#625,.T.);
#940=EDGE_CURVE('',#746,#725,#337,.T.);
#941=EDGE_CURVE('',#747,#742,#626,.T.);
#942=EDGE_CURVE('',#730,#747,#338,.T.);
#943=EDGE_CURVE('',#726,#748,#339,.T.);
#944=EDGE_CURVE('',#748,#749,#627,.T.);
#945=EDGE_CURVE('',#749,#727,#340,.T.);
#946=EDGE_CURVE('',#748,#746,#341,.T.);
#947=EDGE_CURVE('',#728,#750,#342,.T.);
#948=EDGE_CURVE('',#750,#751,#628,.T.);
#949=EDGE_CURVE('',#751,#729,#343,.T.);
#950=EDGE_CURVE('',#750,#749,#344,.T.);
#951=EDGE_CURVE('',#736,#735,#345,.T.);
#952=EDGE_CURVE('',#743,#739,#346,.T.);
#953=EDGE_CURVE('',#747,#751,#347,.T.);
#954=EDGE_CURVE('',#712,#741,#348,.T.);
#955=EDGE_CURVE('',#752,#753,#629,.T.);
#956=EDGE_CURVE('',#754,#752,#18,.T.);
#957=EDGE_CURVE('',#754,#755,#349,.T.);
#958=EDGE_CURVE('',#755,#755,#630,.T.);
#959=EDGE_CURVE('',#753,#754,#19,.T.);
#960=EDGE_CURVE('',#756,#757,#20,.T.);
#961=EDGE_CURVE('',#758,#756,#631,.T.);
#962=EDGE_CURVE('',#758,#759,#350,.T.);
#963=EDGE_CURVE('',#759,#759,#632,.T.);
#964=EDGE_CURVE('',#757,#758,#633,.T.);
#965=EDGE_CURVE('',#752,#760,#351,.T.);
#966=EDGE_CURVE('',#760,#761,#634,.T.);
#967=EDGE_CURVE('',#761,#762,#352,.T.);
#968=EDGE_CURVE('',#762,#763,#635,.T.);
#969=EDGE_CURVE('',#763,#753,#353,.T.);
#970=EDGE_CURVE('',#764,#756,#354,.T.);
#971=EDGE_CURVE('',#765,#764,#355,.T.);
#972=EDGE_CURVE('',#766,#765,#356,.T.);
#973=EDGE_CURVE('',#766,#767,#357,.T.);
#974=EDGE_CURVE('',#757,#767,#358,.T.);
#975=EDGE_CURVE('',#768,#769,#636,.T.);
#976=EDGE_CURVE('',#769,#770,#359,.T.);
#977=EDGE_CURVE('',#770,#771,#637,.T.);
#978=EDGE_CURVE('',#771,#768,#360,.T.);
#979=EDGE_CURVE('',#763,#770,#361,.T.);
#980=EDGE_CURVE('',#772,#762,#362,.T.);
#981=EDGE_CURVE('',#773,#772,#638,.T.);
#982=EDGE_CURVE('',#774,#773,#363,.T.);
#983=EDGE_CURVE('',#775,#774,#639,.T.);
#984=EDGE_CURVE('',#776,#775,#364,.T.);
#985=EDGE_CURVE('',#767,#776,#640,.T.);
#986=EDGE_CURVE('',#777,#766,#641,.T.);
#987=EDGE_CURVE('',#778,#777,#365,.T.);
#988=EDGE_CURVE('',#779,#778,#642,.T.);
#989=EDGE_CURVE('',#780,#779,#366,.T.);
#990=EDGE_CURVE('',#781,#780,#643,.T.);
#991=EDGE_CURVE('',#782,#781,#367,.T.);
#992=EDGE_CURVE('',#783,#782,#644,.T.);
#993=EDGE_CURVE('',#784,#783,#368,.T.);
#994=EDGE_CURVE('',#785,#784,#645,.T.);
#995=EDGE_CURVE('',#786,#785,#369,.T.);
#996=EDGE_CURVE('',#787,#786,#646,.T.);
#997=EDGE_CURVE('',#788,#787,#370,.T.);
#998=EDGE_CURVE('',#789,#788,#647,.T.);
#999=EDGE_CURVE('',#771,#789,#371,.T.);
#1000=EDGE_CURVE('',#760,#769,#372,.T.);
#1001=EDGE_CURVE('',#790,#791,#648,.T.);
#1002=EDGE_CURVE('',#791,#773,#373,.T.);
#1003=EDGE_CURVE('',#772,#790,#374,.T.);
#1004=EDGE_CURVE('',#790,#761,#375,.T.);
#1005=EDGE_CURVE('',#792,#793,#649,.T.);
#1006=EDGE_CURVE('',#793,#775,#376,.T.);
#1007=EDGE_CURVE('',#774,#792,#377,.T.);
#1008=EDGE_CURVE('',#794,#793,#378,.T.);
#1009=EDGE_CURVE('',#776,#794,#379,.T.);
#1010=EDGE_CURVE('',#794,#764,#650,.T.);
#1011=EDGE_CURVE('',#765,#795,#651,.T.);
#1012=EDGE_CURVE('',#795,#777,#380,.T.);
#1013=EDGE_CURVE('',#796,#797,#652,.T.);
#1014=EDGE_CURVE('',#797,#789,#381,.T.);
#1015=EDGE_CURVE('',#788,#796,#382,.T.);
#1016=EDGE_CURVE('',#798,#787,#383,.T.);
#1017=EDGE_CURVE('',#796,#798,#384,.T.);
#1018=EDGE_CURVE('',#799,#800,#653,.T.);
#1019=EDGE_CURVE('',#800,#779,#385,.T.);
#1020=EDGE_CURVE('',#778,#799,#386,.T.);
#1021=EDGE_CURVE('',#801,#800,#387,.T.);
#1022=EDGE_CURVE('',#780,#801,#388,.T.);
#1023=EDGE_CURVE('',#801,#802,#654,.T.);
#1024=EDGE_CURVE('',#802,#781,#389,.T.);
#1025=EDGE_CURVE('',#803,#798,#655,.T.);
#1026=EDGE_CURVE('',#786,#803,#390,.T.);
#1027=EDGE_CURVE('',#782,#804,#391,.T.);
#1028=EDGE_CURVE('',#804,#805,#656,.T.);
#1029=EDGE_CURVE('',#805,#783,#392,.T.);
#1030=EDGE_CURVE('',#804,#802,#393,.T.);
#1031=EDGE_CURVE('',#784,#806,#394,.T.);
#1032=EDGE_CURVE('',#806,#807,#657,.T.);
#1033=EDGE_CURVE('',#807,#785,#395,.T.);
#1034=EDGE_CURVE('',#806,#805,#396,.T.);
#1035=EDGE_CURVE('',#792,#791,#397,.T.);
#1036=EDGE_CURVE('',#799,#795,#398,.T.);
#1037=EDGE_CURVE('',#803,#807,#399,.T.);
#1038=EDGE_CURVE('',#768,#797,#400,.T.);
#1039=EDGE_CURVE('',#808,#808,#658,.T.);
#1040=EDGE_CURVE('',#808,#809,#401,.T.);
#1041=EDGE_CURVE('',#809,#809,#659,.T.);
#1042=EDGE_CURVE('',#810,#810,#660,.T.);
#1043=EDGE_CURVE('',#811,#811,#661,.T.);
#1044=EDGE_CURVE('',#810,#811,#402,.T.);
#1045=EDGE_CURVE('',#812,#813,#662,.T.);
#1046=EDGE_CURVE('',#813,#814,#403,.T.);
#1047=EDGE_CURVE('',#814,#815,#663,.T.);
#1048=EDGE_CURVE('',#815,#812,#404,.T.);
#1049=EDGE_CURVE('',#816,#815,#405,.T.);
#1050=EDGE_CURVE('',#817,#816,#406,.T.);
#1051=EDGE_CURVE('',#812,#817,#407,.T.);
#1052=EDGE_CURVE('',#814,#818,#408,.T.);
#1053=EDGE_CURVE('',#818,#819,#664,.T.);
#1054=EDGE_CURVE('',#819,#820,#409,.T.);
#1055=EDGE_CURVE('',#820,#821,#665,.T.);
#1056=EDGE_CURVE('',#821,#822,#410,.T.);
#1057=EDGE_CURVE('',#816,#822,#666,.T.);
#1058=EDGE_CURVE('',#823,#817,#667,.T.);
#1059=EDGE_CURVE('',#822,#823,#411,.T.);
#1060=EDGE_CURVE('',#821,#824,#412,.T.);
#1061=EDGE_CURVE('',#823,#824,#413,.T.);
#1062=EDGE_CURVE('',#825,#813,#414,.T.);
#1063=EDGE_CURVE('',#818,#825,#415,.T.);
#1064=EDGE_CURVE('',#826,#825,#668,.T.);
#1065=EDGE_CURVE('',#819,#826,#416,.T.);
#1066=EDGE_CURVE('',#827,#826,#417,.T.);
#1067=EDGE_CURVE('',#820,#827,#418,.T.);
#1068=EDGE_CURVE('',#824,#827,#669,.T.);
#1069=EDGE_CURVE('',#828,#829,#670,.T.);
#1070=EDGE_CURVE('',#829,#830,#419,.T.);
#1071=EDGE_CURVE('',#830,#831,#671,.T.);
#1072=EDGE_CURVE('',#831,#828,#420,.T.);
#1073=EDGE_CURVE('',#831,#832,#421,.T.);
#1074=EDGE_CURVE('',#832,#833,#422,.T.);
#1075=EDGE_CURVE('',#828,#833,#423,.T.);
#1076=EDGE_CURVE('',#834,#830,#424,.T.);
#1077=EDGE_CURVE('',#835,#834,#672,.T.);
#1078=EDGE_CURVE('',#836,#835,#425,.T.);
#1079=EDGE_CURVE('',#836,#837,#673,.T.);
#1080=EDGE_CURVE('',#838,#837,#426,.T.);
#1081=EDGE_CURVE('',#838,#832,#674,.T.);
#1082=EDGE_CURVE('',#839,#840,#675,.T.);
#1083=EDGE_CURVE('',#840,#835,#427,.T.);
#1084=EDGE_CURVE('',#834,#839,#428,.T.);
#1085=EDGE_CURVE('',#841,#840,#429,.T.);
#1086=EDGE_CURVE('',#836,#841,#430,.T.);
#1087=EDGE_CURVE('',#842,#841,#676,.T.);
#1088=EDGE_CURVE('',#837,#842,#431,.T.);
#1089=EDGE_CURVE('',#843,#842,#432,.T.);
#1090=EDGE_CURVE('',#838,#843,#433,.T.);
#1091=EDGE_CURVE('',#833,#843,#677,.T.);
#1092=EDGE_CURVE('',#839,#829,#434,.T.);
#1093=ORIENTED_EDGE('',*,*,#844,.F.);
#1094=ORIENTED_EDGE('',*,*,#845,.T.);
#1095=ORIENTED_EDGE('',*,*,#846,.F.);
#1096=ORIENTED_EDGE('',*,*,#845,.F.);
#1097=ORIENTED_EDGE('',*,*,#847,.T.);
#1098=ORIENTED_EDGE('',*,*,#848,.T.);
#1099=ORIENTED_EDGE('',*,*,#849,.F.);
#1100=ORIENTED_EDGE('',*,*,#850,.F.);
#1101=ORIENTED_EDGE('',*,*,#851,.F.);
#1102=ORIENTED_EDGE('',*,*,#850,.T.);
#1103=ORIENTED_EDGE('',*,*,#852,.F.);
#1104=ORIENTED_EDGE('',*,*,#853,.F.);
#1105=ORIENTED_EDGE('',*,*,#854,.T.);
#1106=ORIENTED_EDGE('',*,*,#853,.T.);
#1107=ORIENTED_EDGE('',*,*,#855,.F.);
#1108=ORIENTED_EDGE('',*,*,#856,.F.);
#1109=ORIENTED_EDGE('',*,*,#857,.F.);
#1110=ORIENTED_EDGE('',*,*,#856,.T.);
#1111=ORIENTED_EDGE('',*,*,#858,.F.);
#1112=ORIENTED_EDGE('',*,*,#859,.F.);
#1113=ORIENTED_EDGE('',*,*,#860,.T.);
#1114=ORIENTED_EDGE('',*,*,#859,.T.);
#1115=ORIENTED_EDGE('',*,*,#861,.F.);
#1116=ORIENTED_EDGE('',*,*,#862,.F.);
#1117=ORIENTED_EDGE('',*,*,#863,.F.);
#1118=ORIENTED_EDGE('',*,*,#862,.T.);
#1119=ORIENTED_EDGE('',*,*,#864,.F.);
#1120=ORIENTED_EDGE('',*,*,#865,.F.);
#1121=ORIENTED_EDGE('',*,*,#866,.T.);
#1122=ORIENTED_EDGE('',*,*,#865,.T.);
#1123=ORIENTED_EDGE('',*,*,#867,.F.);
#1124=ORIENTED_EDGE('',*,*,#868,.F.);
#1125=ORIENTED_EDGE('',*,*,#869,.T.);
#1126=ORIENTED_EDGE('',*,*,#868,.T.);
#1127=ORIENTED_EDGE('',*,*,#870,.F.);
#1128=ORIENTED_EDGE('',*,*,#848,.F.);
#1129=ORIENTED_EDGE('',*,*,#870,.T.);
#1130=ORIENTED_EDGE('',*,*,#867,.T.);
#1131=ORIENTED_EDGE('',*,*,#864,.T.);
#1132=ORIENTED_EDGE('',*,*,#861,.T.);
#1133=ORIENTED_EDGE('',*,*,#858,.T.);
#1134=ORIENTED_EDGE('',*,*,#855,.T.);
#1135=ORIENTED_EDGE('',*,*,#852,.T.);
#1136=ORIENTED_EDGE('',*,*,#849,.T.);
#1137=ORIENTED_EDGE('',*,*,#844,.T.);
#1138=ORIENTED_EDGE('',*,*,#869,.F.);
#1139=ORIENTED_EDGE('',*,*,#847,.F.);
#1140=ORIENTED_EDGE('',*,*,#851,.T.);
#1141=ORIENTED_EDGE('',*,*,#854,.F.);
#1142=ORIENTED_EDGE('',*,*,#857,.T.);
#1143=ORIENTED_EDGE('',*,*,#860,.F.);
#1144=ORIENTED_EDGE('',*,*,#863,.T.);
#1145=ORIENTED_EDGE('',*,*,#866,.F.);
#1146=ORIENTED_EDGE('',*,*,#846,.T.);
#1147=ORIENTED_EDGE('',*,*,#871,.F.);
#1148=ORIENTED_EDGE('',*,*,#872,.T.);
#1149=ORIENTED_EDGE('',*,*,#873,.F.);
#1150=ORIENTED_EDGE('',*,*,#874,.F.);
#1151=ORIENTED_EDGE('',*,*,#875,.F.);
#1152=ORIENTED_EDGE('',*,*,#872,.F.);
#1153=ORIENTED_EDGE('',*,*,#876,.F.);
#1154=ORIENTED_EDGE('',*,*,#877,.T.);
#1155=ORIENTED_EDGE('',*,*,#878,.F.);
#1156=ORIENTED_EDGE('',*,*,#879,.F.);
#1157=ORIENTED_EDGE('',*,*,#880,.F.);
#1158=ORIENTED_EDGE('',*,*,#877,.F.);
#1159=ORIENTED_EDGE('',*,*,#874,.T.);
#1160=ORIENTED_EDGE('',*,*,#881,.F.);
#1161=ORIENTED_EDGE('',*,*,#882,.F.);
#1162=ORIENTED_EDGE('',*,*,#883,.F.);
#1163=ORIENTED_EDGE('',*,*,#884,.T.);
#1164=ORIENTED_EDGE('',*,*,#885,.F.);
#1165=ORIENTED_EDGE('',*,*,#879,.T.);
#1166=ORIENTED_EDGE('',*,*,#886,.T.);
#1167=ORIENTED_EDGE('',*,*,#887,.T.);
#1168=ORIENTED_EDGE('',*,*,#888,.T.);
#1169=ORIENTED_EDGE('',*,*,#889,.T.);
#1170=ORIENTED_EDGE('',*,*,#890,.T.);
#1171=ORIENTED_EDGE('',*,*,#891,.T.);
#1172=ORIENTED_EDGE('',*,*,#892,.T.);
#1173=ORIENTED_EDGE('',*,*,#893,.T.);
#1174=ORIENTED_EDGE('',*,*,#894,.T.);
#1175=ORIENTED_EDGE('',*,*,#893,.F.);
#1176=ORIENTED_EDGE('',*,*,#895,.F.);
#1177=ORIENTED_EDGE('',*,*,#889,.F.);
#1178=ORIENTED_EDGE('',*,*,#896,.F.);
#1179=ORIENTED_EDGE('',*,*,#897,.F.);
#1180=ORIENTED_EDGE('',*,*,#898,.F.);
#1181=ORIENTED_EDGE('',*,*,#899,.F.);
#1182=ORIENTED_EDGE('',*,*,#900,.F.);
#1183=ORIENTED_EDGE('',*,*,#901,.F.);
#1184=ORIENTED_EDGE('',*,*,#884,.F.);
#1185=ORIENTED_EDGE('',*,*,#902,.F.);
#1186=ORIENTED_EDGE('',*,*,#903,.F.);
#1187=ORIENTED_EDGE('',*,*,#904,.F.);
#1188=ORIENTED_EDGE('',*,*,#905,.F.);
#1189=ORIENTED_EDGE('',*,*,#906,.F.);
#1190=ORIENTED_EDGE('',*,*,#907,.F.);
#1191=ORIENTED_EDGE('',*,*,#908,.F.);
#1192=ORIENTED_EDGE('',*,*,#909,.F.);
#1193=ORIENTED_EDGE('',*,*,#910,.F.);
#1194=ORIENTED_EDGE('',*,*,#911,.F.);
#1195=ORIENTED_EDGE('',*,*,#912,.F.);
#1196=ORIENTED_EDGE('',*,*,#913,.F.);
#1197=ORIENTED_EDGE('',*,*,#914,.F.);
#1198=ORIENTED_EDGE('',*,*,#915,.F.);
#1199=ORIENTED_EDGE('',*,*,#878,.T.);
#1200=ORIENTED_EDGE('',*,*,#880,.T.);
#1201=ORIENTED_EDGE('',*,*,#890,.F.);
#1202=ORIENTED_EDGE('',*,*,#895,.T.);
#1203=ORIENTED_EDGE('',*,*,#892,.F.);
#1204=ORIENTED_EDGE('',*,*,#916,.F.);
#1205=ORIENTED_EDGE('',*,*,#886,.F.);
#1206=ORIENTED_EDGE('',*,*,#917,.T.);
#1207=ORIENTED_EDGE('',*,*,#918,.T.);
#1208=ORIENTED_EDGE('',*,*,#897,.T.);
#1209=ORIENTED_EDGE('',*,*,#919,.T.);
#1210=ORIENTED_EDGE('',*,*,#888,.F.);
#1211=ORIENTED_EDGE('',*,*,#920,.F.);
#1212=ORIENTED_EDGE('',*,*,#919,.F.);
#1213=ORIENTED_EDGE('',*,*,#896,.T.);
#1214=ORIENTED_EDGE('',*,*,#921,.T.);
#1215=ORIENTED_EDGE('',*,*,#922,.T.);
#1216=ORIENTED_EDGE('',*,*,#899,.T.);
#1217=ORIENTED_EDGE('',*,*,#923,.T.);
#1218=ORIENTED_EDGE('',*,*,#922,.F.);
#1219=ORIENTED_EDGE('',*,*,#924,.F.);
#1220=ORIENTED_EDGE('',*,*,#925,.F.);
#1221=ORIENTED_EDGE('',*,*,#900,.T.);
#1222=ORIENTED_EDGE('',*,*,#873,.T.);
#1223=ORIENTED_EDGE('',*,*,#875,.T.);
#1224=ORIENTED_EDGE('',*,*,#885,.T.);
#1225=ORIENTED_EDGE('',*,*,#901,.T.);
#1226=ORIENTED_EDGE('',*,*,#925,.T.);
#1227=ORIENTED_EDGE('',*,*,#926,.T.);
#1228=ORIENTED_EDGE('',*,*,#881,.T.);
#1229=ORIENTED_EDGE('',*,*,#927,.T.);
#1230=ORIENTED_EDGE('',*,*,#928,.T.);
#1231=ORIENTED_EDGE('',*,*,#902,.T.);
#1232=ORIENTED_EDGE('',*,*,#883,.T.);
#1233=ORIENTED_EDGE('',*,*,#929,.T.);
#1234=ORIENTED_EDGE('',*,*,#930,.T.);
#1235=ORIENTED_EDGE('',*,*,#914,.T.);
#1236=ORIENTED_EDGE('',*,*,#931,.T.);
#1237=ORIENTED_EDGE('',*,*,#931,.F.);
#1238=ORIENTED_EDGE('',*,*,#913,.T.);
#1239=ORIENTED_EDGE('',*,*,#932,.F.);
#1240=ORIENTED_EDGE('',*,*,#933,.F.);
#1241=ORIENTED_EDGE('',*,*,#876,.T.);
#1242=ORIENTED_EDGE('',*,*,#934,.T.);
#1243=ORIENTED_EDGE('',*,*,#935,.T.);
#1244=ORIENTED_EDGE('',*,*,#904,.T.);
#1245=ORIENTED_EDGE('',*,*,#936,.T.);
#1246=ORIENTED_EDGE('',*,*,#935,.F.);
#1247=ORIENTED_EDGE('',*,*,#937,.F.);
#1248=ORIENTED_EDGE('',*,*,#938,.F.);
#1249=ORIENTED_EDGE('',*,*,#905,.T.);
#1250=ORIENTED_EDGE('',*,*,#871,.T.);
#1251=ORIENTED_EDGE('',*,*,#939,.T.);
#1252=ORIENTED_EDGE('',*,*,#940,.T.);
#1253=ORIENTED_EDGE('',*,*,#906,.T.);
#1254=ORIENTED_EDGE('',*,*,#938,.T.);
#1255=ORIENTED_EDGE('',*,*,#941,.T.);
#1256=ORIENTED_EDGE('',*,*,#932,.T.);
#1257=ORIENTED_EDGE('',*,*,#912,.T.);
#1258=ORIENTED_EDGE('',*,*,#942,.T.);
#1259=ORIENTED_EDGE('',*,*,#908,.T.);
#1260=ORIENTED_EDGE('',*,*,#943,.T.);
#1261=ORIENTED_EDGE('',*,*,#944,.T.);
#1262=ORIENTED_EDGE('',*,*,#945,.T.);
#1263=ORIENTED_EDGE('',*,*,#940,.F.);
#1264=ORIENTED_EDGE('',*,*,#946,.F.);
#1265=ORIENTED_EDGE('',*,*,#943,.F.);
#1266=ORIENTED_EDGE('',*,*,#907,.T.);
#1267=ORIENTED_EDGE('',*,*,#910,.T.);
#1268=ORIENTED_EDGE('',*,*,#947,.T.);
#1269=ORIENTED_EDGE('',*,*,#948,.T.);
#1270=ORIENTED_EDGE('',*,*,#949,.T.);
#1271=ORIENTED_EDGE('',*,*,#945,.F.);
#1272=ORIENTED_EDGE('',*,*,#950,.F.);
#1273=ORIENTED_EDGE('',*,*,#947,.F.);
#1274=ORIENTED_EDGE('',*,*,#909,.T.);
#1275=ORIENTED_EDGE('',*,*,#918,.F.);
#1276=ORIENTED_EDGE('',*,*,#951,.F.);
#1277=ORIENTED_EDGE('',*,*,#923,.F.);
#1278=ORIENTED_EDGE('',*,*,#898,.T.);
#1279=ORIENTED_EDGE('',*,*,#928,.F.);
#1280=ORIENTED_EDGE('',*,*,#952,.F.);
#1281=ORIENTED_EDGE('',*,*,#936,.F.);
#1282=ORIENTED_EDGE('',*,*,#903,.T.);
#1283=ORIENTED_EDGE('',*,*,#942,.F.);
#1284=ORIENTED_EDGE('',*,*,#911,.T.);
#1285=ORIENTED_EDGE('',*,*,#949,.F.);
#1286=ORIENTED_EDGE('',*,*,#953,.F.);
#1287=ORIENTED_EDGE('',*,*,#894,.F.);
#1288=ORIENTED_EDGE('',*,*,#915,.T.);
#1289=ORIENTED_EDGE('',*,*,#930,.F.);
#1290=ORIENTED_EDGE('',*,*,#954,.F.);
#1291=ORIENTED_EDGE('',*,*,#891,.F.);
#1292=ORIENTED_EDGE('',*,*,#954,.T.);
#1293=ORIENTED_EDGE('',*,*,#929,.F.);
#1294=ORIENTED_EDGE('',*,*,#933,.T.);
#1295=ORIENTED_EDGE('',*,*,#941,.F.);
#1296=ORIENTED_EDGE('',*,*,#953,.T.);
#1297=ORIENTED_EDGE('',*,*,#948,.F.);
#1298=ORIENTED_EDGE('',*,*,#950,.T.);
#1299=ORIENTED_EDGE('',*,*,#944,.F.);
#1300=ORIENTED_EDGE('',*,*,#946,.T.);
#1301=ORIENTED_EDGE('',*,*,#939,.F.);
#1302=ORIENTED_EDGE('',*,*,#937,.T.);
#1303=ORIENTED_EDGE('',*,*,#934,.F.);
#1304=ORIENTED_EDGE('',*,*,#952,.T.);
#1305=ORIENTED_EDGE('',*,*,#927,.F.);
#1306=ORIENTED_EDGE('',*,*,#882,.T.);
#1307=ORIENTED_EDGE('',*,*,#926,.F.);
#1308=ORIENTED_EDGE('',*,*,#924,.T.);
#1309=ORIENTED_EDGE('',*,*,#921,.F.);
#1310=ORIENTED_EDGE('',*,*,#951,.T.);
#1311=ORIENTED_EDGE('',*,*,#917,.F.);
#1312=ORIENTED_EDGE('',*,*,#920,.T.);
#1313=ORIENTED_EDGE('',*,*,#887,.F.);
#1314=ORIENTED_EDGE('',*,*,#916,.T.);
#1315=ORIENTED_EDGE('',*,*,#955,.F.);
#1316=ORIENTED_EDGE('',*,*,#956,.F.);
#1317=ORIENTED_EDGE('',*,*,#957,.T.);
#1318=ORIENTED_EDGE('',*,*,#958,.F.);
#1319=ORIENTED_EDGE('',*,*,#957,.F.);
#1320=ORIENTED_EDGE('',*,*,#959,.F.);
#1321=ORIENTED_EDGE('',*,*,#960,.F.);
#1322=ORIENTED_EDGE('',*,*,#961,.F.);
#1323=ORIENTED_EDGE('',*,*,#962,.T.);
#1324=ORIENTED_EDGE('',*,*,#963,.F.);
#1325=ORIENTED_EDGE('',*,*,#962,.F.);
#1326=ORIENTED_EDGE('',*,*,#964,.F.);
#1327=ORIENTED_EDGE('',*,*,#959,.T.);
#1328=ORIENTED_EDGE('',*,*,#956,.T.);
#1329=ORIENTED_EDGE('',*,*,#965,.T.);
#1330=ORIENTED_EDGE('',*,*,#966,.T.);
#1331=ORIENTED_EDGE('',*,*,#967,.T.);
#1332=ORIENTED_EDGE('',*,*,#968,.T.);
#1333=ORIENTED_EDGE('',*,*,#969,.T.);
#1334=ORIENTED_EDGE('',*,*,#964,.T.);
#1335=ORIENTED_EDGE('',*,*,#961,.T.);
#1336=ORIENTED_EDGE('',*,*,#970,.F.);
#1337=ORIENTED_EDGE('',*,*,#971,.F.);
#1338=ORIENTED_EDGE('',*,*,#972,.F.);
#1339=ORIENTED_EDGE('',*,*,#973,.T.);
#1340=ORIENTED_EDGE('',*,*,#974,.F.);
#1341=ORIENTED_EDGE('',*,*,#975,.T.);
#1342=ORIENTED_EDGE('',*,*,#976,.T.);
#1343=ORIENTED_EDGE('',*,*,#977,.T.);
#1344=ORIENTED_EDGE('',*,*,#978,.T.);
#1345=ORIENTED_EDGE('',*,*,#977,.F.);
#1346=ORIENTED_EDGE('',*,*,#979,.F.);
#1347=ORIENTED_EDGE('',*,*,#968,.F.);
#1348=ORIENTED_EDGE('',*,*,#980,.F.);
#1349=ORIENTED_EDGE('',*,*,#981,.F.);
#1350=ORIENTED_EDGE('',*,*,#982,.F.);
#1351=ORIENTED_EDGE('',*,*,#983,.F.);
#1352=ORIENTED_EDGE('',*,*,#984,.F.);
#1353=ORIENTED_EDGE('',*,*,#985,.F.);
#1354=ORIENTED_EDGE('',*,*,#973,.F.);
#1355=ORIENTED_EDGE('',*,*,#986,.F.);
#1356=ORIENTED_EDGE('',*,*,#987,.F.);
#1357=ORIENTED_EDGE('',*,*,#988,.F.);
#1358=ORIENTED_EDGE('',*,*,#989,.F.);
#1359=ORIENTED_EDGE('',*,*,#990,.F.);
#1360=ORIENTED_EDGE('',*,*,#991,.F.);
#1361=ORIENTED_EDGE('',*,*,#992,.F.);
#1362=ORIENTED_EDGE('',*,*,#993,.F.);
#1363=ORIENTED_EDGE('',*,*,#994,.F.);
#1364=ORIENTED_EDGE('',*,*,#995,.F.);
#1365=ORIENTED_EDGE('',*,*,#996,.F.);
#1366=ORIENTED_EDGE('',*,*,#997,.F.);
#1367=ORIENTED_EDGE('',*,*,#998,.F.);
#1368=ORIENTED_EDGE('',*,*,#999,.F.);
#1369=ORIENTED_EDGE('',*,*,#955,.T.);
#1370=ORIENTED_EDGE('',*,*,#969,.F.);
#1371=ORIENTED_EDGE('',*,*,#979,.T.);
#1372=ORIENTED_EDGE('',*,*,#976,.F.);
#1373=ORIENTED_EDGE('',*,*,#1000,.F.);
#1374=ORIENTED_EDGE('',*,*,#965,.F.);
#1375=ORIENTED_EDGE('',*,*,#1001,.T.);
#1376=ORIENTED_EDGE('',*,*,#1002,.T.);
#1377=ORIENTED_EDGE('',*,*,#981,.T.);
#1378=ORIENTED_EDGE('',*,*,#1003,.T.);
#1379=ORIENTED_EDGE('',*,*,#967,.F.);
#1380=ORIENTED_EDGE('',*,*,#1004,.F.);
#1381=ORIENTED_EDGE('',*,*,#1003,.F.);
#1382=ORIENTED_EDGE('',*,*,#980,.T.);
#1383=ORIENTED_EDGE('',*,*,#1005,.T.);
#1384=ORIENTED_EDGE('',*,*,#1006,.T.);
#1385=ORIENTED_EDGE('',*,*,#983,.T.);
#1386=ORIENTED_EDGE('',*,*,#1007,.T.);
#1387=ORIENTED_EDGE('',*,*,#1006,.F.);
#1388=ORIENTED_EDGE('',*,*,#1008,.F.);
#1389=ORIENTED_EDGE('',*,*,#1009,.F.);
#1390=ORIENTED_EDGE('',*,*,#984,.T.);
#1391=ORIENTED_EDGE('',*,*,#960,.T.);
#1392=ORIENTED_EDGE('',*,*,#974,.T.);
#1393=ORIENTED_EDGE('',*,*,#985,.T.);
#1394=ORIENTED_EDGE('',*,*,#1009,.T.);
#1395=ORIENTED_EDGE('',*,*,#1010,.T.);
#1396=ORIENTED_EDGE('',*,*,#970,.T.);
#1397=ORIENTED_EDGE('',*,*,#1011,.T.);
#1398=ORIENTED_EDGE('',*,*,#1012,.T.);
#1399=ORIENTED_EDGE('',*,*,#986,.T.);
#1400=ORIENTED_EDGE('',*,*,#972,.T.);
#1401=ORIENTED_EDGE('',*,*,#1013,.T.);
#1402=ORIENTED_EDGE('',*,*,#1014,.T.);
#1403=ORIENTED_EDGE('',*,*,#998,.T.);
#1404=ORIENTED_EDGE('',*,*,#1015,.T.);
#1405=ORIENTED_EDGE('',*,*,#1015,.F.);
#1406=ORIENTED_EDGE('',*,*,#997,.T.);
#1407=ORIENTED_EDGE('',*,*,#1016,.F.);
#1408=ORIENTED_EDGE('',*,*,#1017,.F.);
#1409=ORIENTED_EDGE('',*,*,#958,.T.);
#1410=ORIENTED_EDGE('',*,*,#1018,.T.);
#1411=ORIENTED_EDGE('',*,*,#1019,.T.);
#1412=ORIENTED_EDGE('',*,*,#988,.T.);
#1413=ORIENTED_EDGE('',*,*,#1020,.T.);
#1414=ORIENTED_EDGE('',*,*,#1019,.F.);
#1415=ORIENTED_EDGE('',*,*,#1021,.F.);
#1416=ORIENTED_EDGE('',*,*,#1022,.F.);
#1417=ORIENTED_EDGE('',*,*,#989,.T.);
#1418=ORIENTED_EDGE('',*,*,#963,.T.);
#1419=ORIENTED_EDGE('',*,*,#1023,.T.);
#1420=ORIENTED_EDGE('',*,*,#1024,.T.);
#1421=ORIENTED_EDGE('',*,*,#990,.T.);
#1422=ORIENTED_EDGE('',*,*,#1022,.T.);
#1423=ORIENTED_EDGE('',*,*,#1025,.T.);
#1424=ORIENTED_EDGE('',*,*,#1016,.T.);
#1425=ORIENTED_EDGE('',*,*,#996,.T.);
#1426=ORIENTED_EDGE('',*,*,#1026,.T.);
#1427=ORIENTED_EDGE('',*,*,#992,.T.);
#1428=ORIENTED_EDGE('',*,*,#1027,.T.);
#1429=ORIENTED_EDGE('',*,*,#1028,.T.);
#1430=ORIENTED_EDGE('',*,*,#1029,.T.);
#1431=ORIENTED_EDGE('',*,*,#1024,.F.);
#1432=ORIENTED_EDGE('',*,*,#1030,.F.);
#1433=ORIENTED_EDGE('',*,*,#1027,.F.);
#1434=ORIENTED_EDGE('',*,*,#991,.T.);
#1435=ORIENTED_EDGE('',*,*,#994,.T.);
#1436=ORIENTED_EDGE('',*,*,#1031,.T.);
#1437=ORIENTED_EDGE('',*,*,#1032,.T.);
#1438=ORIENTED_EDGE('',*,*,#1033,.T.);
#1439=ORIENTED_EDGE('',*,*,#1029,.F.);
#1440=ORIENTED_EDGE('',*,*,#1034,.F.);
#1441=ORIENTED_EDGE('',*,*,#1031,.F.);
#1442=ORIENTED_EDGE('',*,*,#993,.T.);
#1443=ORIENTED_EDGE('',*,*,#1002,.F.);
#1444=ORIENTED_EDGE('',*,*,#1035,.F.);
#1445=ORIENTED_EDGE('',*,*,#1007,.F.);
#1446=ORIENTED_EDGE('',*,*,#982,.T.);
#1447=ORIENTED_EDGE('',*,*,#1012,.F.);
#1448=ORIENTED_EDGE('',*,*,#1036,.F.);
#1449=ORIENTED_EDGE('',*,*,#1020,.F.);
#1450=ORIENTED_EDGE('',*,*,#987,.T.);
#1451=ORIENTED_EDGE('',*,*,#1026,.F.);
#1452=ORIENTED_EDGE('',*,*,#995,.T.);
#1453=ORIENTED_EDGE('',*,*,#1033,.F.);
#1454=ORIENTED_EDGE('',*,*,#1037,.F.);
#1455=ORIENTED_EDGE('',*,*,#978,.F.);
#1456=ORIENTED_EDGE('',*,*,#999,.T.);
#1457=ORIENTED_EDGE('',*,*,#1014,.F.);
#1458=ORIENTED_EDGE('',*,*,#1038,.F.);
#1459=ORIENTED_EDGE('',*,*,#975,.F.);
#1460=ORIENTED_EDGE('',*,*,#1038,.T.);
#1461=ORIENTED_EDGE('',*,*,#1013,.F.);
#1462=ORIENTED_EDGE('',*,*,#1017,.T.);
#1463=ORIENTED_EDGE('',*,*,#1025,.F.);
#1464=ORIENTED_EDGE('',*,*,#1037,.T.);
#1465=ORIENTED_EDGE('',*,*,#1032,.F.);
#1466=ORIENTED_EDGE('',*,*,#1034,.T.);
#1467=ORIENTED_EDGE('',*,*,#1028,.F.);
#1468=ORIENTED_EDGE('',*,*,#1030,.T.);
#1469=ORIENTED_EDGE('',*,*,#1023,.F.);
#1470=ORIENTED_EDGE('',*,*,#1021,.T.);
#1471=ORIENTED_EDGE('',*,*,#1018,.F.);
#1472=ORIENTED_EDGE('',*,*,#1036,.T.);
#1473=ORIENTED_EDGE('',*,*,#1011,.F.);
#1474=ORIENTED_EDGE('',*,*,#971,.T.);
#1475=ORIENTED_EDGE('',*,*,#1010,.F.);
#1476=ORIENTED_EDGE('',*,*,#1008,.T.);
#1477=ORIENTED_EDGE('',*,*,#1005,.F.);
#1478=ORIENTED_EDGE('',*,*,#1035,.T.);
#1479=ORIENTED_EDGE('',*,*,#1001,.F.);
#1480=ORIENTED_EDGE('',*,*,#1004,.T.);
#1481=ORIENTED_EDGE('',*,*,#966,.F.);
#1482=ORIENTED_EDGE('',*,*,#1000,.T.);
#1483=ORIENTED_EDGE('',*,*,#1039,.T.);
#1484=ORIENTED_EDGE('',*,*,#1039,.F.);
#1485=ORIENTED_EDGE('',*,*,#1040,.T.);
#1486=ORIENTED_EDGE('',*,*,#1041,.F.);
#1487=ORIENTED_EDGE('',*,*,#1040,.F.);
#1488=ORIENTED_EDGE('',*,*,#1042,.F.);
#1489=ORIENTED_EDGE('',*,*,#1041,.T.);
#1490=ORIENTED_EDGE('',*,*,#1043,.F.);
#1491=ORIENTED_EDGE('',*,*,#1042,.T.);
#1492=ORIENTED_EDGE('',*,*,#1044,.T.);
#1493=ORIENTED_EDGE('',*,*,#1043,.T.);
#1494=ORIENTED_EDGE('',*,*,#1044,.F.);
#1495=ORIENTED_EDGE('',*,*,#1045,.T.);
#1496=ORIENTED_EDGE('',*,*,#1046,.T.);
#1497=ORIENTED_EDGE('',*,*,#1047,.T.);
#1498=ORIENTED_EDGE('',*,*,#1048,.T.);
#1499=ORIENTED_EDGE('',*,*,#1048,.F.);
#1500=ORIENTED_EDGE('',*,*,#1049,.F.);
#1501=ORIENTED_EDGE('',*,*,#1050,.F.);
#1502=ORIENTED_EDGE('',*,*,#1051,.F.);
#1503=ORIENTED_EDGE('',*,*,#1047,.F.);
#1504=ORIENTED_EDGE('',*,*,#1052,.T.);
#1505=ORIENTED_EDGE('',*,*,#1053,.T.);
#1506=ORIENTED_EDGE('',*,*,#1054,.T.);
#1507=ORIENTED_EDGE('',*,*,#1055,.T.);
#1508=ORIENTED_EDGE('',*,*,#1056,.T.);
#1509=ORIENTED_EDGE('',*,*,#1057,.F.);
#1510=ORIENTED_EDGE('',*,*,#1049,.T.);
#1511=ORIENTED_EDGE('',*,*,#1058,.T.);
#1512=ORIENTED_EDGE('',*,*,#1050,.T.);
#1513=ORIENTED_EDGE('',*,*,#1057,.T.);
#1514=ORIENTED_EDGE('',*,*,#1059,.T.);
#1515=ORIENTED_EDGE('',*,*,#1059,.F.);
#1516=ORIENTED_EDGE('',*,*,#1056,.F.);
#1517=ORIENTED_EDGE('',*,*,#1060,.T.);
#1518=ORIENTED_EDGE('',*,*,#1061,.F.);
#1519=ORIENTED_EDGE('',*,*,#1046,.F.);
#1520=ORIENTED_EDGE('',*,*,#1062,.F.);
#1521=ORIENTED_EDGE('',*,*,#1063,.F.);
#1522=ORIENTED_EDGE('',*,*,#1052,.F.);
#1523=ORIENTED_EDGE('',*,*,#1053,.F.);
#1524=ORIENTED_EDGE('',*,*,#1063,.T.);
#1525=ORIENTED_EDGE('',*,*,#1064,.F.);
#1526=ORIENTED_EDGE('',*,*,#1065,.F.);
#1527=ORIENTED_EDGE('',*,*,#1054,.F.);
#1528=ORIENTED_EDGE('',*,*,#1065,.T.);
#1529=ORIENTED_EDGE('',*,*,#1066,.F.);
#1530=ORIENTED_EDGE('',*,*,#1067,.F.);
#1531=ORIENTED_EDGE('',*,*,#1055,.F.);
#1532=ORIENTED_EDGE('',*,*,#1067,.T.);
#1533=ORIENTED_EDGE('',*,*,#1068,.F.);
#1534=ORIENTED_EDGE('',*,*,#1060,.F.);
#1535=ORIENTED_EDGE('',*,*,#1045,.F.);
#1536=ORIENTED_EDGE('',*,*,#1051,.T.);
#1537=ORIENTED_EDGE('',*,*,#1058,.F.);
#1538=ORIENTED_EDGE('',*,*,#1061,.T.);
#1539=ORIENTED_EDGE('',*,*,#1068,.T.);
#1540=ORIENTED_EDGE('',*,*,#1066,.T.);
#1541=ORIENTED_EDGE('',*,*,#1064,.T.);
#1542=ORIENTED_EDGE('',*,*,#1062,.T.);
#1543=ORIENTED_EDGE('',*,*,#1069,.T.);
#1544=ORIENTED_EDGE('',*,*,#1070,.T.);
#1545=ORIENTED_EDGE('',*,*,#1071,.T.);
#1546=ORIENTED_EDGE('',*,*,#1072,.T.);
#1547=ORIENTED_EDGE('',*,*,#1072,.F.);
#1548=ORIENTED_EDGE('',*,*,#1073,.T.);
#1549=ORIENTED_EDGE('',*,*,#1074,.T.);
#1550=ORIENTED_EDGE('',*,*,#1075,.F.);
#1551=ORIENTED_EDGE('',*,*,#1071,.F.);
#1552=ORIENTED_EDGE('',*,*,#1076,.F.);
#1553=ORIENTED_EDGE('',*,*,#1077,.F.);
#1554=ORIENTED_EDGE('',*,*,#1078,.F.);
#1555=ORIENTED_EDGE('',*,*,#1079,.T.);
#1556=ORIENTED_EDGE('',*,*,#1080,.F.);
#1557=ORIENTED_EDGE('',*,*,#1081,.T.);
#1558=ORIENTED_EDGE('',*,*,#1073,.F.);
#1559=ORIENTED_EDGE('',*,*,#1082,.T.);
#1560=ORIENTED_EDGE('',*,*,#1083,.T.);
#1561=ORIENTED_EDGE('',*,*,#1077,.T.);
#1562=ORIENTED_EDGE('',*,*,#1084,.T.);
#1563=ORIENTED_EDGE('',*,*,#1083,.F.);
#1564=ORIENTED_EDGE('',*,*,#1085,.F.);
#1565=ORIENTED_EDGE('',*,*,#1086,.F.);
#1566=ORIENTED_EDGE('',*,*,#1078,.T.);
#1567=ORIENTED_EDGE('',*,*,#1079,.F.);
#1568=ORIENTED_EDGE('',*,*,#1086,.T.);
#1569=ORIENTED_EDGE('',*,*,#1087,.F.);
#1570=ORIENTED_EDGE('',*,*,#1088,.F.);
#1571=ORIENTED_EDGE('',*,*,#1080,.T.);
#1572=ORIENTED_EDGE('',*,*,#1088,.T.);
#1573=ORIENTED_EDGE('',*,*,#1089,.F.);
#1574=ORIENTED_EDGE('',*,*,#1090,.F.);
#1575=ORIENTED_EDGE('',*,*,#1081,.F.);
#1576=ORIENTED_EDGE('',*,*,#1090,.T.);
#1577=ORIENTED_EDGE('',*,*,#1091,.F.);
#1578=ORIENTED_EDGE('',*,*,#1074,.F.);
#1579=ORIENTED_EDGE('',*,*,#1070,.F.);
#1580=ORIENTED_EDGE('',*,*,#1092,.F.);
#1581=ORIENTED_EDGE('',*,*,#1084,.F.);
#1582=ORIENTED_EDGE('',*,*,#1076,.T.);
#1583=ORIENTED_EDGE('',*,*,#1069,.F.);
#1584=ORIENTED_EDGE('',*,*,#1075,.T.);
#1585=ORIENTED_EDGE('',*,*,#1091,.T.);
#1586=ORIENTED_EDGE('',*,*,#1089,.T.);
#1587=ORIENTED_EDGE('',*,*,#1087,.T.);
#1588=ORIENTED_EDGE('',*,*,#1085,.T.);
#1589=ORIENTED_EDGE('',*,*,#1082,.F.);
#1590=ORIENTED_EDGE('',*,*,#1092,.T.);
#1591=CYLINDRICAL_SURFACE('',#1743,10.);
#1592=CYLINDRICAL_SURFACE('',#1746,0.999999999999967);
#1593=CYLINDRICAL_SURFACE('',#1750,0.999999999999979);
#1594=CYLINDRICAL_SURFACE('',#1754,0.999999999999988);
#1595=CYLINDRICAL_SURFACE('',#1758,1.00000000000001);
#1596=CYLINDRICAL_SURFACE('',#1764,1.06294095006278);
#1597=CYLINDRICAL_SURFACE('',#1767,1.06294095006278);
#1598=CYLINDRICAL_SURFACE('',#1772,1.);
#1599=CYLINDRICAL_SURFACE('',#1775,1.);
#1600=CYLINDRICAL_SURFACE('',#1790,1.);
#1601=CYLINDRICAL_SURFACE('',#1793,1.);
#1602=CYLINDRICAL_SURFACE('',#1796,1.);
#1603=CYLINDRICAL_SURFACE('',#1798,1.);
#1604=CYLINDRICAL_SURFACE('',#1800,1.);
#1605=CYLINDRICAL_SURFACE('',#1803,1.);
#1606=CYLINDRICAL_SURFACE('',#1806,1.);
#1607=CYLINDRICAL_SURFACE('',#1808,1.);
#1608=CYLINDRICAL_SURFACE('',#1810,1.);
#1609=CYLINDRICAL_SURFACE('',#1813,1.);
#1610=CYLINDRICAL_SURFACE('',#1821,1.06294095006278);
#1611=CYLINDRICAL_SURFACE('',#1824,1.06294095006278);
#1612=CYLINDRICAL_SURFACE('',#1828,1.);
#1613=CYLINDRICAL_SURFACE('',#1832,1.);
#1614=CYLINDRICAL_SURFACE('',#1847,1.);
#1615=CYLINDRICAL_SURFACE('',#1850,1.);
#1616=CYLINDRICAL_SURFACE('',#1853,1.);
#1617=CYLINDRICAL_SURFACE('',#1855,1.);
#1618=CYLINDRICAL_SURFACE('',#1857,1.);
#1619=CYLINDRICAL_SURFACE('',#1860,1.);
#1620=CYLINDRICAL_SURFACE('',#1863,1.);
#1621=CYLINDRICAL_SURFACE('',#1865,1.);
#1622=CYLINDRICAL_SURFACE('',#1867,1.);
#1623=CYLINDRICAL_SURFACE('',#1870,1.);
#1624=CYLINDRICAL_SURFACE('',#1887,1.);
#1625=CYLINDRICAL_SURFACE('',#1895,1.);
#1626=CYLINDRICAL_SURFACE('',#1899,0.999999999999999);
#1627=CYLINDRICAL_SURFACE('',#1902,0.999999999999996);
#1628=CYLINDRICAL_SURFACE('',#1905,1.);
#1629=CYLINDRICAL_SURFACE('',#1913,1.);
#1630=CYLINDRICAL_SURFACE('',#1916,1.);
#1631=CYLINDRICAL_SURFACE('',#1919,1.);
#1632=ADVANCED_FACE('',(#89),#1591,.F.);
#1633=ADVANCED_FACE('',(#90),#1592,.T.);
#1634=ADVANCED_FACE('',(#91),#40,.T.);
#1635=ADVANCED_FACE('',(#92),#1593,.T.);
#1636=ADVANCED_FACE('',(#93),#41,.T.);
#1637=ADVANCED_FACE('',(#94),#1594,.T.);
#1638=ADVANCED_FACE('',(#95),#42,.T.);
#1639=ADVANCED_FACE('',(#96),#1595,.T.);
#1640=ADVANCED_FACE('',(#97),#43,.T.);
#1641=ADVANCED_FACE('',(#98,#33),#44,.T.);
#1642=ADVANCED_FACE('',(#99,#34),#45,.F.);
#1643=ADVANCED_FACE('',(#100),#1596,.F.);
#1644=ADVANCED_FACE('',(#101),#1597,.F.);
#1645=ADVANCED_FACE('',(#102),#46,.T.);
#1646=ADVANCED_FACE('',(#103),#1598,.F.);
#1647=ADVANCED_FACE('',(#104),#1599,.T.);
#1648=ADVANCED_FACE('',(#105),#47,.F.);
#1649=ADVANCED_FACE('',(#106),#48,.T.);
#1650=ADVANCED_FACE('',(#107),#1600,.T.);
#1651=ADVANCED_FACE('',(#108),#49,.T.);
#1652=ADVANCED_FACE('',(#109),#1601,.T.);
#1653=ADVANCED_FACE('',(#110),#50,.T.);
#1654=ADVANCED_FACE('',(#111),#1602,.F.);
#1655=ADVANCED_FACE('',(#112),#1603,.T.);
#1656=ADVANCED_FACE('',(#113),#1604,.T.);
#1657=ADVANCED_FACE('',(#114,#35),#51,.T.);
#1658=ADVANCED_FACE('',(#115),#1605,.T.);
#1659=ADVANCED_FACE('',(#116,#36),#52,.T.);
#1660=ADVANCED_FACE('',(#117),#1606,.T.);
#1661=ADVANCED_FACE('',(#118),#1607,.T.);
#1662=ADVANCED_FACE('',(#119),#1608,.F.);
#1663=ADVANCED_FACE('',(#120),#53,.T.);
#1664=ADVANCED_FACE('',(#121),#1609,.F.);
#1665=ADVANCED_FACE('',(#122),#54,.T.);
#1666=ADVANCED_FACE('',(#123),#55,.T.);
#1667=ADVANCED_FACE('',(#124),#56,.T.);
#1668=ADVANCED_FACE('',(#125),#57,.T.);
#1669=ADVANCED_FACE('',(#126),#58,.T.);
#1670=ADVANCED_FACE('',(#127),#59,.T.);
#1671=ADVANCED_FACE('',(#128),#1610,.F.);
#1672=ADVANCED_FACE('',(#129),#1611,.F.);
#1673=ADVANCED_FACE('',(#130),#1612,.F.);
#1674=ADVANCED_FACE('',(#131),#60,.T.);
#1675=ADVANCED_FACE('',(#132),#1613,.T.);
#1676=ADVANCED_FACE('',(#133),#61,.F.);
#1677=ADVANCED_FACE('',(#134),#62,.T.);
#1678=ADVANCED_FACE('',(#135),#1614,.T.);
#1679=ADVANCED_FACE('',(#136),#63,.T.);
#1680=ADVANCED_FACE('',(#137),#1615,.T.);
#1681=ADVANCED_FACE('',(#138),#64,.T.);
#1682=ADVANCED_FACE('',(#139),#1616,.F.);
#1683=ADVANCED_FACE('',(#140),#1617,.T.);
#1684=ADVANCED_FACE('',(#141),#1618,.T.);
#1685=ADVANCED_FACE('',(#142,#37),#65,.T.);
#1686=ADVANCED_FACE('',(#143),#1619,.T.);
#1687=ADVANCED_FACE('',(#144,#38),#66,.T.);
#1688=ADVANCED_FACE('',(#145),#1620,.T.);
#1689=ADVANCED_FACE('',(#146),#1621,.T.);
#1690=ADVANCED_FACE('',(#147),#1622,.F.);
#1691=ADVANCED_FACE('',(#148),#67,.T.);
#1692=ADVANCED_FACE('',(#149),#1623,.F.);
#1693=ADVANCED_FACE('',(#150),#68,.T.);
#1694=ADVANCED_FACE('',(#151),#69,.T.);
#1695=ADVANCED_FACE('',(#152),#70,.T.);
#1696=ADVANCED_FACE('',(#153),#71,.T.);
#1697=ADVANCED_FACE('',(#154),#72,.T.);
#1698=ADVANCED_FACE('',(#155),#73,.T.);
#1699=ADVANCED_FACE('',(#156),#74,.T.);
#1700=ADVANCED_FACE('',(#157),#13,.F.);
#1701=ADVANCED_FACE('',(#158,#39),#75,.F.);
#1702=ADVANCED_FACE('',(#159),#76,.F.);
#1703=ADVANCED_FACE('',(#160),#14,.T.);
#1704=ADVANCED_FACE('',(#161),#1624,.T.);
#1705=ADVANCED_FACE('',(#162),#77,.T.);
#1706=ADVANCED_FACE('',(#163),#78,.T.);
#1707=ADVANCED_FACE('',(#164),#1625,.T.);
#1708=ADVANCED_FACE('',(#165),#79,.T.);
#1709=ADVANCED_FACE('',(#166),#80,.T.);
#1710=ADVANCED_FACE('',(#167),#1626,.T.);
#1711=ADVANCED_FACE('',(#168),#81,.T.);
#1712=ADVANCED_FACE('',(#169),#1627,.T.);
#1713=ADVANCED_FACE('',(#170),#82,.F.);
#1714=ADVANCED_FACE('',(#171),#1628,.T.);
#1715=ADVANCED_FACE('',(#172),#83,.T.);
#1716=ADVANCED_FACE('',(#173),#84,.T.);
#1717=ADVANCED_FACE('',(#174),#1629,.T.);
#1718=ADVANCED_FACE('',(#175),#85,.T.);
#1719=ADVANCED_FACE('',(#176),#1630,.T.);
#1720=ADVANCED_FACE('',(#177),#86,.T.);
#1721=ADVANCED_FACE('',(#178),#1631,.T.);
#1722=ADVANCED_FACE('',(#179),#87,.T.);
#1723=ADVANCED_FACE('',(#180),#88,.F.);
#1724=CLOSED_SHELL('',(#1632,#1633,#1634,#1635,#1636,#1637,#1638,#1639,
#1640,#1641,#1642));
#1725=CLOSED_SHELL('',(#1643,#1644,#1645,#1646,#1647,#1648,#1649,#1650,
#1651,#1652,#1653,#1654,#1655,#1656,#1657,#1658,#1659,#1660,#1661,#1662,
#1663,#1664,#1665,#1666,#1667,#1668,#1669,#1670));
#1726=CLOSED_SHELL('',(#1671,#1672,#1673,#1674,#1675,#1676,#1677,#1678,
#1679,#1680,#1681,#1682,#1683,#1684,#1685,#1686,#1687,#1688,#1689,#1690,
#1691,#1692,#1693,#1694,#1695,#1696,#1697,#1698));
#1727=CLOSED_SHELL('',(#1699,#1700,#1701,#1702,#1703));
#1728=CLOSED_SHELL('',(#1704,#1705,#1706,#1707,#1708,#1709,#1710,#1711,
#1712,#1713));
#1729=CLOSED_SHELL('',(#1714,#1715,#1716,#1717,#1718,#1719,#1720,#1721,
#1722,#1723));
#1730=DERIVED_UNIT_ELEMENT(#1732,1.);
#1731=DERIVED_UNIT_ELEMENT(#3039,-3.);
#1732=(
MASS_UNIT()
NAMED_UNIT(*)
SI_UNIT(.KILO.,.GRAM.)
);
#1733=DERIVED_UNIT((#1730,#1731));
#1734=MEASURE_REPRESENTATION_ITEM('density measure',
POSITIVE_RATIO_MEASURE(7850.),#1733);
#1735=PROPERTY_DEFINITION_REPRESENTATION(#1740,#1737);
#1736=PROPERTY_DEFINITION_REPRESENTATION(#1741,#1738);
#1737=REPRESENTATION('material name',(#1739),#3036);
#1738=REPRESENTATION('density',(#1734),#3036);
#1739=DESCRIPTIVE_REPRESENTATION_ITEM('Steel','Steel');
#1740=PROPERTY_DEFINITION('material property','material name',#3046);
#1741=PROPERTY_DEFINITION('material property','density of part',#3046);
#1742=AXIS2_PLACEMENT_3D('',#2440,#1923,#1924);
#1743=AXIS2_PLACEMENT_3D('',#2441,#1925,#1926);
#1744=AXIS2_PLACEMENT_3D('',#2443,#1927,#1928);
#1745=AXIS2_PLACEMENT_3D('',#2446,#1930,#1931);
#1746=AXIS2_PLACEMENT_3D('',#2447,#1932,#1933);
#1747=AXIS2_PLACEMENT_3D('',#2450,#1934,#1935);
#1748=AXIS2_PLACEMENT_3D('',#2454,#1937,#1938);
#1749=AXIS2_PLACEMENT_3D('',#2456,#1940,#1941);
#1750=AXIS2_PLACEMENT_3D('',#2462,#1945,#1946);
#1751=AXIS2_PLACEMENT_3D('',#2464,#1947,#1948);
#1752=AXIS2_PLACEMENT_3D('',#2466,#1949,#1950);
#1753=AXIS2_PLACEMENT_3D('',#2468,#1952,#1953);
#1754=AXIS2_PLACEMENT_3D('',#2474,#1957,#1958);
#1755=AXIS2_PLACEMENT_3D('',#2476,#1959,#1960);
#1756=AXIS2_PLACEMENT_3D('',#2478,#1961,#1962);
#1757=AXIS2_PLACEMENT_3D('',#2480,#1964,#1965);
#1758=AXIS2_PLACEMENT_3D('',#2486,#1969,#1970);
#1759=AXIS2_PLACEMENT_3D('',#2488,#1971,#1972);
#1760=AXIS2_PLACEMENT_3D('',#2490,#1973,#1974);
#1761=AXIS2_PLACEMENT_3D('',#2492,#1976,#1977);
#1762=AXIS2_PLACEMENT_3D('',#2495,#1980,#1981);
#1763=AXIS2_PLACEMENT_3D('',#2496,#1982,#1983);
#1764=AXIS2_PLACEMENT_3D('',#2497,#1984,#1985);
#1765=AXIS2_PLACEMENT_3D('',#2499,#1986,#1987);
#1766=AXIS2_PLACEMENT_3D('',#2516,#1989,#1990);
#1767=AXIS2_PLACEMENT_3D('',#2529,#1991,#1992);
#1768=AXIS2_PLACEMENT_3D('',#2531,#1993,#1994);
#1769=AXIS2_PLACEMENT_3D('',#2535,#1996,#1997);
#1770=AXIS2_PLACEMENT_3D('',#2559,#1998,#1999);
#1771=AXIS2_PLACEMENT_3D('',#2560,#2000,#2001);
#1772=AXIS2_PLACEMENT_3D('',#2570,#2007,#2008);
#1773=AXIS2_PLACEMENT_3D('',#2574,#2010,#2011);
#1774=AXIS2_PLACEMENT_3D('',#2578,#2013,#2014);
#1775=AXIS2_PLACEMENT_3D('',#2580,#2016,#2017);
#1776=AXIS2_PLACEMENT_3D('',#2583,#2018,#2019);
#1777=AXIS2_PLACEMENT_3D('',#2587,#2021,#2022);
#1778=AXIS2_PLACEMENT_3D('',#2589,#2024,#2025);
#1779=AXIS2_PLACEMENT_3D('',#2594,#2028,#2029);
#1780=AXIS2_PLACEMENT_3D('',#2598,#2031,#2032);
#1781=AXIS2_PLACEMENT_3D('',#2601,#2034,#2035);
#1782=AXIS2_PLACEMENT_3D('',#2603,#2036,#2037);
#1783=AXIS2_PLACEMENT_3D('',#2607,#2039,#2040);
#1784=AXIS2_PLACEMENT_3D('',#2611,#2042,#2043);
#1785=AXIS2_PLACEMENT_3D('',#2615,#2045,#2046);
#1786=AXIS2_PLACEMENT_3D('',#2619,#2048,#2049);
#1787=AXIS2_PLACEMENT_3D('',#2623,#2051,#2052);
#1788=AXIS2_PLACEMENT_3D('',#2627,#2054,#2055);
#1789=AXIS2_PLACEMENT_3D('',#2629,#2057,#2058);
#1790=AXIS2_PLACEMENT_3D('',#2631,#2060,#2061);
#1791=AXIS2_PLACEMENT_3D('',#2634,#2062,#2063);
#1792=AXIS2_PLACEMENT_3D('',#2637,#2066,#2067);
#1793=AXIS2_PLACEMENT_3D('',#2639,#2069,#2070);
#1794=AXIS2_PLACEMENT_3D('',#2642,#2071,#2072);
#1795=AXIS2_PLACEMENT_3D('',#2645,#2075,#2076);
#1796=AXIS2_PLACEMENT_3D('',#2649,#2079,#2080);
#1797=AXIS2_PLACEMENT_3D('',#2650,#2081,#2082);
#1798=AXIS2_PLACEMENT_3D('',#2651,#2083,#2084);
#1799=AXIS2_PLACEMENT_3D('',#2653,#2085,#2086);
#1800=AXIS2_PLACEMENT_3D('',#2655,#2088,#2089);
#1801=AXIS2_PLACEMENT_3D('',#2658,#2090,#2091);
#1802=AXIS2_PLACEMENT_3D('',#2661,#2094,#2095);
#1803=AXIS2_PLACEMENT_3D('',#2665,#2098,#2099);
#1804=AXIS2_PLACEMENT_3D('',#2668,#2100,#2101);
#1805=AXIS2_PLACEMENT_3D('',#2671,#2104,#2105);
#1806=AXIS2_PLACEMENT_3D('',#2675,#2108,#2109);
#1807=AXIS2_PLACEMENT_3D('',#2677,#2110,#2111);
#1808=AXIS2_PLACEMENT_3D('',#2679,#2113,#2114);
#1809=AXIS2_PLACEMENT_3D('',#2681,#2115,#2116);
#1810=AXIS2_PLACEMENT_3D('',#2683,#2118,#2119);
#1811=AXIS2_PLACEMENT_3D('',#2687,#2121,#2122);
#1812=AXIS2_PLACEMENT_3D('',#2689,#2124,#2125);
#1813=AXIS2_PLACEMENT_3D('',#2691,#2127,#2128);
#1814=AXIS2_PLACEMENT_3D('',#2695,#2130,#2131);
#1815=AXIS2_PLACEMENT_3D('',#2697,#2133,#2134);
#1816=AXIS2_PLACEMENT_3D('',#2699,#2136,#2137);
#1817=AXIS2_PLACEMENT_3D('',#2701,#2139,#2140);
#1818=AXIS2_PLACEMENT_3D('',#2703,#2142,#2143);
#1819=AXIS2_PLACEMENT_3D('',#2705,#2145,#2146);
#1820=AXIS2_PLACEMENT_3D('',#2707,#2148,#2149);
#1821=AXIS2_PLACEMENT_3D('',#2708,#2150,#2151);
#1822=AXIS2_PLACEMENT_3D('',#2711,#2152,#2153);
#1823=AXIS2_PLACEMENT_3D('',#2727,#2155,#2156);
#1824=AXIS2_PLACEMENT_3D('',#2740,#2157,#2158);
#1825=AXIS2_PLACEMENT_3D('',#2766,#2159,#2160);
#1826=AXIS2_PLACEMENT_3D('',#2769,#2162,#2163);
#1827=AXIS2_PLACEMENT_3D('',#2770,#2164,#2165);
#1828=AXIS2_PLACEMENT_3D('',#2771,#2166,#2167);
#1829=AXIS2_PLACEMENT_3D('',#2775,#2169,#2170);
#1830=AXIS2_PLACEMENT_3D('',#2779,#2172,#2173);
#1831=AXIS2_PLACEMENT_3D('',#2781,#2175,#2176);
#1832=AXIS2_PLACEMENT_3D('',#2791,#2182,#2183);
#1833=AXIS2_PLACEMENT_3D('',#2794,#2184,#2185);
#1834=AXIS2_PLACEMENT_3D('',#2798,#2187,#2188);
#1835=AXIS2_PLACEMENT_3D('',#2800,#2190,#2191);
#1836=AXIS2_PLACEMENT_3D('',#2805,#2194,#2195);
#1837=AXIS2_PLACEMENT_3D('',#2809,#2197,#2198);
#1838=AXIS2_PLACEMENT_3D('',#2812,#2200,#2201);
#1839=AXIS2_PLACEMENT_3D('',#2814,#2202,#2203);
#1840=AXIS2_PLACEMENT_3D('',#2818,#2205,#2206);
#1841=AXIS2_PLACEMENT_3D('',#2822,#2208,#2209);
#1842=AXIS2_PLACEMENT_3D('',#2826,#2211,#2212);
#1843=AXIS2_PLACEMENT_3D('',#2830,#2214,#2215);
#1844=AXIS2_PLACEMENT_3D('',#2834,#2217,#2218);
#1845=AXIS2_PLACEMENT_3D('',#2838,#2220,#2221);
#1846=AXIS2_PLACEMENT_3D('',#2840,#2223,#2224);
#1847=AXIS2_PLACEMENT_3D('',#2842,#2226,#2227);
#1848=AXIS2_PLACEMENT_3D('',#2845,#2228,#2229);
#1849=AXIS2_PLACEMENT_3D('',#2848,#2232,#2233);
#1850=AXIS2_PLACEMENT_3D('',#2850,#2235,#2236);
#1851=AXIS2_PLACEMENT_3D('',#2853,#2237,#2238);
#1852=AXIS2_PLACEMENT_3D('',#2856,#2241,#2242);
#1853=AXIS2_PLACEMENT_3D('',#2860,#2245,#2246);
#1854=AXIS2_PLACEMENT_3D('',#2861,#2247,#2248);
#1855=AXIS2_PLACEMENT_3D('',#2862,#2249,#2250);
#1856=AXIS2_PLACEMENT_3D('',#2864,#2251,#2252);
#1857=AXIS2_PLACEMENT_3D('',#2866,#2254,#2255);
#1858=AXIS2_PLACEMENT_3D('',#2869,#2256,#2257);
#1859=AXIS2_PLACEMENT_3D('',#2872,#2260,#2261);
#1860=AXIS2_PLACEMENT_3D('',#2876,#2264,#2265);
#1861=AXIS2_PLACEMENT_3D('',#2879,#2266,#2267);
#1862=AXIS2_PLACEMENT_3D('',#2882,#2270,#2271);
#1863=AXIS2_PLACEMENT_3D('',#2886,#2274,#2275);
#1864=AXIS2_PLACEMENT_3D('',#2888,#2276,#2277);
#1865=AXIS2_PLACEMENT_3D('',#2890,#2279,#2280);
#1866=AXIS2_PLACEMENT_3D('',#2892,#2281,#2282);
#1867=AXIS2_PLACEMENT_3D('',#2894,#2284,#2285);
#1868=AXIS2_PLACEMENT_3D('',#2898,#2287,#2288);
#1869=AXIS2_PLACEMENT_3D('',#2900,#2290,#2291);
#1870=AXIS2_PLACEMENT_3D('',#2902,#2293,#2294);
#1871=AXIS2_PLACEMENT_3D('',#2906,#2296,#2297);
#1872=AXIS2_PLACEMENT_3D('',#2908,#2299,#2300);
#1873=AXIS2_PLACEMENT_3D('',#2910,#2302,#2303);
#1874=AXIS2_PLACEMENT_3D('',#2912,#2305,#2306);
#1875=AXIS2_PLACEMENT_3D('',#2914,#2308,#2309);
#1876=AXIS2_PLACEMENT_3D('',#2916,#2311,#2312);
#1877=AXIS2_PLACEMENT_3D('',#2918,#2314,#2315);
#1878=AXIS2_PLACEMENT_3D('',#2919,#2316,#2317);
#1879=AXIS2_PLACEMENT_3D('',#2921,#2318,#2319);
#1880=AXIS2_PLACEMENT_3D('',#2922,#2320,#2321);
#1881=AXIS2_PLACEMENT_3D('',#2925,#2323,#2324);
#1882=AXIS2_PLACEMENT_3D('',#2926,#2325,#2326);
#1883=AXIS2_PLACEMENT_3D('',#2928,#2327,#2328);
#1884=AXIS2_PLACEMENT_3D('',#2929,#2329,#2330);
#1885=AXIS2_PLACEMENT_3D('',#2931,#2331,#2332);
#1886=AXIS2_PLACEMENT_3D('',#2932,#2333,#2334);
#1887=AXIS2_PLACEMENT_3D('',#2934,#2336,#2337);
#1888=AXIS2_PLACEMENT_3D('',#2937,#2338,#2339);
#1889=AXIS2_PLACEMENT_3D('',#2941,#2341,#2342);
#1890=AXIS2_PLACEMENT_3D('',#2943,#2344,#2345);
#1891=AXIS2_PLACEMENT_3D('',#2949,#2349,#2350);
#1892=AXIS2_PLACEMENT_3D('',#2953,#2352,#2353);
#1893=AXIS2_PLACEMENT_3D('',#2957,#2355,#2356);
#1894=AXIS2_PLACEMENT_3D('',#2960,#2358,#2359);
#1895=AXIS2_PLACEMENT_3D('',#2961,#2360,#2361);
#1896=AXIS2_PLACEMENT_3D('',#2963,#2362,#2363);
#1897=AXIS2_PLACEMENT_3D('',#2965,#2365,#2366);
#1898=AXIS2_PLACEMENT_3D('',#2969,#2369,#2370);
#1899=AXIS2_PLACEMENT_3D('',#2973,#2373,#2374);
#1900=AXIS2_PLACEMENT_3D('',#2975,#2375,#2376);
#1901=AXIS2_PLACEMENT_3D('',#2977,#2378,#2379);
#1902=AXIS2_PLACEMENT_3D('',#2981,#2382,#2383);
#1903=AXIS2_PLACEMENT_3D('',#2982,#2384,#2385);
#1904=AXIS2_PLACEMENT_3D('',#2983,#2386,#2387);
#1905=AXIS2_PLACEMENT_3D('',#2984,#2388,#2389);
#1906=AXIS2_PLACEMENT_3D('',#2987,#2390,#2391);
#1907=AXIS2_PLACEMENT_3D('',#2991,#2393,#2394);
#1908=AXIS2_PLACEMENT_3D('',#2993,#2396,#2397);
#1909=AXIS2_PLACEMENT_3D('',#2999,#2401,#2402);
#1910=AXIS2_PLACEMENT_3D('',#3003,#2404,#2405);
#1911=AXIS2_PLACEMENT_3D('',#3007,#2407,#2408);
#1912=AXIS2_PLACEMENT_3D('',#3010,#2410,#2411);
#1913=AXIS2_PLACEMENT_3D('',#3011,#2412,#2413);
#1914=AXIS2_PLACEMENT_3D('',#3014,#2414,#2415);
#1915=AXIS2_PLACEMENT_3D('',#3017,#2418,#2419);
#1916=AXIS2_PLACEMENT_3D('',#3021,#2422,#2423);
#1917=AXIS2_PLACEMENT_3D('',#3023,#2424,#2425);
#1918=AXIS2_PLACEMENT_3D('',#3025,#2427,#2428);
#1919=AXIS2_PLACEMENT_3D('',#3029,#2431,#2432);
#1920=AXIS2_PLACEMENT_3D('',#3030,#2433,#2434);
#1921=AXIS2_PLACEMENT_3D('',#3031,#2435,#2436);
#1922=AXIS2_PLACEMENT_3D('',#3033,#2438,#2439);
#1923=DIRECTION('axis',(0.,0.,1.));
#1924=DIRECTION('refdir',(1.,0.,0.));
#1925=DIRECTION('center_axis',(0.,0.,1.));
#1926=DIRECTION('ref_axis',(1.,0.,0.));
#1927=DIRECTION('center_axis',(0.,0.,-1.));
#1928=DIRECTION('ref_axis',(1.,0.,0.));
#1929=DIRECTION('',(0.,0.,-1.));
#1930=DIRECTION('center_axis',(0.,0.,1.));
#1931=DIRECTION('ref_axis',(1.,0.,0.));
#1932=DIRECTION('center_axis',(0.,0.,1.));
#1933=DIRECTION('ref_axis',(-0.0161540598295683,-0.9998695146623,0.));
#1934=DIRECTION('center_axis',(0.,0.,1.));
#1935=DIRECTION('ref_axis',(-0.0161540598295683,-0.9998695146623,0.));
#1936=DIRECTION('',(0.,0.,1.));
#1937=DIRECTION('center_axis',(0.,0.,1.));
#1938=DIRECTION('ref_axis',(-0.0161540598295683,-0.9998695146623,0.));
#1939=DIRECTION('',(0.,0.,1.));
#1940=DIRECTION('center_axis',(0.000153208566605439,-0.999999988263568,
0.));
#1941=DIRECTION('ref_axis',(0.999999988263568,0.000153208566605439,0.));
#1942=DIRECTION('',(-0.999999988263568,-0.000153208566605439,0.));
#1943=DIRECTION('',(0.999999988263568,0.000153208566605439,0.));
#1944=DIRECTION('',(0.,0.,1.));
#1945=DIRECTION('center_axis',(0.,0.,1.));
#1946=DIRECTION('ref_axis',(-1.,1.30451205393459E-14,0.));
#1947=DIRECTION('center_axis',(0.,0.,1.));
#1948=DIRECTION('ref_axis',(-1.,1.30451205393459E-14,0.));
#1949=DIRECTION('center_axis',(0.,0.,1.));
#1950=DIRECTION('ref_axis',(-1.,1.30451205393459E-14,0.));
#1951=DIRECTION('',(0.,0.,1.));
#1952=DIRECTION('center_axis',(-1.,6.00808333791787E-15,0.));
#1953=DIRECTION('ref_axis',(-6.00808333791787E-15,-1.,0.));
#1954=DIRECTION('',(6.00808333791787E-15,1.,0.));
#1955=DIRECTION('',(-6.00808333791787E-15,-1.,0.));
#1956=DIRECTION('',(0.,0.,1.));
#1957=DIRECTION('center_axis',(0.,0.,1.));
#1958=DIRECTION('ref_axis',(0.,1.,0.));
#1959=DIRECTION('center_axis',(0.,0.,1.));
#1960=DIRECTION('ref_axis',(0.,1.,0.));
#1961=DIRECTION('center_axis',(0.,0.,1.));
#1962=DIRECTION('ref_axis',(0.,1.,0.));
#1963=DIRECTION('',(0.,0.,1.));
#1964=DIRECTION('center_axis',(0.,1.,0.));
#1965=DIRECTION('ref_axis',(-1.,0.,0.));
#1966=DIRECTION('',(1.,0.,0.));
#1967=DIRECTION('',(-1.,0.,0.));
#1968=DIRECTION('',(0.,0.,1.));
#1969=DIRECTION('center_axis',(0.,0.,1.));
#1970=DIRECTION('ref_axis',(1.,4.4408920985006E-15,0.));
#1971=DIRECTION('center_axis',(0.,0.,1.));
#1972=DIRECTION('ref_axis',(1.,4.4408920985006E-15,0.));
#1973=DIRECTION('center_axis',(0.,0.,1.));
#1974=DIRECTION('ref_axis',(1.,4.4408920985006E-15,0.));
#1975=DIRECTION('',(0.,0.,1.));
#1976=DIRECTION('center_axis',(1.,5.16319661852317E-16,0.));
#1977=DIRECTION('ref_axis',(-5.16319661852317E-16,1.,0.));
#1978=DIRECTION('',(-5.16319661852317E-16,1.,0.));
#1979=DIRECTION('',(-5.16319661852317E-16,1.,0.));
#1980=DIRECTION('center_axis',(0.,0.,1.));
#1981=DIRECTION('ref_axis',(1.,0.,0.));
#1982=DIRECTION('center_axis',(0.,0.,1.));
#1983=DIRECTION('ref_axis',(1.,0.,0.));
#1984=DIRECTION('center_axis',(1.,0.,0.));
#1985=DIRECTION('ref_axis',(0.,-1.,0.));
#1986=DIRECTION('center_axis',(1.,0.,0.));
#1987=DIRECTION('ref_axis',(0.,-1.,0.));
#1988=DIRECTION('',(1.,0.,0.));
#1989=DIRECTION('center_axis',(-1.,0.,0.));
#1990=DIRECTION('ref_axis',(0.,-1.,0.));
#1991=DIRECTION('center_axis',(1.,0.,0.));
#1992=DIRECTION('ref_axis',(0.,-1.,0.));
#1993=DIRECTION('center_axis',(1.,0.,0.));
#1994=DIRECTION('ref_axis',(0.,-1.,0.));
#1995=DIRECTION('',(1.,0.,0.));
#1996=DIRECTION('center_axis',(-1.,0.,0.));
#1997=DIRECTION('ref_axis',(0.,-1.,0.));
#1998=DIRECTION('center_axis',(-1.,0.,0.));
#1999=DIRECTION('ref_axis',(0.,-1.,0.));
#2000=DIRECTION('center_axis',(1.,0.,0.));
#2001=DIRECTION('ref_axis',(0.,1.,0.));
#2002=DIRECTION('',(0.,0.,-1.));
#2003=DIRECTION('',(0.,1.,0.));
#2004=DIRECTION('',(0.,0.,1.));
#2005=DIRECTION('',(0.,1.,0.));
#2006=DIRECTION('',(0.,0.,-1.));
#2007=DIRECTION('center_axis',(0.,0.,1.));
#2008=DIRECTION('ref_axis',(-0.707106781186554,-0.707106781186541,0.));
#2009=DIRECTION('',(0.,0.,1.));
#2010=DIRECTION('center_axis',(0.,0.,1.));
#2011=DIRECTION('ref_axis',(-0.707106781186554,-0.707106781186541,0.));
#2012=DIRECTION('',(0.,0.,-1.));
#2013=DIRECTION('center_axis',(0.,0.,-1.));
#2014=DIRECTION('ref_axis',(-0.707106781186554,-0.707106781186541,0.));
#2015=DIRECTION('',(0.,0.,1.));
#2016=DIRECTION('center_axis',(0.,0.,1.));
#2017=DIRECTION('ref_axis',(0.707106781186554,0.707106781186541,0.));
#2018=DIRECTION('center_axis',(0.,0.,-1.));
#2019=DIRECTION('ref_axis',(0.707106781186554,0.707106781186541,0.));
#2020=DIRECTION('',(0.,0.,-1.));
#2021=DIRECTION('center_axis',(0.,0.,1.));
#2022=DIRECTION('ref_axis',(0.707106781186554,0.707106781186541,0.));
#2023=DIRECTION('',(0.,0.,1.));
#2024=DIRECTION('center_axis',(0.,0.,1.));
#2025=DIRECTION('ref_axis',(1.,0.,0.));
#2026=DIRECTION('',(0.,1.,0.));
#2027=DIRECTION('',(-1.,3.92001534554345E-16,0.));
#2028=DIRECTION('center_axis',(0.,0.,1.));
#2029=DIRECTION('ref_axis',(0.707106781186544,0.707106781186551,0.));
#2030=DIRECTION('',(0.,1.,0.));
#2031=DIRECTION('center_axis',(0.,0.,1.));
#2032=DIRECTION('ref_axis',(0.707106781186546,-0.707106781186549,0.));
#2033=DIRECTION('',(1.,-1.32744054798087E-16,0.));
#2034=DIRECTION('center_axis',(0.,0.,-1.));
#2035=DIRECTION('ref_axis',(-0.707106781186553,0.707106781186543,0.));
#2036=DIRECTION('center_axis',(0.,0.,1.));
#2037=DIRECTION('ref_axis',(0.707106781186553,-0.707106781186542,0.));
#2038=DIRECTION('',(1.,-1.0884539425307E-16,0.));
#2039=DIRECTION('center_axis',(0.,0.,1.));
#2040=DIRECTION('ref_axis',(-0.707106781186552,-0.707106781186543,0.));
#2041=DIRECTION('',(0.,-1.,0.));
#2042=DIRECTION('center_axis',(0.,0.,1.));
#2043=DIRECTION('ref_axis',(-0.707106781186553,0.707106781186543,0.));
#2044=DIRECTION('',(-1.,-7.35247025292123E-17,0.));
#2045=DIRECTION('center_axis',(0.,0.,-1.));
#2046=DIRECTION('ref_axis',(0.707106781186546,-0.707106781186549,0.));
#2047=DIRECTION('',(0.,-1.,0.));
#2048=DIRECTION('center_axis',(0.,0.,-1.));
#2049=DIRECTION('ref_axis',(0.707106781186548,0.707106781186548,0.));
#2050=DIRECTION('',(1.,0.,0.));
#2051=DIRECTION('center_axis',(0.,0.,1.));
#2052=DIRECTION('ref_axis',(-0.707106781186551,-0.707106781186544,0.));
#2053=DIRECTION('',(0.,-1.,0.));
#2054=DIRECTION('center_axis',(0.,0.,1.));
#2055=DIRECTION('ref_axis',(-0.707106781186551,0.707106781186544,0.));
#2056=DIRECTION('',(-1.,8.42476079659398E-16,0.));
#2057=DIRECTION('center_axis',(1.,0.,0.));
#2058=DIRECTION('ref_axis',(0.,1.,0.));
#2059=DIRECTION('',(0.,1.,0.));
#2060=DIRECTION('center_axis',(0.,0.,1.));
#2061=DIRECTION('ref_axis',(0.707106781186544,0.707106781186551,0.));
#2062=DIRECTION('center_axis',(0.,0.,-1.));
#2063=DIRECTION('ref_axis',(0.707106781186544,0.707106781186551,0.));
#2064=DIRECTION('',(0.,0.,-1.));
#2065=DIRECTION('',(0.,0.,1.));
#2066=DIRECTION('center_axis',(3.92001534554345E-16,1.,0.));
#2067=DIRECTION('ref_axis',(-1.,3.92001534554345E-16,0.));
#2068=DIRECTION('',(-1.,3.92001534554345E-16,0.));
#2069=DIRECTION('center_axis',(0.,0.,1.));
#2070=DIRECTION('ref_axis',(0.707106781186546,-0.707106781186549,0.));
#2071=DIRECTION('center_axis',(0.,0.,-1.));
#2072=DIRECTION('ref_axis',(0.707106781186546,-0.707106781186549,0.));
#2073=DIRECTION('',(0.,0.,-1.));
#2074=DIRECTION('',(0.,0.,1.));
#2075=DIRECTION('center_axis',(-1.32744054798087E-16,-1.,0.));
#2076=DIRECTION('ref_axis',(1.,-1.32744054798087E-16,0.));
#2077=DIRECTION('',(1.,-1.32744054798087E-16,0.));
#2078=DIRECTION('',(0.,0.,1.));
#2079=DIRECTION('center_axis',(0.,0.,1.));
#2080=DIRECTION('ref_axis',(-0.707106781186553,0.707106781186543,0.));
#2081=DIRECTION('center_axis',(0.,0.,1.));
#2082=DIRECTION('ref_axis',(-0.707106781186553,0.707106781186543,0.));
#2083=DIRECTION('center_axis',(0.,0.,1.));
#2084=DIRECTION('ref_axis',(0.707106781186553,-0.707106781186542,0.));
#2085=DIRECTION('center_axis',(0.,0.,-1.));
#2086=DIRECTION('ref_axis',(0.707106781186553,-0.707106781186542,0.));
#2087=DIRECTION('',(0.,0.,-1.));
#2088=DIRECTION('center_axis',(0.,0.,1.));
#2089=DIRECTION('ref_axis',(-0.707106781186551,0.707106781186544,0.));
#2090=DIRECTION('center_axis',(0.,0.,-1.));
#2091=DIRECTION('ref_axis',(-0.707106781186551,0.707106781186544,0.));
#2092=DIRECTION('',(0.,0.,-1.));
#2093=DIRECTION('',(0.,0.,1.));
#2094=DIRECTION('center_axis',(-1.,0.,0.));
#2095=DIRECTION('ref_axis',(0.,-1.,0.));
#2096=DIRECTION('',(0.,0.,-1.));
#2097=DIRECTION('',(0.,-1.,0.));
#2098=DIRECTION('center_axis',(0.,0.,1.));
#2099=DIRECTION('ref_axis',(-0.707106781186552,-0.707106781186543,0.));
#2100=DIRECTION('center_axis',(0.,0.,-1.));
#2101=DIRECTION('ref_axis',(-0.707106781186552,-0.707106781186543,0.));
#2102=DIRECTION('',(0.,0.,-1.));
#2103=DIRECTION('',(0.,0.,1.));
#2104=DIRECTION('center_axis',(-1.,0.,0.));
#2105=DIRECTION('ref_axis',(0.,-1.,0.));
#2106=DIRECTION('',(0.,-1.,0.));
#2107=DIRECTION('',(0.,0.,1.));
#2108=DIRECTION('center_axis',(0.,0.,1.));
#2109=DIRECTION('ref_axis',(-0.707106781186553,0.707106781186543,0.));
#2110=DIRECTION('center_axis',(0.,0.,-1.));
#2111=DIRECTION('ref_axis',(-0.707106781186553,0.707106781186543,0.));
#2112=DIRECTION('',(0.,0.,-1.));
#2113=DIRECTION('center_axis',(0.,0.,1.));
#2114=DIRECTION('ref_axis',(-0.707106781186551,-0.707106781186544,0.));
#2115=DIRECTION('center_axis',(0.,0.,-1.));
#2116=DIRECTION('ref_axis',(-0.707106781186551,-0.707106781186544,0.));
#2117=DIRECTION('',(0.,0.,1.));
#2118=DIRECTION('center_axis',(0.,0.,1.));
#2119=DIRECTION('ref_axis',(0.707106781186546,-0.707106781186549,0.));
#2120=DIRECTION('',(0.,0.,1.));
#2121=DIRECTION('center_axis',(0.,0.,1.));
#2122=DIRECTION('ref_axis',(0.707106781186546,-0.707106781186549,0.));
#2123=DIRECTION('',(0.,0.,-1.));
#2124=DIRECTION('center_axis',(-7.35247025292123E-17,1.,0.));
#2125=DIRECTION('ref_axis',(-1.,-7.35247025292123E-17,0.));
#2126=DIRECTION('',(-1.,-7.35247025292123E-17,0.));
#2127=DIRECTION('center_axis',(0.,0.,1.));
#2128=DIRECTION('ref_axis',(0.707106781186548,0.707106781186548,0.));
#2129=DIRECTION('',(0.,0.,1.));
#2130=DIRECTION('center_axis',(0.,0.,1.));
#2131=DIRECTION('ref_axis',(0.707106781186548,0.707106781186548,0.));
#2132=DIRECTION('',(0.,0.,-1.));
#2133=DIRECTION('center_axis',(-1.,0.,0.));
#2134=DIRECTION('ref_axis',(0.,-1.,0.));
#2135=DIRECTION('',(0.,-1.,0.));
#2136=DIRECTION('center_axis',(1.,0.,0.));
#2137=DIRECTION('ref_axis',(0.,1.,0.));
#2138=DIRECTION('',(0.,1.,0.));
#2139=DIRECTION('center_axis',(-1.0884539425307E-16,-1.,0.));
#2140=DIRECTION('ref_axis',(1.,-1.0884539425307E-16,0.));
#2141=DIRECTION('',(1.,-1.0884539425307E-16,0.));
#2142=DIRECTION('center_axis',(0.,-1.,0.));
#2143=DIRECTION('ref_axis',(1.,0.,0.));
#2144=DIRECTION('',(1.,0.,0.));
#2145=DIRECTION('center_axis',(8.42476079659398E-16,1.,0.));
#2146=DIRECTION('ref_axis',(-1.,8.42476079659398E-16,0.));
#2147=DIRECTION('',(-1.,8.42476079659398E-16,0.));
#2148=DIRECTION('center_axis',(0.,0.,1.));
#2149=DIRECTION('ref_axis',(1.,0.,0.));
#2150=DIRECTION('center_axis',(1.,0.,0.));
#2151=DIRECTION('ref_axis',(0.,-1.,0.));
#2152=DIRECTION('center_axis',(1.,1.22464679914735E-16,0.));
#2153=DIRECTION('ref_axis',(0.,-1.,0.));
#2154=DIRECTION('',(1.,0.,0.));
#2155=DIRECTION('center_axis',(-1.,-1.22464679914735E-16,0.));
#2156=DIRECTION('ref_axis',(0.,-1.,0.));
#2157=DIRECTION('center_axis',(1.,0.,0.));
#2158=DIRECTION('ref_axis',(0.,-1.,0.));
#2159=DIRECTION('center_axis',(1.,1.22464679914735E-16,0.));
#2160=DIRECTION('ref_axis',(0.,-1.,0.));
#2161=DIRECTION('',(1.,0.,0.));
#2162=DIRECTION('center_axis',(-1.,-1.22464679914735E-16,0.));
#2163=DIRECTION('ref_axis',(0.,-1.,0.));
#2164=DIRECTION('center_axis',(1.,1.22464679914735E-16,0.));
#2165=DIRECTION('ref_axis',(0.,-1.,0.));
#2166=DIRECTION('center_axis',(0.,0.,1.));
#2167=DIRECTION('ref_axis',(0.707106781186554,0.707106781186541,0.));
#2168=DIRECTION('',(0.,0.,1.));
#2169=DIRECTION('center_axis',(0.,0.,1.));
#2170=DIRECTION('ref_axis',(0.707106781186554,0.707106781186541,0.));
#2171=DIRECTION('',(0.,0.,-1.));
#2172=DIRECTION('center_axis',(0.,0.,-1.));
#2173=DIRECTION('ref_axis',(0.707106781186554,0.707106781186541,0.));
#2174=DIRECTION('',(0.,0.,1.));
#2175=DIRECTION('center_axis',(-1.,-1.22464679914735E-16,0.));
#2176=DIRECTION('ref_axis',(1.22464679914735E-16,-1.,0.));
#2177=DIRECTION('',(0.,0.,-1.));
#2178=DIRECTION('',(1.22464679914735E-16,-1.,0.));
#2179=DIRECTION('',(0.,0.,1.));
#2180=DIRECTION('',(1.22464679914735E-16,-1.,0.));
#2181=DIRECTION('',(0.,0.,-1.));
#2182=DIRECTION('center_axis',(0.,0.,1.));
#2183=DIRECTION('ref_axis',(-0.707106781186554,-0.707106781186541,0.));
#2184=DIRECTION('center_axis',(0.,0.,-1.));
#2185=DIRECTION('ref_axis',(-0.707106781186554,-0.707106781186541,0.));
#2186=DIRECTION('',(0.,0.,-1.));
#2187=DIRECTION('center_axis',(0.,0.,1.));
#2188=DIRECTION('ref_axis',(-0.707106781186554,-0.707106781186541,0.));
#2189=DIRECTION('',(0.,0.,1.));
#2190=DIRECTION('center_axis',(0.,0.,1.));
#2191=DIRECTION('ref_axis',(-1.,-1.22464679914735E-16,0.));
#2192=DIRECTION('',(1.22464679914735E-16,-1.,0.));
#2193=DIRECTION('',(1.,-2.6953685463961E-16,0.));
#2194=DIRECTION('center_axis',(0.,0.,1.));
#2195=DIRECTION('ref_axis',(-0.707106781186544,-0.707106781186551,0.));
#2196=DIRECTION('',(1.22464679914735E-16,-1.,0.));
#2197=DIRECTION('center_axis',(0.,0.,1.));
#2198=DIRECTION('ref_axis',(-0.707106781186547,0.707106781186549,0.));
#2199=DIRECTION('',(-1.,1.02793748833519E-17,0.));
#2200=DIRECTION('center_axis',(0.,0.,-1.));
#2201=DIRECTION('ref_axis',(0.707106781186553,-0.707106781186542,0.));
#2202=DIRECTION('center_axis',(0.,0.,1.));
#2203=DIRECTION('ref_axis',(-0.707106781186553,0.707106781186542,0.));
#2204=DIRECTION('',(-1.,-1.36192856616656E-17,0.));
#2205=DIRECTION('center_axis',(0.,0.,1.));
#2206=DIRECTION('ref_axis',(0.707106781186552,0.707106781186543,0.));
#2207=DIRECTION('',(-1.22464679914735E-16,1.,0.));
#2208=DIRECTION('center_axis',(0.,0.,1.));
#2209=DIRECTION('ref_axis',(0.707106781186553,-0.707106781186542,0.));
#2210=DIRECTION('',(1.,1.95989382443948E-16,0.));
#2211=DIRECTION('center_axis',(0.,0.,-1.));
#2212=DIRECTION('ref_axis',(-0.707106781186547,0.707106781186549,0.));
#2213=DIRECTION('',(-1.22464679914735E-16,1.,0.));
#2214=DIRECTION('center_axis',(0.,0.,-1.));
#2215=DIRECTION('ref_axis',(-0.707106781186547,-0.707106781186548,0.));
#2216=DIRECTION('',(-1.,-1.22464679914735E-16,0.));
#2217=DIRECTION('center_axis',(0.,0.,1.));
#2218=DIRECTION('ref_axis',(0.707106781186551,0.707106781186544,0.));
#2219=DIRECTION('',(-1.22464679914735E-16,1.,0.));
#2220=DIRECTION('center_axis',(0.,0.,1.));
#2221=DIRECTION('ref_axis',(0.707106781186551,-0.707106781186544,0.));
#2222=DIRECTION('',(1.,-7.20011399744663E-16,0.));
#2223=DIRECTION('center_axis',(-1.,-1.22464679914735E-16,0.));
#2224=DIRECTION('ref_axis',(1.22464679914735E-16,-1.,0.));
#2225=DIRECTION('',(1.22464679914735E-16,-1.,0.));
#2226=DIRECTION('center_axis',(0.,0.,1.));
#2227=DIRECTION('ref_axis',(-0.707106781186544,-0.707106781186551,0.));
#2228=DIRECTION('center_axis',(0.,0.,-1.));
#2229=DIRECTION('ref_axis',(-0.707106781186544,-0.707106781186551,0.));
#2230=DIRECTION('',(0.,0.,-1.));
#2231=DIRECTION('',(0.,0.,1.));
#2232=DIRECTION('center_axis',(-2.6953685463961E-16,-1.,0.));
#2233=DIRECTION('ref_axis',(1.,-2.6953685463961E-16,0.));
#2234=DIRECTION('',(1.,-2.6953685463961E-16,0.));
#2235=DIRECTION('center_axis',(0.,0.,1.));
#2236=DIRECTION('ref_axis',(-0.707106781186547,0.707106781186549,0.));
#2237=DIRECTION('center_axis',(0.,0.,-1.));
#2238=DIRECTION('ref_axis',(-0.707106781186547,0.707106781186549,0.));
#2239=DIRECTION('',(0.,0.,-1.));
#2240=DIRECTION('',(0.,0.,1.));
#2241=DIRECTION('center_axis',(1.02793748833519E-17,1.,0.));
#2242=DIRECTION('ref_axis',(-1.,1.02793748833519E-17,0.));
#2243=DIRECTION('',(-1.,1.02793748833519E-17,0.));
#2244=DIRECTION('',(0.,0.,1.));
#2245=DIRECTION('center_axis',(0.,0.,1.));
#2246=DIRECTION('ref_axis',(0.707106781186553,-0.707106781186542,0.));
#2247=DIRECTION('center_axis',(0.,0.,1.));
#2248=DIRECTION('ref_axis',(0.707106781186553,-0.707106781186542,0.));
#2249=DIRECTION('center_axis',(0.,0.,1.));
#2250=DIRECTION('ref_axis',(-0.707106781186553,0.707106781186542,0.));
#2251=DIRECTION('center_axis',(0.,0.,-1.));
#2252=DIRECTION('ref_axis',(-0.707106781186553,0.707106781186542,0.));
#2253=DIRECTION('',(0.,0.,-1.));
#2254=DIRECTION('center_axis',(0.,0.,1.));
#2255=DIRECTION('ref_axis',(0.707106781186551,-0.707106781186544,0.));
#2256=DIRECTION('center_axis',(0.,0.,-1.));
#2257=DIRECTION('ref_axis',(0.707106781186551,-0.707106781186544,0.));
#2258=DIRECTION('',(0.,0.,-1.));
#2259=DIRECTION('',(0.,0.,1.));
#2260=DIRECTION('center_axis',(1.,1.22464679914735E-16,0.));
#2261=DIRECTION('ref_axis',(-1.22464679914735E-16,1.,0.));
#2262=DIRECTION('',(0.,0.,-1.));
#2263=DIRECTION('',(-1.22464679914735E-16,1.,0.));
#2264=DIRECTION('center_axis',(0.,0.,1.));
#2265=DIRECTION('ref_axis',(0.707106781186552,0.707106781186543,0.));
#2266=DIRECTION('center_axis',(0.,0.,-1.));
#2267=DIRECTION('ref_axis',(0.707106781186552,0.707106781186543,0.));
#2268=DIRECTION('',(0.,0.,-1.));
#2269=DIRECTION('',(0.,0.,1.));
#2270=DIRECTION('center_axis',(1.,1.22464679914735E-16,0.));
#2271=DIRECTION('ref_axis',(-1.22464679914735E-16,1.,0.));
#2272=DIRECTION('',(-1.22464679914735E-16,1.,0.));
#2273=DIRECTION('',(0.,0.,1.));
#2274=DIRECTION('center_axis',(0.,0.,1.));
#2275=DIRECTION('ref_axis',(0.707106781186553,-0.707106781186542,0.));
#2276=DIRECTION('center_axis',(0.,0.,-1.));
#2277=DIRECTION('ref_axis',(0.707106781186553,-0.707106781186542,0.));
#2278=DIRECTION('',(0.,0.,-1.));
#2279=DIRECTION('center_axis',(0.,0.,1.));
#2280=DIRECTION('ref_axis',(0.707106781186551,0.707106781186544,0.));
#2281=DIRECTION('center_axis',(0.,0.,-1.));
#2282=DIRECTION('ref_axis',(0.707106781186551,0.707106781186544,0.));
#2283=DIRECTION('',(0.,0.,1.));
#2284=DIRECTION('center_axis',(0.,0.,1.));
#2285=DIRECTION('ref_axis',(-0.707106781186547,0.707106781186549,0.));
#2286=DIRECTION('',(0.,0.,1.));
#2287=DIRECTION('center_axis',(0.,0.,1.));
#2288=DIRECTION('ref_axis',(-0.707106781186547,0.707106781186549,0.));
#2289=DIRECTION('',(0.,0.,-1.));
#2290=DIRECTION('center_axis',(1.95989382443948E-16,-1.,0.));
#2291=DIRECTION('ref_axis',(1.,1.95989382443948E-16,0.));
#2292=DIRECTION('',(1.,1.95989382443948E-16,0.));
#2293=DIRECTION('center_axis',(0.,0.,1.));
#2294=DIRECTION('ref_axis',(-0.707106781186547,-0.707106781186548,0.));
#2295=DIRECTION('',(0.,0.,1.));
#2296=DIRECTION('center_axis',(0.,0.,1.));
#2297=DIRECTION('ref_axis',(-0.707106781186547,-0.707106781186548,0.));
#2298=DIRECTION('',(0.,0.,-1.));
#2299=DIRECTION('center_axis',(1.,1.22464679914735E-16,0.));
#2300=DIRECTION('ref_axis',(-1.22464679914735E-16,1.,0.));
#2301=DIRECTION('',(-1.22464679914735E-16,1.,0.));
#2302=DIRECTION('center_axis',(-1.,-1.22464679914735E-16,0.));
#2303=DIRECTION('ref_axis',(1.22464679914735E-16,-1.,0.));
#2304=DIRECTION('',(1.22464679914735E-16,-1.,0.));
#2305=DIRECTION('center_axis',(-1.36192856616656E-17,1.,0.));
#2306=DIRECTION('ref_axis',(-1.,-1.36192856616656E-17,0.));
#2307=DIRECTION('',(-1.,-1.36192856616656E-17,0.));
#2308=DIRECTION('center_axis',(-1.22464679914735E-16,1.,0.));
#2309=DIRECTION('ref_axis',(-1.,-1.22464679914735E-16,0.));
#2310=DIRECTION('',(-1.,-1.22464679914735E-16,0.));
#2311=DIRECTION('center_axis',(-7.20011399744663E-16,-1.,0.));
#2312=DIRECTION('ref_axis',(1.,-7.20011399744663E-16,0.));
#2313=DIRECTION('',(1.,-7.20011399744663E-16,0.));
#2314=DIRECTION('center_axis',(0.,0.,1.));
#2315=DIRECTION('ref_axis',(-1.,-1.22464679914735E-16,0.));
#2316=DIRECTION('center_axis',(0.,0.,1.));
#2317=DIRECTION('ref_axis',(1.,0.,0.));
#2318=DIRECTION('center_axis',(0.,0.,1.));
#2319=DIRECTION('ref_axis',(1.,0.,0.));
#2320=DIRECTION('center_axis',(0.,0.,-1.));
#2321=DIRECTION('ref_axis',(1.,0.,0.));
#2322=DIRECTION('',(0.164398987305357,2.01330693586572E-17,0.986393923832144));
#2323=DIRECTION('center_axis',(0.,0.,-1.));
#2324=DIRECTION('ref_axis',(1.,0.,0.));
#2325=DIRECTION('center_axis',(0.,0.,-1.));
#2326=DIRECTION('ref_axis',(-1.,0.,0.));
#2327=DIRECTION('center_axis',(0.,0.,-1.));
#2328=DIRECTION('ref_axis',(1.,0.,0.));
#2329=DIRECTION('center_axis',(0.,0.,1.));
#2330=DIRECTION('ref_axis',(1.,0.,0.));
#2331=DIRECTION('center_axis',(0.,0.,1.));
#2332=DIRECTION('ref_axis',(1.,0.,0.));
#2333=DIRECTION('center_axis',(0.,0.,-1.));
#2334=DIRECTION('ref_axis',(1.,0.,0.));
#2335=DIRECTION('',(-0.164398987305357,-2.01330693586572E-17,-0.986393923832144));
#2336=DIRECTION('center_axis',(0.,0.,-1.));
#2337=DIRECTION('ref_axis',(-0.70710678118654,-0.707106781186555,0.));
#2338=DIRECTION('center_axis',(0.,0.,1.));
#2339=DIRECTION('ref_axis',(-0.70710678118654,-0.707106781186555,0.));
#2340=DIRECTION('',(0.,0.,1.));
#2341=DIRECTION('center_axis',(0.,0.,-1.));
#2342=DIRECTION('ref_axis',(-0.70710678118654,-0.707106781186555,0.));
#2343=DIRECTION('',(0.,0.,-1.));
#2344=DIRECTION('center_axis',(-1.,0.,0.));
#2345=DIRECTION('ref_axis',(0.,1.,0.));
#2346=DIRECTION('',(0.,-1.,0.));
#2347=DIRECTION('',(0.,0.,1.));
#2348=DIRECTION('',(0.,1.,0.));
#2349=DIRECTION('center_axis',(0.,0.,1.));
#2350=DIRECTION('ref_axis',(1.,0.,0.));
#2351=DIRECTION('',(1.,0.,0.));
#2352=DIRECTION('center_axis',(0.,0.,1.));
#2353=DIRECTION('ref_axis',(0.,-1.,0.));
#2354=DIRECTION('',(0.,1.,0.));
#2355=DIRECTION('center_axis',(0.,0.,1.));
#2356=DIRECTION('ref_axis',(1.,-8.88178419700128E-15,0.));
#2357=DIRECTION('',(-1.,0.,0.));
#2358=DIRECTION('center_axis',(0.,0.,-1.));
#2359=DIRECTION('ref_axis',(-0.707106781186554,0.707106781186541,0.));
#2360=DIRECTION('center_axis',(0.,0.,-1.));
#2361=DIRECTION('ref_axis',(-0.707106781186554,0.707106781186541,0.));
#2362=DIRECTION('center_axis',(0.,0.,1.));
#2363=DIRECTION('ref_axis',(-0.707106781186554,0.707106781186541,0.));
#2364=DIRECTION('',(0.,0.,-1.));
#2365=DIRECTION('center_axis',(0.,1.,0.));
#2366=DIRECTION('ref_axis',(1.,0.,0.));
#2367=DIRECTION('',(0.,0.,-1.));
#2368=DIRECTION('',(1.,0.,0.));
#2369=DIRECTION('center_axis',(0.,-1.,0.));
#2370=DIRECTION('ref_axis',(-1.,0.,0.));
#2371=DIRECTION('',(-1.,0.,0.));
#2372=DIRECTION('',(0.,0.,-1.));
#2373=DIRECTION('center_axis',(0.,0.,-1.));
#2374=DIRECTION('ref_axis',(0.,-1.,0.));
#2375=DIRECTION('center_axis',(0.,0.,-1.));
#2376=DIRECTION('ref_axis',(0.,-1.,0.));
#2377=DIRECTION('',(0.,0.,-1.));
#2378=DIRECTION('center_axis',(1.,0.,0.));
#2379=DIRECTION('ref_axis',(0.,-1.,0.));
#2380=DIRECTION('',(0.,-1.,0.));
#2381=DIRECTION('',(0.,0.,-1.));
#2382=DIRECTION('center_axis',(0.,0.,-1.));
#2383=DIRECTION('ref_axis',(1.,-8.88178419700128E-15,0.));
#2384=DIRECTION('center_axis',(0.,0.,-1.));
#2385=DIRECTION('ref_axis',(1.,-8.88178419700128E-15,0.));
#2386=DIRECTION('center_axis',(0.,0.,1.));
#2387=DIRECTION('ref_axis',(1.,0.,0.));
#2388=DIRECTION('center_axis',(0.,0.,-1.));
#2389=DIRECTION('ref_axis',(0.707106781186548,-0.707106781186547,0.));
#2390=DIRECTION('center_axis',(0.,0.,1.));
#2391=DIRECTION('ref_axis',(0.707106781186548,-0.707106781186547,0.));
#2392=DIRECTION('',(0.,0.,1.));
#2393=DIRECTION('center_axis',(0.,0.,-1.));
#2394=DIRECTION('ref_axis',(0.707106781186548,-0.707106781186547,0.));
#2395=DIRECTION('',(0.,0.,-1.));
#2396=DIRECTION('center_axis',(0.,-1.,0.));
#2397=DIRECTION('ref_axis',(-1.,0.,0.));
#2398=DIRECTION('',(-1.,0.,0.));
#2399=DIRECTION('',(0.,0.,-1.));
#2400=DIRECTION('',(-1.,0.,0.));
#2401=DIRECTION('center_axis',(0.,0.,1.));
#2402=DIRECTION('ref_axis',(1.,0.,0.));
#2403=DIRECTION('',(0.,-1.,0.));
#2404=DIRECTION('center_axis',(0.,0.,-1.));
#2405=DIRECTION('ref_axis',(0.707106781186549,0.707106781186546,0.));
#2406=DIRECTION('',(1.,0.,0.));
#2407=DIRECTION('center_axis',(0.,0.,1.));
#2408=DIRECTION('ref_axis',(-1.11022302462516E-15,1.,0.));
#2409=DIRECTION('',(0.,1.,0.));
#2410=DIRECTION('center_axis',(0.,0.,1.));
#2411=DIRECTION('ref_axis',(-1.,0.,0.));
#2412=DIRECTION('center_axis',(0.,0.,-1.));
#2413=DIRECTION('ref_axis',(0.707106781186549,0.707106781186546,0.));
#2414=DIRECTION('center_axis',(0.,0.,1.));
#2415=DIRECTION('ref_axis',(0.707106781186549,0.707106781186546,0.));
#2416=DIRECTION('',(0.,0.,1.));
#2417=DIRECTION('',(0.,0.,-1.));
#2418=DIRECTION('center_axis',(0.,1.,0.));
#2419=DIRECTION('ref_axis',(1.,0.,0.));
#2420=DIRECTION('',(1.,0.,0.));
#2421=DIRECTION('',(0.,0.,-1.));
#2422=DIRECTION('center_axis',(0.,0.,-1.));
#2423=DIRECTION('ref_axis',(-1.11022302462516E-15,1.,0.));
#2424=DIRECTION('center_axis',(0.,0.,-1.));
#2425=DIRECTION('ref_axis',(-1.11022302462516E-15,1.,0.));
#2426=DIRECTION('',(0.,0.,-1.));
#2427=DIRECTION('center_axis',(-1.,0.,0.));
#2428=DIRECTION('ref_axis',(0.,1.,0.));
#2429=DIRECTION('',(0.,1.,0.));
#2430=DIRECTION('',(0.,0.,-1.));
#2431=DIRECTION('center_axis',(0.,0.,-1.));
#2432=DIRECTION('ref_axis',(-1.,0.,0.));
#2433=DIRECTION('center_axis',(0.,0.,-1.));
#2434=DIRECTION('ref_axis',(-1.,0.,0.));
#2435=DIRECTION('center_axis',(1.,0.,0.));
#2436=DIRECTION('ref_axis',(0.,-1.,0.));
#2437=DIRECTION('',(0.,-1.,0.));
#2438=DIRECTION('center_axis',(0.,0.,1.));
#2439=DIRECTION('ref_axis',(1.,0.,0.));
#2440=CARTESIAN_POINT('',(0.,0.,0.));
#2441=CARTESIAN_POINT('Origin',(-45.0484274578517,12.856611517336,0.));
#2442=CARTESIAN_POINT('',(-55.0484274578517,12.856611517336,2.5));
#2443=CARTESIAN_POINT('Origin',(-45.0484274578517,12.856611517336,2.5));
#2444=CARTESIAN_POINT('',(-55.0484274578517,12.856611517336,0.));
#2445=CARTESIAN_POINT('',(-55.0484274578517,12.856611517336,0.));
#2446=CARTESIAN_POINT('Origin',(-45.0484274578517,12.856611517336,0.));
#2447=CARTESIAN_POINT('Origin',(-1.0484274578517,-2.1300390889226,0.));
#2448=CARTESIAN_POINT('',(-1.06458151768127,-3.12990860358487,0.));
#2449=CARTESIAN_POINT('',(-0.0484274578517344,-2.13003908892259,0.));
#2450=CARTESIAN_POINT('Origin',(-1.0484274578517,-2.1300390889226,0.));
#2451=CARTESIAN_POINT('',(-0.0484274578517319,-2.13003908892259,2.5));
#2452=CARTESIAN_POINT('',(-0.0484274578517344,-2.13003908892259,0.));
#2453=CARTESIAN_POINT('',(-1.06458151768127,-3.12990860358487,2.5));
#2454=CARTESIAN_POINT('Origin',(-1.0484274578517,-2.1300390889226,2.5));
#2455=CARTESIAN_POINT('',(-1.06458151768127,-3.12990860358487,0.));
#2456=CARTESIAN_POINT('Origin',(-89.0484274578517,-3.143388482664,0.));
#2457=CARTESIAN_POINT('',(-89.0484274578517,-3.143388482664,0.));
#2458=CARTESIAN_POINT('',(-1.06458151768127,-3.12990860358487,0.));
#2459=CARTESIAN_POINT('',(-89.0484274578517,-3.143388482664,2.5));
#2460=CARTESIAN_POINT('',(-1.06458151768127,-3.12990860358487,2.5));
#2461=CARTESIAN_POINT('',(-89.0484274578517,-3.143388482664,0.));
#2462=CARTESIAN_POINT('Origin',(-89.0484274578517,-2.14338848266401,0.));
#2463=CARTESIAN_POINT('',(-90.0484274578517,-2.143388482664,0.));
#2464=CARTESIAN_POINT('Origin',(-89.0484274578517,-2.14338848266401,0.));
#2465=CARTESIAN_POINT('',(-90.0484274578517,-2.143388482664,2.5));
#2466=CARTESIAN_POINT('Origin',(-89.0484274578517,-2.14338848266401,2.5));
#2467=CARTESIAN_POINT('',(-90.0484274578517,-2.143388482664,0.));
#2468=CARTESIAN_POINT('Origin',(-90.0484274578517,27.856611517336,0.));
#2469=CARTESIAN_POINT('',(-90.0484274578517,27.856611517336,0.));
#2470=CARTESIAN_POINT('',(-90.0484274578517,24.9,0.));
#2471=CARTESIAN_POINT('',(-90.0484274578517,27.856611517336,2.5));
#2472=CARTESIAN_POINT('',(-90.0484274578517,24.9,2.5));
#2473=CARTESIAN_POINT('',(-90.0484274578517,27.856611517336,0.));
#2474=CARTESIAN_POINT('Origin',(-89.0484274578517,27.856611517336,0.));
#2475=CARTESIAN_POINT('',(-89.0484274578517,28.856611517336,0.));
#2476=CARTESIAN_POINT('Origin',(-89.0484274578517,27.856611517336,0.));
#2477=CARTESIAN_POINT('',(-89.0484274578517,28.856611517336,2.5));
#2478=CARTESIAN_POINT('Origin',(-89.0484274578517,27.856611517336,2.5));
#2479=CARTESIAN_POINT('',(-89.0484274578517,28.856611517336,0.));
#2480=CARTESIAN_POINT('Origin',(-1.04842745785174,28.856611517336,0.));
#2481=CARTESIAN_POINT('',(-1.04842745785174,28.856611517336,0.));
#2482=CARTESIAN_POINT('',(-89.0484274578517,28.856611517336,0.));
#2483=CARTESIAN_POINT('',(-1.04842745785174,28.856611517336,2.5));
#2484=CARTESIAN_POINT('',(-89.0484274578517,28.856611517336,2.5));
#2485=CARTESIAN_POINT('',(-1.04842745785174,28.856611517336,0.));
#2486=CARTESIAN_POINT('Origin',(-1.04842745785175,27.856611517336,0.));
#2487=CARTESIAN_POINT('',(-0.0484274578517435,27.856611517336,0.));
#2488=CARTESIAN_POINT('Origin',(-1.04842745785175,27.856611517336,0.));
#2489=CARTESIAN_POINT('',(-0.0484274578517407,27.856611517336,2.5));
#2490=CARTESIAN_POINT('Origin',(-1.04842745785175,27.856611517336,2.5));
#2491=CARTESIAN_POINT('',(-0.0484274578517435,27.856611517336,0.));
#2492=CARTESIAN_POINT('Origin',(-0.048427457851728,-2.13003908892259,0.));
#2493=CARTESIAN_POINT('',(-0.048427457851742,24.9,0.));
#2494=CARTESIAN_POINT('',(-0.048427457851742,24.9,2.5));
#2495=CARTESIAN_POINT('Origin',(-45.0484274578517,12.856611517336,2.5));
#2496=CARTESIAN_POINT('Origin',(-45.0484274578517,12.856611517336,0.));
#2497=CARTESIAN_POINT('Origin',(-90.0484285754389,-0.986361946290186,8.99023625210286));
#2498=CARTESIAN_POINT('',(-90.0484285754389,0.0765790037725933,8.99023625210286));
#2499=CARTESIAN_POINT('Origin',(-90.0484287989563,-0.986361946290186,8.99023625210286));
#2500=CARTESIAN_POINT('',(-84.6424364932791,0.0765790037725933,8.99023625210286));
#2501=CARTESIAN_POINT('',(-90.0484285754389,0.0765790037725933,8.99023625210286));
#2502=CARTESIAN_POINT('',(-84.9484287840551,-0.643388564620384,9.99632408265562));
#2503=CARTESIAN_POINT('Ctrl Pts',(-84.9484287840551,-0.643388564620384,
9.99632408265562));
#2504=CARTESIAN_POINT('Ctrl Pts',(-84.9484287840551,-0.600993029360878,
9.98187152726821));
#2505=CARTESIAN_POINT('Ctrl Pts',(-84.9457007105743,-0.560127148653505,
9.96490246022166));
#2506=CARTESIAN_POINT('Ctrl Pts',(-84.9301145554323,-0.432791790069805,
9.90304300665853));
#2507=CARTESIAN_POINT('Ctrl Pts',(-84.9064220884886,-0.345151095313192,
9.84420496059172));
#2508=CARTESIAN_POINT('Ctrl Pts',(-84.8451894215236,-0.193369517083938,
9.70548225307642));
#2509=CARTESIAN_POINT('Ctrl Pts',(-84.8080724369231,-0.129057302892752,
9.62559861780882));
#2510=CARTESIAN_POINT('Ctrl Pts',(-84.7425220102349,-0.0329265306530928,
9.46869988508474));
#2511=CARTESIAN_POINT('Ctrl Pts',(-84.70802956646,0.00807005638769919,9.37861835219729));
#2512=CARTESIAN_POINT('Ctrl Pts',(-84.6573767169916,0.0628584786060348,
9.18739544735512));
#2513=CARTESIAN_POINT('Ctrl Pts',(-84.6424364932791,0.0765790037725933,
9.08591253675058));
#2514=CARTESIAN_POINT('Ctrl Pts',(-84.6424364932791,0.0765790037725933,
8.99023625210286));
#2515=CARTESIAN_POINT('',(-84.9484287840551,-0.643388564620384,7.98414842155011));
#2516=CARTESIAN_POINT('Origin',(-84.9484287840551,-0.986361946290186,8.99023625210286));
#2517=CARTESIAN_POINT('Ctrl Pts',(-84.6424364932791,0.0765790037725933,
8.99023625210286));
#2518=CARTESIAN_POINT('Ctrl Pts',(-84.6424364932791,0.0765790037725933,
8.89455996745515));
#2519=CARTESIAN_POINT('Ctrl Pts',(-84.6573767169916,0.0628584786060346,
8.79307705685061));
#2520=CARTESIAN_POINT('Ctrl Pts',(-84.70802956646,0.00807005638770159,8.60185415200844));
#2521=CARTESIAN_POINT('Ctrl Pts',(-84.7425220102349,-0.0329265306530925,
8.51177261912098));
#2522=CARTESIAN_POINT('Ctrl Pts',(-84.8080724369231,-0.129057302892751,
8.3548738863969));
#2523=CARTESIAN_POINT('Ctrl Pts',(-84.8451894215236,-0.193369517083938,
8.2749902511293));
#2524=CARTESIAN_POINT('Ctrl Pts',(-84.9064220884886,-0.345151095313192,
8.13626754361401));
#2525=CARTESIAN_POINT('Ctrl Pts',(-84.9301145554323,-0.432791790069805,
8.07742949754719));
#2526=CARTESIAN_POINT('Ctrl Pts',(-84.9457007105743,-0.560127148653504,
8.01557004398406));
#2527=CARTESIAN_POINT('Ctrl Pts',(-84.9484287840551,-0.600993029360877,
7.99860097693751));
#2528=CARTESIAN_POINT('Ctrl Pts',(-84.9484287840551,-0.643388564620384,
7.98414842155011));
#2529=CARTESIAN_POINT('Origin',(-90.0484285754389,26.6136380537098,8.99023625210286));
#2530=CARTESIAN_POINT('',(-90.0484285754389,27.6765790037726,8.99023625210286));
#2531=CARTESIAN_POINT('Origin',(-90.0484287989563,26.6136380537098,8.99023625210286));
#2532=CARTESIAN_POINT('',(-84.7771905932425,27.6765790037726,8.99023625210286));
#2533=CARTESIAN_POINT('',(-90.0484285754389,27.6765790037726,8.99023625210286));
#2534=CARTESIAN_POINT('',(-84.7771905932425,26.3566118079086,10.021633834168));
#2535=CARTESIAN_POINT('Origin',(-84.7771905932425,26.6136380537098,8.99023625210286));
#2536=CARTESIAN_POINT('',(-84.7771905932425,26.3566118079086,7.95883867003777));
#2537=CARTESIAN_POINT('Ctrl Pts',(-84.7771905932425,26.3566118079086,7.95883867003777));
#2538=CARTESIAN_POINT('Ctrl Pts',(-84.7771905932425,26.3023522852028,7.97236024664659));
#2539=CARTESIAN_POINT('Ctrl Pts',(-84.7726942295215,26.249870775744,7.99008718467623));
#2540=CARTESIAN_POINT('Ctrl Pts',(-84.7496302951019,26.103207640961,8.05182127797052));
#2541=CARTESIAN_POINT('Ctrl Pts',(-84.7187272912334,26.00748405467,8.11036392550565));
#2542=CARTESIAN_POINT('Ctrl Pts',(-84.6396809164031,25.8423239561488,8.25086323097521));
#2543=CARTESIAN_POINT('Ctrl Pts',(-84.5919045013406,25.7726741002337,8.33277522767723));
#2544=CARTESIAN_POINT('Ctrl Pts',(-84.5064482126514,25.6692648513859,8.49358677825279));
#2545=CARTESIAN_POINT('Ctrl Pts',(-84.4608475739221,25.6253808436748,8.58554173035292));
#2546=CARTESIAN_POINT('Ctrl Pts',(-84.391349737809,25.5661091209843,8.78260027956902));
#2547=CARTESIAN_POINT('Ctrl Pts',(-84.3692222557867,25.550697103647,8.88831625343262));
#2548=CARTESIAN_POINT('Ctrl Pts',(-84.3692222557867,25.550697103647,9.0921562507731));
#2549=CARTESIAN_POINT('Ctrl Pts',(-84.391349737809,25.5661091209843,9.1978722246367));
#2550=CARTESIAN_POINT('Ctrl Pts',(-84.4608475739221,25.6253808436748,9.39493077385281));
#2551=CARTESIAN_POINT('Ctrl Pts',(-84.5064482126514,25.6692648513859,9.48688572595293));
#2552=CARTESIAN_POINT('Ctrl Pts',(-84.5919045013406,25.7726741002337,9.64769727652849));
#2553=CARTESIAN_POINT('Ctrl Pts',(-84.6396809164031,25.8423239561488,9.72960927323051));
#2554=CARTESIAN_POINT('Ctrl Pts',(-84.7187272912334,26.00748405467,9.87010857870007));
#2555=CARTESIAN_POINT('Ctrl Pts',(-84.7496302951019,26.103207640961,9.9286512262352));
#2556=CARTESIAN_POINT('Ctrl Pts',(-84.7726942295215,26.249870775744,9.99038531952949));
#2557=CARTESIAN_POINT('Ctrl Pts',(-84.7771905932425,26.3023522852028,10.0081122575591));
#2558=CARTESIAN_POINT('Ctrl Pts',(-84.7771905932425,26.3566118079086,10.021633834168));
#2559=CARTESIAN_POINT('Origin',(-84.7771905932425,26.6136380537098,8.99023625210286));
#2560=CARTESIAN_POINT('Origin',(-84.9484287840551,-3.14338861677445,2.5));
#2561=CARTESIAN_POINT('',(-84.9484287840551,-0.643388564620384,14.5));
#2562=CARTESIAN_POINT('',(-84.9484287840551,-0.643388564620384,2.5));
#2563=CARTESIAN_POINT('',(-84.9484287840551,-2.14338861677445,14.5));
#2564=CARTESIAN_POINT('',(-84.9484287840551,-3.14338861677445,14.5));
#2565=CARTESIAN_POINT('',(-84.9484287840551,-2.14338861677445,2.5));
#2566=CARTESIAN_POINT('',(-84.9484287840551,-2.14338861677445,2.5));
#2567=CARTESIAN_POINT('',(-84.9484287840551,-0.643388564620384,2.5));
#2568=CARTESIAN_POINT('',(-84.9484287840551,-3.14338861677445,2.5));
#2569=CARTESIAN_POINT('',(-84.9484287840551,-0.643388564620384,2.5));
#2570=CARTESIAN_POINT('Origin',(-83.7771905932425,26.3566118079086,2.5));
#2571=CARTESIAN_POINT('',(-84.7771905932425,26.3566118079086,14.5));
#2572=CARTESIAN_POINT('',(-84.7771905932425,26.3566118079086,2.5));
#2573=CARTESIAN_POINT('',(-83.7771905932425,25.3566118079086,14.5));
#2574=CARTESIAN_POINT('Origin',(-83.7771905932425,26.3566118079086,14.5));
#2575=CARTESIAN_POINT('',(-83.7771905932425,25.3566118079086,2.5));
#2576=CARTESIAN_POINT('',(-83.7771905932425,25.3566118079086,2.5));
#2577=CARTESIAN_POINT('',(-84.7771905932425,26.3566118079086,2.5));
#2578=CARTESIAN_POINT('Origin',(-83.7771905932425,26.3566118079086,2.5));
#2579=CARTESIAN_POINT('',(-84.7771905932425,26.3566118079086,2.5));
#2580=CARTESIAN_POINT('Origin',(-85.7771905932425,27.8566118600627,2.5));
#2581=CARTESIAN_POINT('',(-85.7771905932425,28.8566118600627,14.5));
#2582=CARTESIAN_POINT('',(-84.7771905932425,27.8566118600627,14.5));
#2583=CARTESIAN_POINT('Origin',(-85.7771905932425,27.8566118600627,14.5));
#2584=CARTESIAN_POINT('',(-84.7771905932425,27.8566118600627,2.5));
#2585=CARTESIAN_POINT('',(-84.7771905932425,27.8566118600627,2.5));
#2586=CARTESIAN_POINT('',(-85.7771905932425,28.8566118600627,2.5));
#2587=CARTESIAN_POINT('Origin',(-85.7771905932425,27.8566118600627,2.5));
#2588=CARTESIAN_POINT('',(-85.7771905932425,28.8566118600627,2.5));
#2589=CARTESIAN_POINT('Origin',(-81.7484286834723,12.8566116216441,2.5));
#2590=CARTESIAN_POINT('',(-84.7771905932425,25.3566118079086,2.5));
#2591=CARTESIAN_POINT('',(-74.4484285679883,25.3566118079086,2.5));
#2592=CARTESIAN_POINT('',(-73.4484285679883,25.3566118079086,2.5));
#2593=CARTESIAN_POINT('',(-73.4484285679883,24.3566118079086,2.5));
#2594=CARTESIAN_POINT('Origin',(-74.4484285679883,24.3566118079086,2.5));
#2595=CARTESIAN_POINT('',(-73.4484285679883,1.35661143537961,2.5));
#2596=CARTESIAN_POINT('',(-73.4484285679883,0.356611435379615,2.5));
#2597=CARTESIAN_POINT('',(-74.4484285679883,0.356611435379615,2.5));
#2598=CARTESIAN_POINT('Origin',(-74.4484285679883,1.35661143537961,2.5));
#2599=CARTESIAN_POINT('',(-83.9484287840551,0.356611435379616,2.5));
#2600=CARTESIAN_POINT('',(-84.9484287840551,0.356611435379616,2.5));
#2601=CARTESIAN_POINT('Origin',(-83.9484287840551,-0.643388564620384,2.5));
#2602=CARTESIAN_POINT('',(-85.9484287840551,-3.14338861677445,2.5));
#2603=CARTESIAN_POINT('Origin',(-85.9484287840551,-2.14338861677445,2.5));
#2604=CARTESIAN_POINT('',(-89.0484287989563,-3.14338861677445,2.5));
#2605=CARTESIAN_POINT('',(-90.0484287989563,-3.14338861677445,2.5));
#2606=CARTESIAN_POINT('',(-90.0484287989563,-2.14338861677445,2.5));
#2607=CARTESIAN_POINT('Origin',(-89.0484287989563,-2.14338861677445,2.5));
#2608=CARTESIAN_POINT('',(-90.0484287989563,0.356611450280776,2.5));
#2609=CARTESIAN_POINT('',(-90.0484287989563,1.35661145028078,2.5));
#2610=CARTESIAN_POINT('',(-89.0484287989563,1.35661145028078,2.5));
#2611=CARTESIAN_POINT('Origin',(-89.0484287989563,0.356611450280776,2.5));
#2612=CARTESIAN_POINT('',(-75.9484285754389,1.35661145028078,2.5));
#2613=CARTESIAN_POINT('',(-74.9484285754389,1.35661145028078,2.5));
#2614=CARTESIAN_POINT('',(-74.9484285754389,2.35661145028078,2.5));
#2615=CARTESIAN_POINT('Origin',(-75.9484285754389,2.35661145028078,2.5));
#2616=CARTESIAN_POINT('',(-74.9484285754389,23.3566117930075,2.5));
#2617=CARTESIAN_POINT('',(-74.9484285754389,24.3566117930075,2.5));
#2618=CARTESIAN_POINT('',(-75.9484285754389,24.3566117930075,2.5));
#2619=CARTESIAN_POINT('Origin',(-75.9484285754389,23.3566117930075,2.5));
#2620=CARTESIAN_POINT('',(-89.0484287989563,24.3566117930075,2.5));
#2621=CARTESIAN_POINT('',(-90.0484287989563,24.3566117930075,2.5));
#2622=CARTESIAN_POINT('',(-90.0484287989563,25.3566117930075,2.5));
#2623=CARTESIAN_POINT('Origin',(-89.0484287989563,25.3566117930075,2.5));
#2624=CARTESIAN_POINT('',(-90.0484287989563,27.8566118600627,2.5));
#2625=CARTESIAN_POINT('',(-90.0484287989563,28.8566118600627,2.5));
#2626=CARTESIAN_POINT('',(-89.0484287989563,28.8566118600627,2.5));
#2627=CARTESIAN_POINT('Origin',(-89.0484287989563,27.8566118600627,2.5));
#2628=CARTESIAN_POINT('',(-84.7771905932425,28.8566118600627,2.5));
#2629=CARTESIAN_POINT('Origin',(-84.7771905932425,25.3566118079086,2.5));
#2630=CARTESIAN_POINT('',(-84.7771905932425,25.3566118079086,14.5));
#2631=CARTESIAN_POINT('Origin',(-74.4484285679883,24.3566118079086,2.5));
#2632=CARTESIAN_POINT('',(-74.4484285679883,25.3566118079086,14.5));
#2633=CARTESIAN_POINT('',(-73.4484285679883,24.3566118079086,14.5));
#2634=CARTESIAN_POINT('Origin',(-74.4484285679883,24.3566118079086,14.5));
#2635=CARTESIAN_POINT('',(-73.4484285679883,24.3566118079086,2.5));
#2636=CARTESIAN_POINT('',(-74.4484285679883,25.3566118079086,2.5));
#2637=CARTESIAN_POINT('Origin',(-73.4484285679883,25.3566118079086,2.5));
#2638=CARTESIAN_POINT('',(-73.4484285679883,25.3566118079086,14.5));
#2639=CARTESIAN_POINT('Origin',(-74.4484285679883,1.35661143537961,2.5));
#2640=CARTESIAN_POINT('',(-73.4484285679883,1.35661143537961,14.5));
#2641=CARTESIAN_POINT('',(-74.4484285679883,0.356611435379615,14.5));
#2642=CARTESIAN_POINT('Origin',(-74.4484285679883,1.35661143537961,14.5));
#2643=CARTESIAN_POINT('',(-74.4484285679883,0.356611435379615,2.5));
#2644=CARTESIAN_POINT('',(-73.4484285679883,1.35661143537961,2.5));
#2645=CARTESIAN_POINT('Origin',(-84.9484287840551,0.356611435379616,2.5));
#2646=CARTESIAN_POINT('',(-83.9484287840551,0.356611435379616,14.5));
#2647=CARTESIAN_POINT('',(-84.9484287840551,0.356611435379616,14.5));
#2648=CARTESIAN_POINT('',(-83.9484287840551,0.356611435379616,2.5));
#2649=CARTESIAN_POINT('Origin',(-83.9484287840551,-0.643388564620384,2.5));
#2650=CARTESIAN_POINT('Origin',(-83.9484287840551,-0.643388564620384,14.5));
#2651=CARTESIAN_POINT('Origin',(-85.9484287840551,-2.14338861677445,2.5));
#2652=CARTESIAN_POINT('',(-85.9484287840551,-3.14338861677445,14.5));
#2653=CARTESIAN_POINT('Origin',(-85.9484287840551,-2.14338861677445,14.5));
#2654=CARTESIAN_POINT('',(-85.9484287840551,-3.14338861677445,2.5));
#2655=CARTESIAN_POINT('Origin',(-89.0484287989563,27.8566118600627,2.5));
#2656=CARTESIAN_POINT('',(-90.0484287989563,27.8566118600627,14.5));
#2657=CARTESIAN_POINT('',(-89.0484287989563,28.8566118600627,14.5));
#2658=CARTESIAN_POINT('Origin',(-89.0484287989563,27.8566118600627,14.5));
#2659=CARTESIAN_POINT('',(-89.0484287989563,28.8566118600627,2.5));
#2660=CARTESIAN_POINT('',(-90.0484287989563,27.8566118600627,2.5));
#2661=CARTESIAN_POINT('Origin',(-90.0484287989563,28.8566118600627,2.5));
#2662=CARTESIAN_POINT('',(-90.0484287989563,25.3566117930075,14.5));
#2663=CARTESIAN_POINT('',(-90.0484287989563,25.3566117930075,2.5));
#2664=CARTESIAN_POINT('',(-90.0484287989563,28.8566118600627,14.5));
#2665=CARTESIAN_POINT('Origin',(-89.0484287989563,-2.14338861677445,2.5));
#2666=CARTESIAN_POINT('',(-89.0484287989563,-3.14338861677445,14.5));
#2667=CARTESIAN_POINT('',(-90.0484287989563,-2.14338861677445,14.5));
#2668=CARTESIAN_POINT('Origin',(-89.0484287989563,-2.14338861677445,14.5));
#2669=CARTESIAN_POINT('',(-90.0484287989563,-2.14338861677445,2.5));
#2670=CARTESIAN_POINT('',(-89.0484287989563,-3.14338861677445,2.5));
#2671=CARTESIAN_POINT('Origin',(-90.0484287989563,1.35661145028078,2.5));
#2672=CARTESIAN_POINT('',(-90.0484287989563,0.356611450280776,14.5));
#2673=CARTESIAN_POINT('',(-90.0484287989563,1.35661145028078,14.5));
#2674=CARTESIAN_POINT('',(-90.0484287989563,0.356611450280776,2.5));
#2675=CARTESIAN_POINT('Origin',(-89.0484287989563,0.356611450280776,2.5));
#2676=CARTESIAN_POINT('',(-89.0484287989563,1.35661145028078,14.5));
#2677=CARTESIAN_POINT('Origin',(-89.0484287989563,0.356611450280776,14.5));
#2678=CARTESIAN_POINT('',(-89.0484287989563,1.35661145028078,2.5));
#2679=CARTESIAN_POINT('Origin',(-89.0484287989563,25.3566117930075,2.5));
#2680=CARTESIAN_POINT('',(-89.0484287989563,24.3566117930075,14.5));
#2681=CARTESIAN_POINT('Origin',(-89.0484287989563,25.3566117930075,14.5));
#2682=CARTESIAN_POINT('',(-89.0484287989563,24.3566117930075,2.5));
#2683=CARTESIAN_POINT('Origin',(-75.9484285754389,2.35661145028078,2.5));
#2684=CARTESIAN_POINT('',(-75.9484285754389,1.35661145028078,14.5));
#2685=CARTESIAN_POINT('',(-75.9484285754389,1.35661145028078,2.5));
#2686=CARTESIAN_POINT('',(-74.9484285754389,2.35661145028078,14.5));
#2687=CARTESIAN_POINT('Origin',(-75.9484285754389,2.35661145028078,14.5));
#2688=CARTESIAN_POINT('',(-74.9484285754389,2.35661145028078,2.5));
#2689=CARTESIAN_POINT('Origin',(-74.9484285754389,1.35661145028078,2.5));
#2690=CARTESIAN_POINT('',(-74.9484285754389,1.35661145028078,14.5));
#2691=CARTESIAN_POINT('Origin',(-75.9484285754389,23.3566117930075,2.5));
#2692=CARTESIAN_POINT('',(-74.9484285754389,23.3566117930075,14.5));
#2693=CARTESIAN_POINT('',(-74.9484285754389,23.3566117930075,2.5));
#2694=CARTESIAN_POINT('',(-75.9484285754389,24.3566117930075,14.5));
#2695=CARTESIAN_POINT('Origin',(-75.9484285754389,23.3566117930075,14.5));
#2696=CARTESIAN_POINT('',(-75.9484285754389,24.3566117930075,2.5));
#2697=CARTESIAN_POINT('Origin',(-74.9484285754389,24.3566117930075,2.5));
#2698=CARTESIAN_POINT('',(-74.9484285754389,24.3566117930075,14.5));
#2699=CARTESIAN_POINT('Origin',(-73.4484285679883,0.356611435379615,2.5));
#2700=CARTESIAN_POINT('',(-73.4484285679883,0.356611435379615,14.5));
#2701=CARTESIAN_POINT('Origin',(-90.0484287989563,-3.14338861677445,2.5));
#2702=CARTESIAN_POINT('',(-90.0484287989563,-3.14338861677445,14.5));
#2703=CARTESIAN_POINT('Origin',(-90.0484287989563,24.3566117930075,2.5));
#2704=CARTESIAN_POINT('',(-90.0484287989563,24.3566117930075,14.5));
#2705=CARTESIAN_POINT('Origin',(-84.7771905932425,28.8566118600627,2.5));
#2706=CARTESIAN_POINT('',(-84.7771905932425,28.8566118600627,14.5));
#2707=CARTESIAN_POINT('Origin',(-81.7484286834723,12.8566116216441,14.5));
#2708=CARTESIAN_POINT('Origin',(-90.0484285754389,-0.986361946290186,8.99023625210286));
#2709=CARTESIAN_POINT('',(-5.33374521581221,-0.61843824169542,9.98747023212843));
#2710=CARTESIAN_POINT('',(-5.33374521581221,-0.61843824169542,7.9930022720773));
#2711=CARTESIAN_POINT('Origin',(-5.33374521581221,-0.986361946290186,8.99023625210286));
#2712=CARTESIAN_POINT('',(-5.61475215012795,0.0765790037725933,8.99023625210286));
#2713=CARTESIAN_POINT('Ctrl Pts',(-5.61475215012794,0.0765790037725933,
8.99023625210286));
#2714=CARTESIAN_POINT('Ctrl Pts',(-5.61475215012794,0.0765790037725933,
9.08438696728094));
#2715=CARTESIAN_POINT('Ctrl Pts',(-5.60126925113956,0.0632763071179388,
9.18464160784636));
#2716=CARTESIAN_POINT('Ctrl Pts',(-5.55485479369135,0.00972187711932325,
9.37409989752236));
#2717=CARTESIAN_POINT('Ctrl Pts',(-5.52300699221453,-0.0304547428670743,
9.46358861880464));
#2718=CARTESIAN_POINT('Ctrl Pts',(-5.46234527663235,-0.124564377134943,
9.61930584667478));
#2719=CARTESIAN_POINT('Ctrl Pts',(-5.42793162095971,-0.18740214134174,9.69859164574346));
#2720=CARTESIAN_POINT('Ctrl Pts',(-5.37131104151459,-0.335576399016875,
9.83674814122083));
#2721=CARTESIAN_POINT('Ctrl Pts',(-5.34953652947793,-0.421071160573217,
9.89562592471474));
#2722=CARTESIAN_POINT('Ctrl Pts',(-5.33599641207655,-0.542736259053643,
9.95696671767054));
#2723=CARTESIAN_POINT('Ctrl Pts',(-5.33374521581221,-0.579890529312442,
9.97324827677224));
#2724=CARTESIAN_POINT('Ctrl Pts',(-5.33374521581221,-0.61843824169542,9.98747023212843));
#2725=CARTESIAN_POINT('',(-0.0625070100983827,0.0765790037725933,8.99023625210286));
#2726=CARTESIAN_POINT('',(-90.0484285754389,0.0765790037725933,8.99023625210286));
#2727=CARTESIAN_POINT('Origin',(-0.0625070100983827,-0.986361946290186,
8.99023625210286));
#2728=CARTESIAN_POINT('Ctrl Pts',(-5.33374521581221,-0.61843824169542,7.9930022720773));
#2729=CARTESIAN_POINT('Ctrl Pts',(-5.33374521581221,-0.579890529312443,
8.00722422743349));
#2730=CARTESIAN_POINT('Ctrl Pts',(-5.33599641207655,-0.542736259053643,
8.02350578653518));
#2731=CARTESIAN_POINT('Ctrl Pts',(-5.34953652947793,-0.421071160573217,
8.08484657949098));
#2732=CARTESIAN_POINT('Ctrl Pts',(-5.37131104151459,-0.335576399016876,
8.14372436298489));
#2733=CARTESIAN_POINT('Ctrl Pts',(-5.42793162095971,-0.18740214134174,8.28188085846226));
#2734=CARTESIAN_POINT('Ctrl Pts',(-5.46234527663235,-0.124564377134942,
8.36116665753094));
#2735=CARTESIAN_POINT('Ctrl Pts',(-5.52300699221453,-0.0304547428670741,
8.51688388540108));
#2736=CARTESIAN_POINT('Ctrl Pts',(-5.55485479369135,0.00972187711932249,
8.60637260668336));
#2737=CARTESIAN_POINT('Ctrl Pts',(-5.60126925113956,0.0632763071179388,
8.79583089635936));
#2738=CARTESIAN_POINT('Ctrl Pts',(-5.61475215012794,0.0765790037725933,
8.89608553692478));
#2739=CARTESIAN_POINT('Ctrl Pts',(-5.61475215012794,0.0765790037725933,
8.99023625210286));
#2740=CARTESIAN_POINT('Origin',(-90.0484285754389,26.6136380537098,8.99023625210286));
#2741=CARTESIAN_POINT('',(-5.16250702499955,26.3815621308336,10.0275328487142));
#2742=CARTESIAN_POINT('',(-5.16250702499955,26.3815621308336,7.9529396554915));
#2743=CARTESIAN_POINT('Ctrl Pts',(-5.16250702499954,26.3815621308336,10.0275328487142));
#2744=CARTESIAN_POINT('Ctrl Pts',(-5.16250702499954,26.3243498039262,10.0147326490314));
#2745=CARTESIAN_POINT('Ctrl Pts',(-5.16751413656203,26.2689192759244,9.99724292782928));
#2746=CARTESIAN_POINT('Ctrl Pts',(-5.19280470789222,26.116696028116,9.93613799839006));
#2747=CARTESIAN_POINT('Ctrl Pts',(-5.22598676087504,26.0183798052856,9.87773302623475));
#2748=CARTESIAN_POINT('Ctrl Pts',(-5.31082998989157,25.8490043048769,9.73677362971859));
#2749=CARTESIAN_POINT('Ctrl Pts',(-5.36214770031075,25.7777217971923,9.65428100956814));
#2750=CARTESIAN_POINT('Ctrl Pts',(-5.45449963096932,25.6720689856462,9.4923596730698));
#2751=CARTESIAN_POINT('Ctrl Pts',(-5.50408334612686,25.6273283197743,9.39989307521946));
#2752=CARTESIAN_POINT('Ctrl Pts',(-5.58080120958138,25.566694658547,9.20126901831068));
#2753=CARTESIAN_POINT('Ctrl Pts',(-5.60603303046048,25.550697103647,9.09441389181606));
#2754=CARTESIAN_POINT('Ctrl Pts',(-5.60603303046048,25.550697103647,8.88605861238967));
#2755=CARTESIAN_POINT('Ctrl Pts',(-5.58080120958138,25.566694658547,8.77920348589504));
#2756=CARTESIAN_POINT('Ctrl Pts',(-5.50408334612686,25.6273283197743,8.58057942898626));
#2757=CARTESIAN_POINT('Ctrl Pts',(-5.45449963096932,25.6720689856462,8.48811283113592));
#2758=CARTESIAN_POINT('Ctrl Pts',(-5.36214770031075,25.7777217971923,8.32619149463759));
#2759=CARTESIAN_POINT('Ctrl Pts',(-5.31082998989158,25.8490043048769,8.24369887448713));
#2760=CARTESIAN_POINT('Ctrl Pts',(-5.22598676087505,26.0183798052856,8.10273947797098));
#2761=CARTESIAN_POINT('Ctrl Pts',(-5.19280470789222,26.116696028116,8.04433450581566));
#2762=CARTESIAN_POINT('Ctrl Pts',(-5.16751413656202,26.2689192759244,7.98322957637644));
#2763=CARTESIAN_POINT('Ctrl Pts',(-5.16250702499954,26.3243498039262,7.96573985517432));
#2764=CARTESIAN_POINT('Ctrl Pts',(-5.16250702499954,26.3815621308336,7.9529396554915));
#2765=CARTESIAN_POINT('',(-5.16250702499955,27.6765790037726,8.99023625210286));
#2766=CARTESIAN_POINT('Origin',(-5.16250702499955,26.6136380537098,8.99023625210286));
#2767=CARTESIAN_POINT('',(-0.0625070100983827,27.6765790037726,8.99023625210286));
#2768=CARTESIAN_POINT('',(-90.0484285754389,27.6765790037726,8.99023625210286));
#2769=CARTESIAN_POINT('Origin',(-0.0625070100983827,26.6136380537098,8.99023625210286));
#2770=CARTESIAN_POINT('Origin',(-5.16250702499955,26.6136380537098,8.99023625210286));
#2771=CARTESIAN_POINT('Origin',(-6.33374521581221,-0.61843824169542,2.5));
#2772=CARTESIAN_POINT('',(-5.33374521581221,-0.61843824169542,14.5));
#2773=CARTESIAN_POINT('',(-5.33374521581221,-0.61843824169542,2.5));
#2774=CARTESIAN_POINT('',(-6.33374521581221,0.381561758304576,14.5));
#2775=CARTESIAN_POINT('Origin',(-6.33374521581221,-0.61843824169542,14.5));
#2776=CARTESIAN_POINT('',(-6.33374521581221,0.381561758304576,2.5));
#2777=CARTESIAN_POINT('',(-6.33374521581221,0.381561758304576,2.5));
#2778=CARTESIAN_POINT('',(-5.33374521581221,-0.61843824169542,2.5));
#2779=CARTESIAN_POINT('Origin',(-6.33374521581221,-0.61843824169542,2.5));
#2780=CARTESIAN_POINT('',(-5.33374521581221,-0.61843824169542,2.5));
#2781=CARTESIAN_POINT('Origin',(-5.16250702499955,28.8815621829877,2.5));
#2782=CARTESIAN_POINT('',(-5.16250702499955,26.3815621308336,14.5));
#2783=CARTESIAN_POINT('',(-5.16250702499955,26.3815621308336,2.5));
#2784=CARTESIAN_POINT('',(-5.16250702499955,27.8815621829877,14.5));
#2785=CARTESIAN_POINT('',(-5.16250702499955,28.8815621829877,14.5));
#2786=CARTESIAN_POINT('',(-5.16250702499955,27.8815621829877,2.5));
#2787=CARTESIAN_POINT('',(-5.16250702499955,27.8815621829877,2.5));
#2788=CARTESIAN_POINT('',(-5.16250702499955,26.3815621308336,2.5));
#2789=CARTESIAN_POINT('',(-5.16250702499955,28.8815621829877,2.5));
#2790=CARTESIAN_POINT('',(-5.16250702499955,26.3815621308336,2.5));
#2791=CARTESIAN_POINT('Origin',(-4.33374521581221,-2.11843829384949,2.5));
#2792=CARTESIAN_POINT('',(-4.33374521581221,-3.11843829384949,14.5));
#2793=CARTESIAN_POINT('',(-5.33374521581221,-2.11843829384949,14.5));
#2794=CARTESIAN_POINT('Origin',(-4.33374521581221,-2.11843829384949,14.5));
#2795=CARTESIAN_POINT('',(-5.33374521581221,-2.11843829384949,2.5));
#2796=CARTESIAN_POINT('',(-5.33374521581221,-2.11843829384949,2.5));
#2797=CARTESIAN_POINT('',(-4.33374521581221,-3.11843829384949,2.5));
#2798=CARTESIAN_POINT('Origin',(-4.33374521581221,-2.11843829384949,2.5));
#2799=CARTESIAN_POINT('',(-4.33374521581221,-3.11843829384949,2.5));
#2800=CARTESIAN_POINT('Origin',(-8.36250712558238,12.8815619445691,2.5));
#2801=CARTESIAN_POINT('',(-5.33374521581221,0.381561758304576,2.5));
#2802=CARTESIAN_POINT('',(-15.6625072410664,0.381561758304581,2.5));
#2803=CARTESIAN_POINT('',(-16.6625072410664,0.381561758304581,2.5));
#2804=CARTESIAN_POINT('',(-16.6625072410664,1.38156175830459,2.5));
#2805=CARTESIAN_POINT('Origin',(-15.6625072410664,1.38156175830458,2.5));
#2806=CARTESIAN_POINT('',(-16.6625072410664,24.3815621308336,2.5));
#2807=CARTESIAN_POINT('',(-16.6625072410664,25.3815621308336,2.5));
#2808=CARTESIAN_POINT('',(-15.6625072410664,25.3815621308336,2.5));
#2809=CARTESIAN_POINT('Origin',(-15.6625072410664,24.3815621308336,2.5));
#2810=CARTESIAN_POINT('',(-6.16250702499954,25.3815621308336,2.5));
#2811=CARTESIAN_POINT('',(-5.16250702499955,25.3815621308336,2.5));
#2812=CARTESIAN_POINT('Origin',(-6.16250702499954,26.3815621308336,2.5));
#2813=CARTESIAN_POINT('',(-4.16250702499955,28.8815621829877,2.5));
#2814=CARTESIAN_POINT('Origin',(-4.16250702499955,27.8815621829877,2.5));
#2815=CARTESIAN_POINT('',(-1.06250701009838,28.8815621829877,2.5));
#2816=CARTESIAN_POINT('',(-0.0625070100983827,28.8815621829877,2.5));
#2817=CARTESIAN_POINT('',(-0.0625070100983827,27.8815621829877,2.5));
#2818=CARTESIAN_POINT('Origin',(-1.06250701009838,27.8815621829877,2.5));
#2819=CARTESIAN_POINT('',(-0.0625070100983827,25.3815621159325,2.5));
#2820=CARTESIAN_POINT('',(-0.0625070100983827,24.3815621159325,2.5));
#2821=CARTESIAN_POINT('',(-1.06250701009838,24.3815621159325,2.5));
#2822=CARTESIAN_POINT('Origin',(-1.06250701009838,25.3815621159325,2.5));
#2823=CARTESIAN_POINT('',(-14.1625072336158,24.3815621159324,2.5));
#2824=CARTESIAN_POINT('',(-15.1625072336158,24.3815621159324,2.5));
#2825=CARTESIAN_POINT('',(-15.1625072336158,23.3815621159324,2.5));
#2826=CARTESIAN_POINT('Origin',(-14.1625072336158,23.3815621159324,2.5));
#2827=CARTESIAN_POINT('',(-15.1625072336158,2.38156177320573,2.5));
#2828=CARTESIAN_POINT('',(-15.1625072336158,1.38156177320573,2.5));
#2829=CARTESIAN_POINT('',(-14.1625072336158,1.38156177320573,2.5));
#2830=CARTESIAN_POINT('Origin',(-14.1625072336158,2.38156177320573,2.5));
#2831=CARTESIAN_POINT('',(-1.06250701009838,1.38156177320573,2.5));
#2832=CARTESIAN_POINT('',(-0.0625070100983827,1.38156177320573,2.5));
#2833=CARTESIAN_POINT('',(-0.0625070100983827,0.381561773205732,2.5));
#2834=CARTESIAN_POINT('Origin',(-1.06250701009838,0.381561773205732,2.5));
#2835=CARTESIAN_POINT('',(-0.0625070100983827,-2.11843829384949,2.5));
#2836=CARTESIAN_POINT('',(-0.0625070100983827,-3.11843829384949,2.5));
#2837=CARTESIAN_POINT('',(-1.06250701009838,-3.11843829384949,2.5));
#2838=CARTESIAN_POINT('Origin',(-1.06250701009838,-2.11843829384949,2.5));
#2839=CARTESIAN_POINT('',(-5.33374521581221,-3.11843829384949,2.5));
#2840=CARTESIAN_POINT('Origin',(-5.33374521581221,0.381561758304576,2.5));
#2841=CARTESIAN_POINT('',(-5.33374521581221,0.381561758304576,14.5));
#2842=CARTESIAN_POINT('Origin',(-15.6625072410664,1.38156175830458,2.5));
#2843=CARTESIAN_POINT('',(-15.6625072410664,0.381561758304581,14.5));
#2844=CARTESIAN_POINT('',(-16.6625072410664,1.38156175830459,14.5));
#2845=CARTESIAN_POINT('Origin',(-15.6625072410664,1.38156175830458,14.5));
#2846=CARTESIAN_POINT('',(-16.6625072410664,1.38156175830458,2.5));
#2847=CARTESIAN_POINT('',(-15.6625072410664,0.381561758304581,2.5));
#2848=CARTESIAN_POINT('Origin',(-16.6625072410664,0.381561758304581,2.5));
#2849=CARTESIAN_POINT('',(-16.6625072410664,0.381561758304581,14.5));
#2850=CARTESIAN_POINT('Origin',(-15.6625072410664,24.3815621308336,2.5));
#2851=CARTESIAN_POINT('',(-16.6625072410664,24.3815621308336,14.5));
#2852=CARTESIAN_POINT('',(-15.6625072410664,25.3815621308336,14.5));
#2853=CARTESIAN_POINT('Origin',(-15.6625072410664,24.3815621308336,14.5));
#2854=CARTESIAN_POINT('',(-15.6625072410664,25.3815621308336,2.5));
#2855=CARTESIAN_POINT('',(-16.6625072410664,24.3815621308336,2.5));
#2856=CARTESIAN_POINT('Origin',(-5.16250702499955,25.3815621308336,2.5));
#2857=CARTESIAN_POINT('',(-6.16250702499954,25.3815621308336,14.5));
#2858=CARTESIAN_POINT('',(-5.16250702499955,25.3815621308336,14.5));
#2859=CARTESIAN_POINT('',(-6.16250702499954,25.3815621308336,2.5));
#2860=CARTESIAN_POINT('Origin',(-6.16250702499954,26.3815621308336,2.5));
#2861=CARTESIAN_POINT('Origin',(-6.16250702499954,26.3815621308336,14.5));
#2862=CARTESIAN_POINT('Origin',(-4.16250702499955,27.8815621829877,2.5));
#2863=CARTESIAN_POINT('',(-4.16250702499955,28.8815621829877,14.5));
#2864=CARTESIAN_POINT('Origin',(-4.16250702499955,27.8815621829877,14.5));
#2865=CARTESIAN_POINT('',(-4.16250702499955,28.8815621829877,2.5));
#2866=CARTESIAN_POINT('Origin',(-1.06250701009838,-2.11843829384949,2.5));
#2867=CARTESIAN_POINT('',(-0.0625070100983827,-2.11843829384949,14.5));
#2868=CARTESIAN_POINT('',(-1.06250701009838,-3.11843829384949,14.5));
#2869=CARTESIAN_POINT('Origin',(-1.06250701009838,-2.11843829384949,14.5));
#2870=CARTESIAN_POINT('',(-1.06250701009838,-3.11843829384949,2.5));
#2871=CARTESIAN_POINT('',(-0.0625070100983827,-2.11843829384949,2.5));
#2872=CARTESIAN_POINT('Origin',(-0.0625070100983827,-3.11843829384949,2.5));
#2873=CARTESIAN_POINT('',(-0.0625070100983827,0.381561773205732,14.5));
#2874=CARTESIAN_POINT('',(-0.0625070100983827,0.381561773205732,2.5));
#2875=CARTESIAN_POINT('',(-0.0625070100983827,-3.11843829384949,14.5));
#2876=CARTESIAN_POINT('Origin',(-1.06250701009838,27.8815621829877,2.5));
#2877=CARTESIAN_POINT('',(-1.06250701009838,28.8815621829877,14.5));
#2878=CARTESIAN_POINT('',(-0.0625070100983827,27.8815621829877,14.5));
#2879=CARTESIAN_POINT('Origin',(-1.06250701009838,27.8815621829877,14.5));
#2880=CARTESIAN_POINT('',(-0.0625070100983827,27.8815621829877,2.5));
#2881=CARTESIAN_POINT('',(-1.06250701009838,28.8815621829877,2.5));
#2882=CARTESIAN_POINT('Origin',(-0.0625070100983827,24.3815621159325,2.5));
#2883=CARTESIAN_POINT('',(-0.0625070100983827,25.3815621159325,14.5));
#2884=CARTESIAN_POINT('',(-0.0625070100983827,24.3815621159325,14.5));
#2885=CARTESIAN_POINT('',(-0.0625070100983827,25.3815621159325,2.5));
#2886=CARTESIAN_POINT('Origin',(-1.06250701009838,25.3815621159325,2.5));
#2887=CARTESIAN_POINT('',(-1.06250701009838,24.3815621159325,14.5));
#2888=CARTESIAN_POINT('Origin',(-1.06250701009838,25.3815621159325,14.5));
#2889=CARTESIAN_POINT('',(-1.06250701009838,24.3815621159325,2.5));
#2890=CARTESIAN_POINT('Origin',(-1.06250701009838,0.381561773205732,2.5));
#2891=CARTESIAN_POINT('',(-1.06250701009838,1.38156177320573,14.5));
#2892=CARTESIAN_POINT('Origin',(-1.06250701009838,0.381561773205732,14.5));
#2893=CARTESIAN_POINT('',(-1.06250701009838,1.38156177320573,2.5));
#2894=CARTESIAN_POINT('Origin',(-14.1625072336158,23.3815621159324,2.5));
#2895=CARTESIAN_POINT('',(-14.1625072336158,24.3815621159324,14.5));
#2896=CARTESIAN_POINT('',(-14.1625072336158,24.3815621159324,2.5));
#2897=CARTESIAN_POINT('',(-15.1625072336158,23.3815621159324,14.5));
#2898=CARTESIAN_POINT('Origin',(-14.1625072336158,23.3815621159324,14.5));
#2899=CARTESIAN_POINT('',(-15.1625072336158,23.3815621159324,2.5));
#2900=CARTESIAN_POINT('Origin',(-15.1625072336158,24.3815621159324,2.5));
#2901=CARTESIAN_POINT('',(-15.1625072336158,24.3815621159324,14.5));
#2902=CARTESIAN_POINT('Origin',(-14.1625072336158,2.38156177320573,2.5));
#2903=CARTESIAN_POINT('',(-15.1625072336158,2.38156177320573,14.5));
#2904=CARTESIAN_POINT('',(-15.1625072336158,2.38156177320573,2.5));
#2905=CARTESIAN_POINT('',(-14.1625072336158,1.38156177320573,14.5));
#2906=CARTESIAN_POINT('Origin',(-14.1625072336158,2.38156177320573,14.5));
#2907=CARTESIAN_POINT('',(-14.1625072336158,1.38156177320573,2.5));
#2908=CARTESIAN_POINT('Origin',(-15.1625072336158,1.38156177320573,2.5));
#2909=CARTESIAN_POINT('',(-15.1625072336158,1.38156177320573,14.5));
#2910=CARTESIAN_POINT('Origin',(-16.6625072410664,25.3815621308336,2.5));
#2911=CARTESIAN_POINT('',(-16.6625072410664,25.3815621308336,14.5));
#2912=CARTESIAN_POINT('Origin',(-0.0625070100983827,28.8815621829877,2.5));
#2913=CARTESIAN_POINT('',(-0.0625070100983827,28.8815621829877,14.5));
#2914=CARTESIAN_POINT('Origin',(-0.0625070100983827,1.38156177320573,2.5));
#2915=CARTESIAN_POINT('',(-0.0625070100983827,1.38156177320573,14.5));
#2916=CARTESIAN_POINT('Origin',(-5.33374521581221,-3.11843829384949,2.5));
#2917=CARTESIAN_POINT('',(-5.33374521581221,-3.11843829384949,14.5));
#2918=CARTESIAN_POINT('Origin',(-8.36250712558238,12.8815619445691,14.5));
#2919=CARTESIAN_POINT('Origin',(-45.0484274578517,12.856611517336,2.5));
#2920=CARTESIAN_POINT('',(-52.0972764035608,12.856611517336,2.5));
#2921=CARTESIAN_POINT('Origin',(-45.0484274578517,12.856611517336,2.5));
#2922=CARTESIAN_POINT('Origin',(-45.0484274578517,12.856611517336,-0.410997468263393));
#2923=CARTESIAN_POINT('',(-51.2639430702275,12.856611517336,7.5));
#2924=CARTESIAN_POINT('',(-52.5824426482714,12.856611517336,-0.410997468263393));
#2925=CARTESIAN_POINT('Origin',(-45.0484274578517,12.856611517336,7.5));
#2926=CARTESIAN_POINT('Origin',(-45.0484274578517,12.856611517336,7.5));
#2927=CARTESIAN_POINT('',(-53.7984274578517,12.856611517336,7.5));
#2928=CARTESIAN_POINT('Origin',(-45.0484274578517,12.856611517336,7.5));
#2929=CARTESIAN_POINT('Origin',(-45.0484274578517,12.856611517336,0.));
#2930=CARTESIAN_POINT('',(-55.0484274578517,12.856611517336,0.));
#2931=CARTESIAN_POINT('Origin',(-45.0484274578517,12.856611517336,0.));
#2932=CARTESIAN_POINT('Origin',(-45.0484274578517,12.856611517336,0.));
#2933=CARTESIAN_POINT('',(-55.0484274578517,12.856611517336,0.));
#2934=CARTESIAN_POINT('Origin',(-89.0000013411045,6.00000007450581,0.));
#2935=CARTESIAN_POINT('',(-90.0000013411045,6.00000007450581,-10.));
#2936=CARTESIAN_POINT('',(-89.0000013411045,5.00000007450581,-10.));
#2937=CARTESIAN_POINT('Origin',(-89.0000013411045,6.00000007450581,-10.));
#2938=CARTESIAN_POINT('',(-89.0000013411045,5.00000007450581,0.));
#2939=CARTESIAN_POINT('',(-89.0000013411045,5.00000007450581,0.));
#2940=CARTESIAN_POINT('',(-90.0000013411045,6.00000007450581,0.));
#2941=CARTESIAN_POINT('Origin',(-89.0000013411045,6.00000007450581,0.));
#2942=CARTESIAN_POINT('',(-90.0000013411045,6.00000007450581,0.));
#2943=CARTESIAN_POINT('Origin',(-90.0000013411045,5.00000007450581,0.));
#2944=CARTESIAN_POINT('',(-90.0000013411045,20.0000000745058,0.));
#2945=CARTESIAN_POINT('',(-90.0000013411045,21.0000000745058,0.));
#2946=CARTESIAN_POINT('',(-90.0000013411045,20.0000000745058,-10.));
#2947=CARTESIAN_POINT('',(-90.0000013411045,20.0000000745058,0.));
#2948=CARTESIAN_POINT('',(-90.0000013411045,21.0000000745058,-10.));
#2949=CARTESIAN_POINT('Origin',(-85.0000012665987,13.0000000745058,0.));
#2950=CARTESIAN_POINT('',(-81.0000011920929,5.00000007450581,0.));
#2951=CARTESIAN_POINT('',(-90.0000013411045,5.00000007450581,0.));
#2952=CARTESIAN_POINT('',(-80.0000011920929,6.00000007450581,0.));
#2953=CARTESIAN_POINT('Origin',(-81.0000011920929,6.0000000745058,0.));
#2954=CARTESIAN_POINT('',(-80.0000011920929,20.0000000745058,0.));
#2955=CARTESIAN_POINT('',(-80.0000011920929,6.00000007450581,0.));
#2956=CARTESIAN_POINT('',(-81.0000011920929,21.0000000745058,0.));
#2957=CARTESIAN_POINT('Origin',(-81.0000011920929,20.0000000745058,0.));
#2958=CARTESIAN_POINT('',(-89.0000013411045,21.0000000745058,0.));
#2959=CARTESIAN_POINT('',(-81.0000011920929,21.0000000745058,0.));
#2960=CARTESIAN_POINT('Origin',(-89.0000013411045,20.0000000745058,0.));
#2961=CARTESIAN_POINT('Origin',(-89.0000013411045,20.0000000745058,0.));
#2962=CARTESIAN_POINT('',(-89.0000013411045,21.0000000745058,-10.));
#2963=CARTESIAN_POINT('Origin',(-89.0000013411045,20.0000000745058,-10.));
#2964=CARTESIAN_POINT('',(-89.0000013411045,21.0000000745058,0.));
#2965=CARTESIAN_POINT('Origin',(-90.0000013411045,21.0000000745058,0.));
#2966=CARTESIAN_POINT('',(-81.0000011920929,21.0000000745058,-10.));
#2967=CARTESIAN_POINT('',(-81.0000011920929,21.0000000745058,0.));
#2968=CARTESIAN_POINT('',(-81.0000011920929,21.0000000745058,-10.));
#2969=CARTESIAN_POINT('Origin',(-81.0000011920929,5.00000007450581,0.));
#2970=CARTESIAN_POINT('',(-81.0000011920929,5.00000007450581,-10.));
#2971=CARTESIAN_POINT('',(-90.0000013411045,5.00000007450581,-10.));
#2972=CARTESIAN_POINT('',(-81.0000011920929,5.00000007450581,0.));
#2973=CARTESIAN_POINT('Origin',(-81.0000011920929,6.0000000745058,0.));
#2974=CARTESIAN_POINT('',(-80.0000011920929,6.00000007450581,-10.));
#2975=CARTESIAN_POINT('Origin',(-81.0000011920929,6.0000000745058,-10.));
#2976=CARTESIAN_POINT('',(-80.0000011920929,6.00000007450581,0.));
#2977=CARTESIAN_POINT('Origin',(-80.0000011920929,20.0000000745058,0.));
#2978=CARTESIAN_POINT('',(-80.0000011920929,20.0000000745058,-10.));
#2979=CARTESIAN_POINT('',(-80.0000011920929,6.00000007450581,-10.));
#2980=CARTESIAN_POINT('',(-80.0000011920929,20.0000000745058,0.));
#2981=CARTESIAN_POINT('Origin',(-81.0000011920929,20.0000000745058,0.));
#2982=CARTESIAN_POINT('Origin',(-81.0000011920929,20.0000000745058,-10.));
#2983=CARTESIAN_POINT('Origin',(-85.0000012665987,13.0000000745058,-10.));
#2984=CARTESIAN_POINT('Origin',(-1.,6.00000007450581,0.));
#2985=CARTESIAN_POINT('',(-1.,5.00000007450581,-10.));
#2986=CARTESIAN_POINT('',(0.,6.00000007450581,-10.));
#2987=CARTESIAN_POINT('Origin',(-1.,6.00000007450581,-10.));
#2988=CARTESIAN_POINT('',(0.,6.00000007450581,0.));
#2989=CARTESIAN_POINT('',(0.,6.00000007450581,0.));
#2990=CARTESIAN_POINT('',(-1.,5.00000007450581,0.));
#2991=CARTESIAN_POINT('Origin',(-1.,6.00000007450581,0.));
#2992=CARTESIAN_POINT('',(-1.,5.00000007450581,0.));
#2993=CARTESIAN_POINT('Origin',(0.,5.00000007450581,0.));
#2994=CARTESIAN_POINT('',(-9.00000014901161,5.00000007450581,0.));
#2995=CARTESIAN_POINT('',(0.,5.00000007450581,0.));
#2996=CARTESIAN_POINT('',(-9.00000014901161,5.00000007450581,-10.));
#2997=CARTESIAN_POINT('',(-9.00000014901161,5.00000007450581,0.));
#2998=CARTESIAN_POINT('',(0.,5.00000007450581,-10.));
#2999=CARTESIAN_POINT('Origin',(-5.00000007450581,13.0000000745058,0.));
#3000=CARTESIAN_POINT('',(0.,20.0000000745058,0.));
#3001=CARTESIAN_POINT('',(0.,21.0000000745058,0.));
#3002=CARTESIAN_POINT('',(-1.,21.0000000745058,0.));
#3003=CARTESIAN_POINT('Origin',(-1.,20.0000000745058,0.));
#3004=CARTESIAN_POINT('',(-9.00000014901161,21.0000000745058,0.));
#3005=CARTESIAN_POINT('',(-9.00000014901161,21.0000000745058,0.));
#3006=CARTESIAN_POINT('',(-10.0000001490116,20.0000000745058,0.));
#3007=CARTESIAN_POINT('Origin',(-9.00000014901161,20.0000000745058,0.));
#3008=CARTESIAN_POINT('',(-10.0000001490116,6.00000007450581,0.));
#3009=CARTESIAN_POINT('',(-10.0000001490116,6.00000007450581,0.));
#3010=CARTESIAN_POINT('Origin',(-9.00000014901161,6.00000007450581,0.));
#3011=CARTESIAN_POINT('Origin',(-1.,20.0000000745058,0.));
#3012=CARTESIAN_POINT('',(0.,20.0000000745058,-10.));
#3013=CARTESIAN_POINT('',(-1.,21.0000000745058,-10.));
#3014=CARTESIAN_POINT('Origin',(-1.,20.0000000745058,-10.));
#3015=CARTESIAN_POINT('',(-1.,21.0000000745058,0.));
#3016=CARTESIAN_POINT('',(0.,20.0000000745058,0.));
#3017=CARTESIAN_POINT('Origin',(-9.00000014901161,21.0000000745058,0.));
#3018=CARTESIAN_POINT('',(-9.00000014901161,21.0000000745058,-10.));
#3019=CARTESIAN_POINT('',(-9.00000014901161,21.0000000745058,-10.));
#3020=CARTESIAN_POINT('',(-9.00000014901161,21.0000000745058,0.));
#3021=CARTESIAN_POINT('Origin',(-9.00000014901161,20.0000000745058,0.));
#3022=CARTESIAN_POINT('',(-10.0000001490116,20.0000000745058,-10.));
#3023=CARTESIAN_POINT('Origin',(-9.00000014901161,20.0000000745058,-10.));
#3024=CARTESIAN_POINT('',(-10.0000001490116,20.0000000745058,0.));
#3025=CARTESIAN_POINT('Origin',(-10.0000001490116,6.00000007450581,0.));
#3026=CARTESIAN_POINT('',(-10.0000001490116,6.00000007450581,-10.));
#3027=CARTESIAN_POINT('',(-10.0000001490116,6.00000007450581,-10.));
#3028=CARTESIAN_POINT('',(-10.0000001490116,6.00000007450581,0.));
#3029=CARTESIAN_POINT('Origin',(-9.00000014901161,6.00000007450581,0.));
#3030=CARTESIAN_POINT('Origin',(-9.00000014901161,6.00000007450581,-10.));
#3031=CARTESIAN_POINT('Origin',(0.,21.0000000745058,0.));
#3032=CARTESIAN_POINT('',(0.,21.0000000745058,-10.));
#3033=CARTESIAN_POINT('Origin',(-5.00000007450581,13.0000000745058,-10.));
#3034=UNCERTAINTY_MEASURE_WITH_UNIT(LENGTH_MEASURE(0.01),#3038,
'DISTANCE_ACCURACY_VALUE',
'Maximum model space distance between geometric entities at asserted c
onnectivities');
#3035=UNCERTAINTY_MEASURE_WITH_UNIT(LENGTH_MEASURE(0.01),#3038,
'DISTANCE_ACCURACY_VALUE',
'Maximum model space distance between geometric entities at asserted c
onnectivities');
#3036=(
GEOMETRIC_REPRESENTATION_CONTEXT(3)
GLOBAL_UNCERTAINTY_ASSIGNED_CONTEXT((#3034))
GLOBAL_UNIT_ASSIGNED_CONTEXT((#3038,#3040,#3041))
REPRESENTATION_CONTEXT('','3D')
);
#3037=(
GEOMETRIC_REPRESENTATION_CONTEXT(3)
GLOBAL_UNCERTAINTY_ASSIGNED_CONTEXT((#3035))
GLOBAL_UNIT_ASSIGNED_CONTEXT((#3038,#3040,#3041))
REPRESENTATION_CONTEXT('','3D')
);
#3038=(
LENGTH_UNIT()
NAMED_UNIT(*)
SI_UNIT(.MILLI.,.METRE.)
);
#3039=(
LENGTH_UNIT()
NAMED_UNIT(*)
SI_UNIT($,.METRE.)
);
#3040=(
NAMED_UNIT(*)
PLANE_ANGLE_UNIT()
SI_UNIT($,.RADIAN.)
);
#3041=(
NAMED_UNIT(*)
SI_UNIT($,.STERADIAN.)
SOLID_ANGLE_UNIT()
);
#3042=SHAPE_DEFINITION_REPRESENTATION(#3043,#3044);
#3043=PRODUCT_DEFINITION_SHAPE('',$,#3046);
#3044=SHAPE_REPRESENTATION('',(#1742),#3036);
#3045=PRODUCT_DEFINITION_CONTEXT('part definition',#3050,'design');
#3046=PRODUCT_DEFINITION('2026-08-20-22-19-28-924','Servo_holder',#3047,
#3045);
#3047=PRODUCT_DEFINITION_FORMATION('',$,#3052);
#3048=PRODUCT_RELATED_PRODUCT_CATEGORY('Servo_holder','Servo_holder',(#3052));
#3049=APPLICATION_PROTOCOL_DEFINITION('international standard',
'automotive_design',2009,#3050);
#3050=APPLICATION_CONTEXT(
'Core Data for Automotive Mechanical Design Process');
#3051=PRODUCT_CONTEXT('part definition',#3050,'mechanical');
#3052=PRODUCT('2026-08-20-22-19-28-924','Servo_holder',$,(#3051));
#3053=PRESENTATION_STYLE_ASSIGNMENT((#3054));
#3054=SURFACE_STYLE_USAGE(.BOTH.,#3055);
#3055=SURFACE_SIDE_STYLE('',(#3056));
#3056=SURFACE_STYLE_FILL_AREA(#3057);
#3057=FILL_AREA_STYLE('Steel - Satin',(#3058));
#3058=FILL_AREA_STYLE_COLOUR('Steel - Satin',#3059);
#3059=COLOUR_RGB('Steel - Satin',0.627450980392157,0.627450980392157,0.627450980392157);
ENDSEC;
END-ISO-10303-21;
